timestamp_utc,entry_id,temperature_c,humidity_pct,pressure_hpa,pm1_0,pm2_5,pm10,oxidising_index,reducing_index,co_index,no2_index,timestamp_sast
2026-07-16 13:31:40+00:00,27.0,27.7228277650609,12.7233576740794,874.736260525648,5.0,7.0,9.0,79.0877192982456,,,79.0877192982456,2026-07-16 15:31:40+02:00
2026-07-16 13:32:02+00:00,28.0,27.1000862552816,13.5544381125703,874.748356038491,3.0,5.0,6.0,77.6225596529284,,,77.6225596529284,2026-07-16 15:32:02+02:00
2026-07-16 13:32:24+00:00,29.0,27.1804782567279,14.1635441954532,874.722440237626,5.0,7.0,7.0,72.3333333333333,,,72.3333333333333,2026-07-16 15:32:24+02:00
2026-07-16 13:32:45+00:00,30.0,27.2856460655649,13.1047039791269,874.70606605659,3.0,6.0,6.0,78.2047930283225,,,78.2047930283225,2026-07-16 15:32:45+02:00
2026-07-16 13:33:07+00:00,31.0,28.686615855133,12.9910351275311,874.724475076428,4.0,7.0,8.0,78.4978165938865,,,78.4978165938865,2026-07-16 15:33:07+02:00
2026-07-16 13:33:29+00:00,32.0,29.2091525193283,12.9705689602574,874.743147442035,4.0,6.0,7.0,80.5853658536586,,,80.5853658536586,2026-07-16 15:33:29+02:00
2026-07-16 13:33:51+00:00,33.0,30.608456101754,12.2686458161435,874.742242729352,4.0,7.0,10.0,83.6825396825397,,,83.6825396825397,2026-07-16 15:33:51+02:00
2026-07-16 13:34:13+00:00,34.0,30.7100394006598,12.2107909063378,874.737703011645,2.0,4.0,4.0,86.2632794457275,,,86.2632794457275,2026-07-16 15:34:13+02:00
2026-07-16 13:34:34+00:00,35.0,30.6836645239358,12.4227693425555,874.689674278442,5.0,6.0,6.0,88.2622950819672,,,88.2622950819672,2026-07-16 15:34:34+02:00
2026-07-16 13:34:56+00:00,36.0,30.5412625821781,12.5571715258444,874.707265359215,2.0,5.0,6.0,89.9715639810426,,,89.9715639810426,2026-07-16 15:34:56+02:00
2026-07-16 13:35:17+00:00,37.0,29.7313920967115,12.9666365278035,874.720493075621,3.0,4.0,4.0,89.2830188679246,,,89.2830188679246,2026-07-16 15:35:17+02:00
2026-07-16 13:35:40+00:00,38.0,29.1418064728655,13.0836525344233,874.723310876395,3.0,6.0,7.0,90.3182897862233,,,90.3182897862233,2026-07-16 15:35:40+02:00
2026-07-16 13:36:01+00:00,39.0,28.0215893594266,13.2843944289576,874.729970090162,4.0,6.0,8.0,91.3684210526316,,,91.3684210526316,2026-07-16 15:36:01+02:00
2026-07-16 13:36:23+00:00,40.0,28.3169708010866,13.1364062501642,874.746469571314,4.0,7.0,8.0,93.5145631067961,,,93.5145631067961,2026-07-16 15:36:23+02:00
2026-07-16 13:36:45+00:00,41.0,27.7157299487053,13.2244289677181,874.71125358054,4.0,7.0,10.0,94.6112469437653,,,94.6112469437653,2026-07-16 15:36:45+02:00
2026-07-16 13:37:06+00:00,42.0,28.2436935294285,12.9269214055285,874.698683850698,4.0,7.0,8.0,95.7241379310345,,,95.7241379310345,2026-07-16 15:37:06+02:00
2026-07-16 13:37:28+00:00,43.0,28.6411235229529,12.8824133028019,874.698850241732,3.0,5.0,5.0,94.6112469437653,,,94.6112469437653,2026-07-16 15:37:28+02:00
2026-07-16 13:37:49+00:00,44.0,28.9934523128682,13.0281609969282,874.667076273767,3.0,4.0,5.0,94.6112469437653,,,94.6112469437653,2026-07-16 15:37:49+02:00
2026-07-16 13:38:12+00:00,45.0,29.0859614250336,13.0590343493979,874.69046730248,5.0,7.0,8.0,96.0987654320988,,,96.0987654320988,2026-07-16 15:38:12+02:00
2026-07-16 13:38:34+00:00,46.0,30.0083444073679,12.9480384132458,874.672324584784,5.0,7.0,9.0,96.8535980148884,,,96.8535980148884,2026-07-16 15:38:34+02:00
2026-07-16 13:38:57+00:00,47.0,29.1727200643902,13.0333284803655,874.666524677176,4.0,6.0,6.0,97.2338308457711,,,97.2338308457711,2026-07-16 15:38:57+02:00
2026-07-16 13:39:18+00:00,48.0,28.9215005421742,13.0478443958402,874.712137332948,4.0,5.0,5.0,97.6159600997506,,,97.6159600997506,2026-07-16 15:39:18+02:00
2026-07-16 13:39:40+00:00,49.0,28.4529627520047,13.0497756121663,874.684889278018,4.0,7.0,8.0,98.0,,,98.0,2026-07-16 15:39:40+02:00
2026-07-16 13:40:01+00:00,50.0,27.8631980539062,13.3854392351188,874.676569082722,2.0,5.0,5.0,99.5555555555556,,,99.5555555555556,2026-07-16 15:40:01+02:00
2026-07-16 13:40:23+00:00,51.0,28.05318267666,12.7923353315173,874.705365241913,4.0,5.0,7.0,101.544757033248,,,101.544757033248,2026-07-16 15:40:23+02:00
2026-07-16 13:40:45+00:00,52.0,28.1669726327176,12.5442368109229,874.681240885966,3.0,6.0,9.0,101.948717948718,,,101.948717948718,2026-07-16 15:40:45+02:00
2026-07-16 13:41:06+00:00,53.0,28.1741352442163,12.4613964694876,874.691537901972,3.0,5.0,6.0,101.142857142857,,,101.142857142857,2026-07-16 15:41:06+02:00
2026-07-16 13:41:28+00:00,54.0,28.8087983194193,12.2158086435119,874.685957098956,3.0,6.0,6.0,102.354755784062,,,102.354755784062,2026-07-16 15:41:28+02:00
2026-07-16 13:41:49+00:00,55.0,29.2960903134821,11.9946838349619,874.713127744274,2.0,4.0,4.0,102.762886597938,,,102.762886597938,2026-07-16 15:41:49+02:00
2026-07-16 13:42:12+00:00,56.0,29.128001759798,12.1018964541156,874.707891142084,4.0,7.0,7.0,101.544757033248,,,101.544757033248,2026-07-16 15:42:12+02:00
2026-07-16 13:42:34+00:00,57.0,29.3926588741219,12.0514606408157,874.666683246497,3.0,6.0,6.0,101.948717948718,,,101.948717948718,2026-07-16 15:42:34+02:00
2026-07-16 13:42:55+00:00,58.0,29.0360660230133,12.3631615864712,874.702097865558,2.0,5.0,5.0,101.544757033248,,,101.544757033248,2026-07-16 15:42:55+02:00
2026-07-16 13:43:18+00:00,59.0,27.710448563937,13.337600241643,874.655524571958,5.0,7.0,7.0,101.544757033248,,,101.544757033248,2026-07-16 15:43:18+02:00
2026-07-16 13:43:39+00:00,60.0,28.0791746545806,13.2334502521543,874.700552691391,4.0,5.0,8.0,100.345177664975,,,100.345177664975,2026-07-16 15:43:39+02:00
2026-07-16 13:44:01+00:00,61.0,28.3610049880376,12.9466809447899,874.705695829847,4.0,5.0,7.0,100.743002544529,,,100.743002544529,2026-07-16 15:44:01+02:00
2026-07-16 13:44:22+00:00,62.0,27.4149725644183,13.2283263306379,874.670531695336,5.0,7.0,7.0,101.142857142857,,,101.142857142857,2026-07-16 15:44:22+02:00
2026-07-16 13:44:44+00:00,63.0,27.4864664526243,13.10696412504,874.66477589056,3.0,5.0,5.0,101.948717948718,,,101.948717948718,2026-07-16 15:44:44+02:00
2026-07-16 13:45:06+00:00,64.0,27.6523370138472,12.889182757594,874.702496383327,4.0,6.0,6.0,104.0,,,104.0,2026-07-16 15:45:06+02:00
2026-07-16 13:45:29+00:00,65.0,27.7130195138455,13.0242346360995,874.682530406336,3.0,5.0,5.0,104.0,,,104.0,2026-07-16 15:45:29+02:00
2026-07-16 13:45:50+00:00,66.0,28.4505436199222,12.5776768367529,874.695969549612,3.0,5.0,6.0,104.416666666667,,,104.416666666667,2026-07-16 15:45:50+02:00
2026-07-16 13:46:12+00:00,67.0,28.1831483278023,12.9341171978401,874.683158369096,3.0,4.0,4.0,105.679790026247,,,105.679790026247,2026-07-16 15:46:12+02:00
2026-07-16 13:46:34+00:00,68.0,28.7891342250401,12.5906137727517,874.670872334802,2.0,4.0,6.0,106.105263157895,,,106.105263157895,2026-07-16 15:46:34+02:00
2026-07-16 13:46:56+00:00,69.0,28.5627587999398,12.7428177622102,874.679209900818,2.0,4.0,7.0,107.395225464191,,,107.395225464191,2026-07-16 15:46:56+02:00
2026-07-16 13:47:18+00:00,70.0,29.2679385200561,12.5775589521677,874.728439106059,2.0,4.0,5.0,104.416666666667,,,104.416666666667,2026-07-16 15:47:18+02:00
2026-07-16 13:47:39+00:00,71.0,29.0038062355718,12.5281338085016,874.733492003974,3.0,6.0,6.0,104.835509138381,,,104.835509138381,2026-07-16 15:47:39+02:00
2026-07-16 13:48:01+00:00,72.0,28.8385926251899,12.933640420761,874.707421583425,3.0,5.0,5.0,104.0,,,104.0,2026-07-16 15:48:01+02:00
2026-07-16 13:48:23+00:00,73.0,29.2007989790523,12.7406473992215,874.720564071923,3.0,4.0,6.0,105.256544502618,,,105.256544502618,2026-07-16 15:48:23+02:00
2026-07-16 13:48:45+00:00,74.0,29.8073620637856,12.4210038603485,874.715728716856,2.0,5.0,5.0,103.173126614987,,,103.173126614987,2026-07-16 15:48:45+02:00
2026-07-16 13:49:06+00:00,75.0,30.1315660415201,12.1883575593096,874.706747907748,4.0,7.0,7.0,102.762886597938,,,102.762886597938,2026-07-16 15:49:06+02:00
2026-07-16 13:49:28+00:00,76.0,30.3014346343496,11.9380623611484,874.702868204918,5.0,7.0,9.0,101.948717948718,,,101.948717948718,2026-07-16 15:49:28+02:00
2026-07-16 13:49:50+00:00,77.0,30.0148967004156,12.0117967886923,874.718427240929,4.0,8.0,10.0,101.948717948718,,,101.948717948718,2026-07-16 15:49:50+02:00
2026-07-16 14:01:02+00:00,78.0,8.14814735647201,81.5160566963746,681.623033241886,4.0,6.0,6.0,101.142857142857,,,101.142857142857,2026-07-16 16:01:02+02:00
2026-07-16 14:01:23+00:00,79.0,28.2747845192975,13.0754320661159,874.624390728721,5.0,6.0,6.0,101.142857142857,,,101.142857142857,2026-07-16 16:01:23+02:00
2026-07-16 14:01:43+00:00,80.0,27.4641369593943,12.5435249806064,874.561362897583,5.0,7.0,7.0,100.743002544529,,,100.743002544529,2026-07-16 16:01:43+02:00
2026-07-16 14:02:04+00:00,81.0,26.4711656089687,12.4074914508052,874.631543950736,5.0,6.0,6.0,100.345177664975,,,100.345177664975,2026-07-16 16:02:04+02:00
2026-07-16 14:02:25+00:00,82.0,26.1372245658375,12.4334140301926,874.596276910475,5.0,7.0,7.0,98.3859649122807,,,98.3859649122807,2026-07-16 16:02:25+02:00
2026-07-16 14:02:46+00:00,83.0,26.6968601442294,12.2020907032855,874.604142866281,5.0,7.0,7.0,98.0,,,98.0,2026-07-16 16:02:46+02:00
2026-07-16 14:03:07+00:00,84.0,27.0920384071621,11.9650503400556,874.602046123193,5.0,7.0,7.0,96.0987654320988,,,96.0987654320988,2026-07-16 16:03:07+02:00
2026-07-16 14:18:27+00:00,85.0,6.43703624536089,81.5160566963746,681.623033241886,4.0,5.0,12.0,97.2338308457711,1.0,1.0,97.2338308457711,2026-07-16 16:18:27+02:00
2026-07-16 14:47:25+00:00,86.0,6.58370291202756,81.5160566963746,681.623033241886,0.0,0.0,0.0,87.9252336448598,137.2956,137.2956,87.9252336448598,2026-07-16 16:47:25+02:00
2026-07-16 14:47:45+00:00,87.0,28.1633028248501,12.7932813068152,874.666101714761,2.0,2.0,2.0,87.5897435897436,137.2956,137.2956,87.5897435897436,2026-07-16 16:47:45+02:00
2026-07-16 14:48:06+00:00,88.0,28.4567852585426,12.5297195727752,874.697527519232,2.0,3.0,3.0,84.0,137.2956,137.2956,84.0,2026-07-16 16:48:06+02:00
2026-07-16 14:48:27+00:00,89.0,28.8574617334717,12.6762071082731,874.70155338895,2.0,3.0,3.0,78.4978165938865,110.7054,110.7054,78.4978165938865,2026-07-16 16:48:27+02:00
2026-07-16 14:48:48+00:00,90.0,29.3019945073516,12.106893985602,874.682418367185,2.0,4.0,4.0,80.5853658536586,88.5388,88.5388,80.5853658536586,2026-07-16 16:48:48+02:00
2026-07-16 14:49:08+00:00,91.0,29.1370767402649,11.6669377034255,874.691825069477,2.0,3.0,3.0,88.6009389671361,125.65935,125.65935,88.6009389671361,2026-07-16 16:49:08+02:00
2026-07-16 14:49:29+00:00,92.0,28.7751818880953,11.8388560200613,874.683735145349,2.0,3.0,4.0,86.92343387471,140.39455,140.39455,86.92343387471,2026-07-16 16:49:29+02:00
2026-07-16 14:49:50+00:00,93.0,28.5794394845636,12.107624907031,874.68364088908,2.0,3.0,4.0,84.9610983981694,140.06035,140.06035,84.9610983981694,2026-07-16 16:49:50+02:00
2026-07-16 14:50:11+00:00,94.0,27.9433251984095,11.6891682439234,874.689831724701,2.0,4.0,4.0,84.9610983981694,140.06035,140.06035,84.9610983981694,2026-07-16 16:50:11+02:00
2026-07-16 14:50:31+00:00,95.0,26.906471993738,12.2132176943542,874.639734662583,2.0,4.0,4.0,84.0,140.06035,140.06035,84.0,2026-07-16 16:50:31+02:00
2026-07-16 14:50:52+00:00,96.0,25.3150206839126,12.2322964602927,874.675470510875,3.0,5.0,5.0,86.2632794457275,140.06035,140.06035,86.2632794457275,2026-07-16 16:50:52+02:00
2026-07-16 14:51:13+00:00,97.0,26.0063092031393,12.2440226869828,874.666815089705,2.0,5.0,6.0,86.5925925925926,140.06035,140.06035,86.5925925925926,2026-07-16 16:51:13+02:00
2026-07-16 14:51:34+00:00,98.0,26.6144703758702,12.6028799873534,874.656793729988,2.0,5.0,7.0,87.5897435897436,140.06035,140.06035,87.5897435897436,2026-07-16 16:51:34+02:00
2026-07-16 14:51:55+00:00,99.0,26.2329750865869,11.8430674347835,874.680857047865,2.0,5.0,6.0,84.0,140.06035,140.06035,84.0,2026-07-16 16:51:55+02:00
2026-07-16 14:52:15+00:00,100.0,24.6428605035748,11.8860553975277,874.689256330245,2.0,5.0,7.0,85.2844036697248,140.06035,140.06035,85.2844036697248,2026-07-16 16:52:15+02:00
2026-07-16 14:52:36+00:00,101.0,24.4997453931524,11.6160024263011,874.654348056432,3.0,6.0,9.0,82.1165919282511,139.62285,139.62285,82.1165919282511,2026-07-16 16:52:36+02:00
2026-07-16 14:52:57+00:00,102.0,24.6611474872935,11.77651657767,874.663051160819,3.0,6.0,9.0,77.0453563714903,141.39715,141.39715,77.0453563714903,2026-07-16 16:52:57+02:00
2026-07-16 14:53:18+00:00,103.0,25.3040741988049,10.7185344326544,874.638023873897,3.0,6.0,9.0,78.2047930283225,139.0699,139.0699,78.2047930283225,2026-07-16 16:53:18+02:00
2026-07-16 14:53:39+00:00,104.0,28.777822393064,10.1930707891401,874.620359816859,3.0,6.0,8.0,77.0453563714903,138.18275,138.18275,77.0453563714903,2026-07-16 16:53:39+02:00
2026-07-16 14:53:59+00:00,105.0,29.9469019091954,9.7535659119546,874.647428445226,3.0,5.0,8.0,76.4731182795699,138.51695,138.51695,76.4731182795699,2026-07-16 16:53:59+02:00
2026-07-16 14:54:20+00:00,106.0,30.0423364880275,9.67151329499313,874.649996553896,2.0,5.0,8.0,76.7586206896552,138.51695,138.51695,76.7586206896552,2026-07-16 16:54:20+02:00
2026-07-16 14:54:41+00:00,107.0,30.074930602806,10.145028587671,874.614723341581,2.0,5.0,8.0,76.1888412017167,137.6298,137.6298,76.1888412017167,2026-07-16 16:54:41+02:00
2026-07-16 14:55:02+00:00,108.0,30.0065420609184,9.5880439912937,874.644392779948,3.0,6.0,9.0,76.1888412017167,138.51695,138.51695,76.1888412017167,2026-07-16 16:55:02+02:00
2026-07-16 14:55:23+00:00,109.0,29.3856505340793,9.25614097979921,874.649804734133,4.0,6.0,8.0,74.7855626326964,138.51695,138.51695,74.7855626326964,2026-07-16 16:55:23+02:00
2026-07-16 14:55:43+00:00,110.0,28.2133637363801,9.44276357922414,874.625378319436,4.0,6.0,8.0,75.9057815845825,138.51695,138.51695,75.9057815845825,2026-07-16 16:55:43+02:00
2026-07-16 14:56:04+00:00,111.0,27.8347036774518,9.78159573938018,874.663618502584,3.0,5.0,7.0,74.2325581395349,138.51695,138.51695,74.2325581395349,2026-07-16 16:56:04+02:00
2026-07-16 14:56:25+00:00,112.0,29.5954815229347,9.10863880606673,874.65836939217,3.0,5.0,7.0,75.063829787234,137.6298,137.6298,75.063829787234,2026-07-16 16:56:25+02:00
2026-07-16 14:56:46+00:00,113.0,29.4434044677833,9.11757394063535,874.651368641724,3.0,5.0,7.0,73.4117647058824,137.6298,137.6298,73.4117647058824,2026-07-16 16:56:46+02:00
2026-07-16 14:57:07+00:00,114.0,29.675268252469,9.58258522110678,874.687585898626,3.0,5.0,7.0,71.0103092783505,137.6298,137.6298,71.0103092783505,2026-07-16 16:57:07+02:00
2026-07-16 14:57:27+00:00,115.0,30.3355942823893,9.51938775244381,874.634371559807,3.0,6.0,7.0,69.4582484725051,137.6298,137.6298,69.4582484725051,2026-07-16 16:57:27+02:00
2026-07-16 14:57:48+00:00,116.0,29.5762552671905,9.5925838298994,874.636728563723,3.0,6.0,7.0,70.4887063655031,137.6298,137.6298,70.4887063655031,2026-07-16 16:57:48+02:00
2026-07-16 14:58:09+00:00,117.0,29.9116964576104,9.36485581218733,874.633399550626,3.0,6.0,7.0,72.3333333333333,137.6298,137.6298,72.3333333333333,2026-07-16 16:58:09+02:00
2026-07-16 14:58:30+00:00,118.0,28.9132680874569,10.0329019421476,874.624246711105,3.0,6.0,7.0,71.0103092783505,137.6298,137.6298,71.0103092783505,2026-07-16 16:58:30+02:00
2026-07-16 14:58:51+00:00,119.0,30.5908593281252,9.33718154600358,874.650137804955,3.0,6.0,7.0,69.9713701431493,137.6298,137.6298,69.9713701431493,2026-07-16 16:58:51+02:00
2026-07-16 14:59:11+00:00,120.0,29.9056357493414,9.57856207651427,874.624012919252,3.0,6.0,7.0,72.3333333333333,136.74265,136.74265,72.3333333333333,2026-07-16 16:59:11+02:00
2026-07-16 14:59:32+00:00,121.0,30.3270552497567,10.3343734905618,874.636414107214,3.0,5.0,5.0,72.3333333333333,137.6298,137.6298,72.3333333333333,2026-07-16 16:59:32+02:00
2026-07-16 14:59:53+00:00,122.0,30.253656360966,9.90927598690085,874.637802391472,4.0,6.0,6.0,72.3333333333333,137.6298,137.6298,72.3333333333333,2026-07-16 16:59:53+02:00
2026-07-16 15:00:14+00:00,123.0,30.3889808888275,9.32833423830668,874.664155611177,4.0,6.0,6.0,73.1404612159329,137.6298,137.6298,73.1404612159329,2026-07-16 17:00:14+02:00
2026-07-16 15:00:35+00:00,124.0,31.0013977493269,9.01238431604061,874.665817498206,4.0,6.0,6.0,72.0665280665281,137.6298,137.6298,72.0665280665281,2026-07-16 17:00:35+02:00
2026-07-16 15:00:55+00:00,125.0,30.3732064545787,9.16053265518257,874.625638717099,4.0,6.0,6.0,71.536231884058,137.6298,137.6298,71.536231884058,2026-07-16 17:00:55+02:00
2026-07-16 15:01:16+00:00,126.0,30.583365002036,9.17842540390168,874.653048365083,4.0,6.0,6.0,70.2295081967213,137.6298,137.6298,70.2295081967213,2026-07-16 17:01:16+02:00
2026-07-21 10:39:09.803507+00:00,23.61,81.52,681.62,73.79,2.0,7.0,7.0,162439.72,130666.67,130666.67,162439.72,2026-07-21 12:39:09.803507+02:00
2026-07-21 10:39:10.649859+00:00,34.05,15.22,870.57,72.9,6.0,12.0,12.0,1677.9,18576.27,18576.27,1677.9,2026-07-21 12:39:10.649859+02:00
2026-07-21 10:39:11.650043+00:00,34.07,15.1,870.55,72.9,7.0,14.0,14.0,1302.33,51880.91,51880.91,1302.33,2026-07-21 12:39:11.650043+02:00
2026-07-21 10:39:12.649983+00:00,34.07,15.01,870.52,72.9,9.0,19.0,19.0,1249.07,70748.97,70748.97,1249.07,2026-07-21 12:39:12.649983+02:00
2026-07-21 10:39:13.650166+00:00,34.06,14.95,870.53,73.79,10.0,18.0,18.0,1249.07,84639.27,84639.27,1249.07,2026-07-21 12:39:13.650166+02:00
2026-07-21 10:39:14.650149+00:00,34.05,14.9,870.56,72.9,9.0,17.0,20.0,1249.07,96475.25,96475.25,1249.07,2026-07-21 12:39:14.650149+02:00
2026-07-21 10:39:15.650256+00:00,34.03,14.95,870.54,72.35,9.0,16.0,18.0,1302.33,106532.98,106532.98,1302.33,2026-07-21 12:39:15.650256+02:00
2026-07-21 10:39:16.650463+00:00,34.01,14.95,870.56,75.23,10.0,16.0,18.0,1355.68,115587.74,115587.74,1355.68,2026-07-21 12:39:16.650463+02:00
2026-07-21 10:39:17.650486+00:00,33.97,14.99,870.56,75.23,10.0,16.0,17.0,1409.13,124116.96,124116.96,1409.13,2026-07-21 12:39:17.650486+02:00
2026-07-21 10:39:18.650538+00:00,33.97,15.02,870.54,75.23,8.0,13.0,14.0,1462.69,132379.2,132379.2,1462.69,2026-07-21 12:39:18.650538+02:00
2026-07-21 10:39:19.650669+00:00,33.96,15.03,870.54,75.23,8.0,13.0,15.0,1516.34,140178.34,140178.34,1516.34,2026-07-21 12:39:19.650669+02:00
2026-07-21 10:39:20.650751+00:00,33.95,15.08,870.55,75.23,8.0,13.0,16.0,1570.09,147300.33,147300.33,1570.09,2026-07-21 12:39:20.650751+02:00
2026-07-21 10:39:21.650894+00:00,33.94,15.16,870.57,74.34,9.0,13.0,16.0,1570.09,154238.91,154238.91,1570.09,2026-07-21 12:39:21.650894+02:00
2026-07-21 10:39:22.651037+00:00,33.94,15.24,870.55,75.23,8.0,11.0,15.0,1623.95,161667.84,161667.84,1623.95,2026-07-21 12:39:22.651037+02:00
2026-07-21 10:39:23.651054+00:00,33.93,15.26,870.56,75.23,7.0,12.0,15.0,1677.9,168817.52,168817.52,1677.9,2026-07-21 12:39:23.651054+02:00
2026-07-21 10:39:24.651122+00:00,33.92,15.27,870.53,75.23,8.0,13.0,14.0,1731.96,175578.95,175578.95,1731.96,2026-07-21 12:39:24.651122+02:00
2026-07-21 10:39:25.651265+00:00,33.92,15.3,870.54,74.34,7.0,13.0,15.0,1786.12,182759.69,182759.69,1786.12,2026-07-21 12:39:25.651265+02:00
2026-07-21 10:39:26.651354+00:00,33.91,15.32,870.53,75.23,7.0,12.0,14.0,1786.12,189418.33,189418.33,1786.12,2026-07-21 12:39:26.651354+02:00
2026-07-21 10:39:27.651441+00:00,33.92,15.32,870.54,74.34,7.0,13.0,15.0,1840.38,195428.57,195428.57,1840.38,2026-07-21 12:39:27.651441+02:00
2026-07-21 10:39:28.650993+00:00,33.93,15.32,870.53,74.34,7.0,13.0,15.0,1894.74,201740.59,201740.59,1894.74,2026-07-21 12:39:28.650993+02:00
2026-07-21 10:39:29.651068+00:00,33.95,15.3,870.55,75.23,7.0,13.0,14.0,1894.74,208377.68,208377.68,1894.74,2026-07-21 12:39:29.651068+02:00
2026-07-21 10:39:30.651198+00:00,33.97,15.27,870.53,75.23,7.0,13.0,14.0,1949.2,215365.64,215365.64,1949.2,2026-07-21 12:39:30.651198+02:00
2026-07-21 10:39:31.651356+00:00,33.99,15.24,870.53,74.34,7.0,13.0,14.0,2003.77,221477.48,221477.48,2003.77,2026-07-21 12:39:31.651356+02:00
2026-07-21 10:39:32.651339+00:00,34.0,15.21,870.55,75.23,7.0,13.0,13.0,2003.77,227870.97,227870.97,2003.77,2026-07-21 12:39:32.651339+02:00
2026-07-21 10:39:33.651947+00:00,34.0,15.19,870.56,75.23,7.0,13.0,13.0,2058.44,233201.88,233201.88,2058.44,2026-07-21 12:39:33.651947+02:00
2026-07-21 10:39:34.652021+00:00,34.0,15.19,870.52,74.34,7.0,13.0,13.0,2058.44,240153.85,240153.85,2058.44,2026-07-21 12:39:34.652021+02:00
2026-07-21 10:39:35.652201+00:00,33.99,15.16,870.51,74.34,7.0,13.0,13.0,2113.21,245960.78,245960.78,2113.21,2026-07-21 12:39:35.652201+02:00
2026-07-21 10:39:36.652207+00:00,33.99,15.16,870.51,75.23,7.0,13.0,13.0,2168.08,252000.0,252000.0,2168.08,2026-07-21 12:39:36.652207+02:00
2026-07-21 10:39:37.652212+00:00,34.0,15.19,870.54,74.34,7.0,13.0,13.0,2168.08,256690.36,256690.36,2168.08,2026-07-21 12:39:37.652212+02:00
2026-07-21 10:39:38.652398+00:00,34.01,15.19,870.53,75.23,8.0,14.0,15.0,2223.06,263170.98,263170.98,2223.06,2026-07-21 12:39:38.652398+02:00
2026-07-21 10:39:39.652522+00:00,34.01,15.2,870.53,74.34,8.0,14.0,15.0,2223.06,268210.53,268210.53,2223.06,2026-07-21 12:39:39.652522+02:00
2026-07-21 10:39:40.652631+00:00,34.0,15.21,870.57,69.14,8.0,14.0,15.0,2278.15,273411.76,273411.76,2278.15,2026-07-21 12:39:40.652631+02:00
2026-07-21 10:39:41.652743+00:00,33.95,15.36,870.54,140.16,9.0,14.0,15.0,2278.15,278782.61,278782.61,2278.15,2026-07-21 12:39:41.652743+02:00
2026-07-21 10:39:42.652818+00:00,33.88,15.55,870.52,127.31,9.0,14.0,15.0,2333.33,284331.49,284331.49,2333.33,2026-07-21 12:39:42.652818+02:00
2026-07-21 10:39:43.652851+00:00,33.9,15.5,870.51,86.83,9.0,14.0,15.0,2333.33,286222.22,286222.22,2333.33,2026-07-21 12:39:43.652851+02:00
2026-07-21 10:39:44.652993+00:00,33.83,15.51,870.56,90.92,9.0,15.0,16.0,2333.33,292022.6,292022.6,2333.33,2026-07-21 12:39:44.652993+02:00
2026-07-21 10:39:45.653097+00:00,33.8,15.48,870.56,106.82,9.0,15.0,16.0,2388.63,298022.99,298022.99,2388.63,2026-07-21 12:39:45.653097+02:00
2026-07-21 10:39:46.653224+00:00,33.76,15.44,870.55,117.88,9.0,15.0,16.0,2388.63,300069.36,300069.36,2388.63,2026-07-21 12:39:46.653224+02:00
2026-07-21 10:39:47.653249+00:00,33.78,15.41,870.55,111.46,10.0,16.0,17.0,2444.02,302139.53,302139.53,2444.02,2026-07-21 12:39:47.653249+02:00
2026-07-21 10:39:48.653340+00:00,33.75,15.45,870.54,74.56,10.0,16.0,17.0,2444.02,304233.92,304233.92,2444.02,2026-07-21 12:39:48.653340+02:00
2026-07-21 10:39:49.653569+00:00,33.74,15.88,870.55,29.05,10.0,16.0,17.0,2499.53,312862.28,312862.28,2499.53,2026-07-21 12:39:49.653569+02:00
2026-07-21 10:39:50.653075+00:00,33.71,16.01,870.56,101.49,10.0,17.0,18.0,2499.53,317333.33,317333.33,2499.53,2026-07-21 12:39:50.653075+02:00
2026-07-21 10:39:51.653066+00:00,33.68,15.99,870.55,97.72,10.0,17.0,18.0,2499.53,319609.76,319609.76,2499.53,2026-07-21 12:39:51.653066+02:00
2026-07-21 10:39:52.653230+00:00,33.64,16.12,870.54,118.0,10.0,17.0,18.0,2555.13,321914.11,321914.11,2555.13,2026-07-21 12:39:52.653230+02:00
2026-07-21 10:39:53.653286+00:00,33.61,16.1,870.52,109.02,11.0,17.0,20.0,2555.13,329000.0,329000.0,2555.13,2026-07-21 12:39:53.653286+02:00
2026-07-21 10:39:54.653382+00:00,33.6,15.91,870.53,68.24,11.0,17.0,20.0,2610.85,331421.38,331421.38,2610.85,2026-07-21 12:39:54.653382+02:00
2026-07-21 10:39:55.654047+00:00,33.64,15.8,870.56,88.75,11.0,17.0,20.0,2610.85,338871.79,338871.79,2610.85,2026-07-21 12:39:55.654047+02:00
2026-07-21 10:39:56.654274+00:00,33.65,15.78,870.55,88.75,12.0,17.0,19.0,2666.67,344000.0,344000.0,2666.67,2026-07-21 12:39:56.654274+02:00
2026-07-21 10:39:57.654262+00:00,33.65,15.7,870.51,85.11,12.0,17.0,19.0,2722.59,346614.38,346614.38,2722.59,2026-07-21 12:39:57.654262+02:00
2026-07-21 10:39:58.654293+00:00,33.66,15.65,870.58,85.11,12.0,17.0,19.0,2722.59,349263.16,349263.16,2722.59,2026-07-21 12:39:58.654293+02:00
2026-07-21 10:39:59.654460+00:00,33.66,15.61,870.57,85.11,12.0,18.0,21.0,2778.63,351947.02,351947.02,2778.63,2026-07-21 12:39:59.654460+02:00
2026-07-21 10:40:00.654546+00:00,33.66,15.59,870.5,88.75,12.0,18.0,21.0,2778.63,354666.67,354666.67,2778.63,2026-07-21 12:40:00.654546+02:00
2026-07-21 10:40:01.654623+00:00,33.66,15.51,870.54,85.11,12.0,18.0,21.0,2834.77,360216.22,360216.22,2834.77,2026-07-21 12:40:01.654623+02:00
2026-07-21 10:40:02.654910+00:00,33.67,15.38,870.53,85.11,12.0,18.0,22.0,2891.01,363047.62,363047.62,2891.01,2026-07-21 12:40:02.654910+02:00
2026-07-21 10:40:03.654860+00:00,33.7,15.28,870.53,88.75,12.0,18.0,22.0,2891.01,365917.81,365917.81,2891.01,2026-07-21 12:40:03.654860+02:00
2026-07-21 10:40:04.655848+00:00,33.71,15.25,870.56,85.11,12.0,18.0,22.0,2947.37,368827.59,368827.59,2947.37,2026-07-21 12:40:04.655848+02:00
2026-07-21 10:40:05.655830+00:00,33.73,15.3,870.54,85.11,12.0,19.0,23.0,2947.37,371777.78,371777.78,2947.37,2026-07-21 12:40:05.655830+02:00
2026-07-21 10:40:06.654725+00:00,33.73,15.35,870.57,85.11,12.0,19.0,23.0,3003.83,371777.78,371777.78,3003.83,2026-07-21 12:40:06.654725+02:00
2026-07-21 10:40:07.656017+00:00,33.74,15.36,870.56,85.11,12.0,19.0,23.0,3003.83,374769.23,374769.23,3003.83,2026-07-21 12:40:07.656017+02:00
2026-07-21 10:40:08.654968+00:00,33.74,15.32,870.55,85.11,12.0,20.0,22.0,3003.83,377802.82,377802.82,3003.83,2026-07-21 12:40:08.654968+02:00
2026-07-21 10:40:09.655185+00:00,33.74,15.27,870.56,85.11,13.0,21.0,23.0,3060.4,380879.43,380879.43,3060.4,2026-07-21 12:40:09.655185+02:00
2026-07-21 10:40:10.655780+00:00,33.75,15.2,870.54,88.75,13.0,21.0,23.0,3117.08,384000.0,384000.0,3117.08,2026-07-21 12:40:10.655780+02:00
2026-07-21 10:40:11.655830+00:00,33.75,15.16,870.53,85.11,14.0,23.0,25.0,3117.08,387165.47,387165.47,3117.08,2026-07-21 12:40:11.655830+02:00
2026-07-21 10:40:12.655770+00:00,33.75,15.14,870.57,88.75,14.0,23.0,26.0,3173.87,390376.81,390376.81,3173.87,2026-07-21 12:40:12.655770+02:00
2026-07-21 10:40:13.655948+00:00,33.76,15.14,870.55,85.11,14.0,22.0,25.0,3173.87,390376.81,390376.81,3173.87,2026-07-21 12:40:13.655948+02:00
2026-07-21 10:40:14.656066+00:00,33.76,15.16,870.55,85.11,14.0,23.0,26.0,3173.87,393635.04,393635.04,3173.87,2026-07-21 12:40:14.656066+02:00
2026-07-21 10:40:15.656142+00:00,33.75,15.17,870.57,85.53,14.0,23.0,24.0,3230.77,393635.04,393635.04,3230.77,2026-07-21 12:40:15.656142+02:00
2026-07-21 10:40:16.656182+00:00,33.71,16.93,870.57,42.62,14.0,23.0,24.0,3230.77,380879.43,380879.43,3230.77,2026-07-21 12:40:16.656182+02:00
2026-07-21 10:40:17.656344+00:00,33.36,20.59,870.61,103.26,15.0,23.0,23.0,3117.08,354666.67,354666.67,3117.08,2026-07-21 12:40:17.656344+02:00
2026-07-21 10:40:18.656384+00:00,32.93,21.19,870.6,132.95,15.0,24.0,24.0,3117.08,360216.22,360216.22,3117.08,2026-07-21 12:40:18.656384+02:00
2026-07-21 10:40:19.656506+00:00,32.75,19.85,870.6,132.62,14.0,22.0,22.0,3060.4,380879.43,380879.43,3060.4,2026-07-21 12:40:19.656506+02:00
2026-07-21 10:40:20.656620+00:00,32.83,18.68,870.57,180.82,13.0,23.0,23.0,3117.08,396941.18,396941.18,3117.08,2026-07-21 12:40:20.656620+02:00
2026-07-21 10:40:21.656681+00:00,32.88,18.13,870.58,180.82,13.0,21.0,21.0,3173.87,393635.04,393635.04,3173.87,2026-07-21 12:40:21.656681+02:00
2026-07-21 10:40:22.656722+00:00,32.85,17.6,870.58,180.82,13.0,21.0,21.0,3173.87,396941.18,396941.18,3173.87,2026-07-21 12:40:22.656722+02:00
2026-07-21 10:40:23.656884+00:00,32.77,17.46,870.58,179.93,13.0,21.0,21.0,3230.77,396941.18,396941.18,3230.77,2026-07-21 12:40:23.656884+02:00
2026-07-21 10:40:24.657005+00:00,32.72,17.34,870.58,179.93,13.0,21.0,21.0,3287.78,396941.18,396941.18,3287.78,2026-07-21 12:40:24.657005+02:00
2026-07-21 10:40:25.657072+00:00,32.65,17.25,870.53,179.93,13.0,21.0,21.0,3287.78,400296.3,400296.3,3287.78,2026-07-21 12:40:25.657072+02:00
2026-07-21 10:40:26.657109+00:00,32.22,20.15,870.66,0.59,12.0,20.0,20.0,3344.89,403701.49,403701.49,3344.89,2026-07-21 12:40:26.657109+02:00
2026-07-21 10:40:27.657520+00:00,30.57,31.24,870.63,0.89,12.0,20.0,20.0,3344.89,400296.3,400296.3,3344.89,2026-07-21 12:40:27.657520+02:00
2026-07-21 10:40:28.657613+00:00,30.0,37.07,870.66,7.52,12.0,20.0,20.0,3344.89,400296.3,400296.3,3344.89,2026-07-21 12:40:28.657613+02:00
2026-07-21 10:40:29.657475+00:00,29.63,41.07,870.62,12.91,12.0,21.0,21.0,3344.89,403701.49,403701.49,3344.89,2026-07-21 12:40:29.657475+02:00
2026-07-21 10:40:30.657517+00:00,29.35,43.07,870.52,27.88,12.0,21.0,21.0,3344.89,403701.49,403701.49,3344.89,2026-07-21 12:40:30.657517+02:00
2026-07-21 10:40:31.657610+00:00,29.6,36.2,870.52,180.49,12.0,21.0,21.0,3402.12,417846.15,417846.15,3402.12,2026-07-21 12:40:31.657610+02:00
2026-07-21 10:40:32.657726+00:00,30.15,26.77,870.57,179.6,11.0,20.0,20.0,3459.46,417846.15,417846.15,3459.46,2026-07-21 12:40:32.657726+02:00
2026-07-21 10:40:33.657779+00:00,30.26,23.48,870.55,180.49,11.0,20.0,20.0,3516.91,417846.15,417846.15,3516.91,2026-07-21 12:40:33.657779+02:00
2026-07-21 10:40:34.657907+00:00,30.28,22.0,870.54,180.82,11.0,20.0,20.0,3516.91,421519.38,421519.38,3516.91,2026-07-21 12:40:34.657907+02:00
2026-07-21 10:40:35.658029+00:00,30.31,21.23,870.57,179.93,11.0,19.0,19.0,3574.47,421519.38,421519.38,3574.47,2026-07-21 12:40:35.658029+02:00
2026-07-21 10:40:36.658117+00:00,30.38,20.66,870.55,31.74,12.0,20.0,20.0,3574.47,421519.38,421519.38,3574.47,2026-07-21 12:40:36.658117+02:00
2026-07-21 10:40:37.658189+00:00,30.38,21.46,870.53,3.85,12.0,20.0,20.0,3632.14,417846.15,417846.15,3632.14,2026-07-21 12:40:37.658189+02:00
2026-07-21 10:40:38.658896+00:00,30.38,21.86,870.55,170.07,12.0,20.0,20.0,3632.14,421519.38,421519.38,3632.14,2026-07-21 12:40:38.658896+02:00
2026-07-21 10:40:39.658681+00:00,30.39,20.54,870.57,173.5,12.0,20.0,20.0,3632.14,421519.38,421519.38,3632.14,2026-07-21 12:40:39.658681+02:00
2026-07-21 10:40:40.658467+00:00,30.39,20.44,870.57,0.59,12.0,20.0,20.0,3689.92,421519.38,421519.38,3689.92,2026-07-21 12:40:40.658467+02:00
2026-07-21 10:40:41.658664+00:00,30.41,20.77,870.57,0.59,11.0,19.0,19.0,3689.92,417846.15,417846.15,3689.92,2026-07-21 12:40:41.658664+02:00
2026-07-21 10:40:42.658764+00:00,30.41,21.63,870.58,111.09,11.0,19.0,19.0,3689.92,425250.0,425250.0,3689.92,2026-07-21 12:40:42.658764+02:00
2026-07-21 10:40:43.658908+00:00,30.43,21.48,870.58,8.87,11.0,19.0,19.0,3689.92,425250.0,425250.0,3689.92,2026-07-21 12:40:43.658908+02:00
2026-07-21 10:40:44.658886+00:00,30.46,22.82,870.57,2.01,11.0,19.0,19.0,3747.82,425250.0,425250.0,3747.82,2026-07-21 12:40:44.658886+02:00
2026-07-21 10:40:45.658946+00:00,30.42,24.5,870.57,0.53,11.0,19.0,19.0,3747.82,425250.0,425250.0,3747.82,2026-07-21 12:40:45.658946+02:00
2026-07-21 10:40:46.659074+00:00,30.49,23.58,870.55,79.48,11.0,19.0,19.0,3805.83,429039.37,429039.37,3805.83,2026-07-21 12:40:46.659074+02:00
2026-07-21 10:40:47.659133+00:00,30.51,24.75,870.54,0.95,11.0,18.0,18.0,3805.83,429039.37,429039.37,3805.83,2026-07-21 12:40:47.659133+02:00
2026-07-21 10:40:48.659357+00:00,30.51,21.75,870.58,159.54,11.0,18.0,18.0,3805.83,429039.37,429039.37,3805.83,2026-07-21 12:40:48.659357+02:00
2026-07-21 10:40:49.659384+00:00,30.53,20.41,870.58,143.92,11.0,18.0,18.0,3863.95,432888.89,432888.89,3863.95,2026-07-21 12:40:49.659384+02:00
2026-07-21 10:40:50.659556+00:00,30.53,19.87,870.55,146.25,11.0,19.0,20.0,3863.95,432888.89,432888.89,3863.95,2026-07-21 12:40:50.659556+02:00
2026-07-21 10:40:51.659589+00:00,30.54,19.6,870.54,163.09,11.0,19.0,20.0,3922.18,436800.0,436800.0,3922.18,2026-07-21 12:40:51.659589+02:00
2026-07-21 10:40:52.663866+00:00,30.54,19.54,870.54,179.6,11.0,19.0,20.0,3922.18,436800.0,436800.0,3922.18,2026-07-21 12:40:52.663866+02:00
2026-07-21 10:40:53.659581+00:00,30.52,19.34,870.54,179.93,10.0,18.0,19.0,3980.53,436800.0,436800.0,3980.53,2026-07-21 12:40:53.659581+02:00
2026-07-21 10:40:54.659350+00:00,30.5,19.11,870.55,179.6,10.0,18.0,19.0,3980.53,436800.0,436800.0,3980.53,2026-07-21 12:40:54.659350+02:00
2026-07-21 10:40:55.659529+00:00,30.51,19.06,870.54,179.93,10.0,18.0,19.0,4038.99,436800.0,436800.0,4038.99,2026-07-21 12:40:55.659529+02:00
2026-07-21 10:40:56.659545+00:00,30.49,18.93,870.57,179.93,10.0,18.0,20.0,4038.99,436800.0,436800.0,4038.99,2026-07-21 12:40:56.659545+02:00
2026-07-21 10:40:57.659672+00:00,30.47,18.84,870.53,180.27,10.0,18.0,20.0,4038.99,440774.19,440774.19,4038.99,2026-07-21 12:40:57.659672+02:00
2026-07-21 10:40:58.660334+00:00,30.45,18.77,870.55,180.27,10.0,18.0,20.0,4097.56,440774.19,440774.19,4097.56,2026-07-21 12:40:58.660334+02:00
2026-07-21 10:40:59.660378+00:00,30.45,18.76,870.56,179.93,10.0,16.0,18.0,4097.56,440774.19,440774.19,4097.56,2026-07-21 12:40:59.660378+02:00
2026-07-21 10:41:00.660489+00:00,30.45,18.63,870.53,179.05,10.0,16.0,18.0,4156.25,440774.19,440774.19,4156.25,2026-07-21 12:41:00.660489+02:00
2026-07-21 10:41:01.660644+00:00,30.43,20.18,870.53,155.56,10.0,16.0,18.0,4333.01,407157.89,407157.89,4333.01,2026-07-21 12:41:01.660644+02:00
2026-07-21 10:41:02.660906+00:00,29.99,25.48,870.56,145.69,10.0,16.0,18.0,4215.05,377802.82,377802.82,4215.05,2026-07-21 12:41:02.660906+02:00
2026-07-21 10:41:03.660914+00:00,29.8,26.57,870.58,139.6,9.0,15.0,17.0,3922.18,393635.04,393635.04,3922.18,2026-07-21 12:41:03.660914+02:00
2026-07-21 10:41:04.660871+00:00,30.01,23.14,870.59,175.83,9.0,15.0,17.0,3980.53,457333.33,457333.33,3980.53,2026-07-21 12:41:04.660871+02:00
2026-07-21 10:41:05.661007+00:00,30.16,21.97,870.6,172.95,8.0,15.0,17.0,3980.53,448918.03,448918.03,3980.53,2026-07-21 12:41:05.661007+02:00
2026-07-21 10:41:06.661224+00:00,30.21,21.05,870.54,172.06,8.0,15.0,17.0,4038.99,453090.91,453090.91,4038.99,2026-07-21 12:41:06.661224+02:00
2026-07-21 10:41:07.661267+00:00,30.26,20.56,870.56,171.51,9.0,16.0,18.0,4097.56,453090.91,453090.91,4097.56,2026-07-21 12:41:07.661267+02:00
2026-07-21 10:41:08.661342+00:00,30.28,20.13,870.55,172.06,10.0,16.0,18.0,4156.25,453090.91,453090.91,4156.25,2026-07-21 12:41:08.661342+02:00
2026-07-21 10:41:09.661404+00:00,30.32,19.88,870.55,172.95,10.0,16.0,18.0,4156.25,457333.33,457333.33,4156.25,2026-07-21 12:41:09.661404+02:00
2026-07-21 10:41:10.661554+00:00,30.34,19.68,870.53,174.39,9.0,15.0,17.0,4215.05,457333.33,457333.33,4215.05,2026-07-21 12:41:10.661554+02:00
2026-07-21 10:41:11.661607+00:00,30.37,19.59,870.53,179.93,9.0,15.0,18.0,4215.05,457333.33,457333.33,4215.05,2026-07-21 12:41:11.661607+02:00
2026-07-21 10:41:12.661716+00:00,30.4,19.42,870.56,180.27,9.0,15.0,18.0,4273.97,457333.33,457333.33,4273.97,2026-07-21 12:41:12.661716+02:00
2026-07-21 10:41:13.661773+00:00,30.43,19.33,870.55,179.93,9.0,15.0,18.0,4333.01,457333.33,457333.33,4333.01,2026-07-21 12:41:13.661773+02:00
2026-07-21 10:41:14.661819+00:00,30.46,19.26,870.58,179.93,10.0,16.0,18.0,4333.01,457333.33,457333.33,4333.01,2026-07-21 12:41:14.661819+02:00
2026-07-21 10:41:15.662092+00:00,30.48,19.21,870.55,179.93,10.0,16.0,18.0,4392.16,457333.33,457333.33,4392.16,2026-07-21 12:41:15.662092+02:00
2026-07-21 10:41:16.662068+00:00,30.5,19.28,870.57,180.27,10.0,16.0,18.0,4392.16,457333.33,457333.33,4392.16,2026-07-21 12:41:16.662068+02:00
2026-07-21 10:41:17.662191+00:00,30.53,19.31,870.58,180.27,10.0,15.0,18.0,4392.16,457333.33,457333.33,4392.16,2026-07-21 12:41:17.662191+02:00
2026-07-21 10:41:18.662238+00:00,30.56,19.28,870.54,180.27,10.0,15.0,18.0,4451.42,457333.33,457333.33,4451.42,2026-07-21 12:41:18.662238+02:00
2026-07-21 10:41:19.662322+00:00,30.57,18.93,870.54,179.93,10.0,15.0,18.0,4451.42,457333.33,457333.33,4451.42,2026-07-21 12:41:19.662322+02:00
2026-07-21 10:41:20.662507+00:00,30.6,18.78,870.56,179.93,10.0,14.0,16.0,4451.42,457333.33,457333.33,4451.42,2026-07-21 12:41:20.662507+02:00
2026-07-21 10:41:21.662576+00:00,30.6,18.71,870.52,180.27,11.0,15.0,17.0,4510.81,457333.33,457333.33,4510.81,2026-07-21 12:41:21.662576+02:00
2026-07-21 10:41:22.662766+00:00,30.62,18.63,870.53,179.05,11.0,15.0,17.0,4510.81,457333.33,457333.33,4510.81,2026-07-21 12:41:22.662766+02:00
2026-07-21 10:41:23.662912+00:00,30.61,18.6,870.54,179.05,11.0,16.0,18.0,4510.81,457333.33,457333.33,4510.81,2026-07-21 12:41:23.662912+02:00
2026-07-21 10:41:24.663072+00:00,30.62,18.54,870.52,179.93,10.0,15.0,17.0,4570.3,461647.06,461647.06,4570.3,2026-07-21 12:41:24.663072+02:00
2026-07-21 10:41:25.663060+00:00,30.66,18.52,870.55,179.93,10.0,15.0,17.0,4570.3,461647.06,461647.06,4570.3,2026-07-21 12:41:25.663060+02:00
2026-07-21 10:41:26.663272+00:00,30.69,18.51,870.54,179.93,11.0,16.0,18.0,4570.3,466033.9,466033.9,4570.3,2026-07-21 12:41:26.663272+02:00
2026-07-21 10:41:27.663186+00:00,30.73,18.52,870.5,179.05,11.0,16.0,18.0,4629.92,466033.9,466033.9,4629.92,2026-07-21 12:41:27.663186+02:00
2026-07-21 10:41:28.663365+00:00,30.79,18.52,870.53,179.05,11.0,16.0,18.0,4689.66,461647.06,461647.06,4689.66,2026-07-21 12:41:28.663365+02:00
2026-07-21 10:41:29.663473+00:00,30.83,18.49,870.5,179.05,11.0,16.0,20.0,4689.66,461647.06,461647.06,4689.66,2026-07-21 12:41:29.663473+02:00
2026-07-21 10:41:30.663570+00:00,30.87,18.44,870.55,179.93,11.0,16.0,20.0,4689.66,461647.06,461647.06,4689.66,2026-07-21 12:41:30.663570+02:00
2026-07-21 10:41:31.663627+00:00,30.91,18.33,870.53,179.05,11.0,16.0,20.0,4689.66,461647.06,461647.06,4689.66,2026-07-21 12:41:31.663627+02:00
2026-07-21 10:41:32.663879+00:00,30.94,18.32,870.53,23.42,11.0,16.0,20.0,4929.77,479652.17,479652.17,4929.77,2026-07-21 12:41:32.663879+02:00
2026-07-21 10:41:33.663869+00:00,30.76,26.7,870.49,8.97,11.0,16.0,20.0,7439.75,407157.89,407157.89,7439.75,2026-07-21 12:41:33.663869+02:00
2026-07-21 10:41:34.663986+00:00,30.7,30.69,870.5,4.65,11.0,16.0,20.0,7505.15,286222.22,286222.22,7505.15,2026-07-21 12:41:34.663986+02:00
2026-07-21 10:41:35.664081+00:00,30.68,27.38,870.56,115.74,11.0,16.0,21.0,4629.92,403701.49,403701.49,4629.92,2026-07-21 12:41:35.664081+02:00
2026-07-21 10:41:36.664190+00:00,30.85,23.9,870.56,179.38,11.0,16.0,21.0,4570.3,479652.17,479652.17,4570.3,2026-07-21 12:41:36.664190+02:00
2026-07-21 10:41:37.664295+00:00,30.94,22.05,870.57,178.16,11.0,16.0,21.0,4570.3,466033.9,466033.9,4570.3,2026-07-21 12:41:37.664295+02:00
2026-07-21 10:41:38.664396+00:00,31.02,22.57,870.54,179.05,11.0,15.0,20.0,4570.3,466033.9,466033.9,4570.3,2026-07-21 12:41:38.664396+02:00
2026-07-21 10:41:39.664385+00:00,31.06,21.79,870.55,179.93,11.0,15.0,20.0,4570.3,489132.74,489132.74,4570.3,2026-07-21 12:41:39.664385+02:00
2026-07-21 10:41:40.664636+00:00,31.07,20.93,870.54,180.27,11.0,15.0,20.0,4689.66,498954.95,498954.95,4689.66,2026-07-21 12:41:40.664636+02:00
2026-07-21 10:41:41.664779+00:00,31.09,20.39,870.56,179.93,11.0,16.0,19.0,4689.66,494000.0,494000.0,4689.66,2026-07-21 12:41:41.664779+02:00
2026-07-21 10:41:42.664876+00:00,31.09,20.0,870.53,179.93,11.0,16.0,19.0,4749.51,498954.95,498954.95,4749.51,2026-07-21 12:41:42.664876+02:00
2026-07-21 10:41:43.664907+00:00,31.1,19.64,870.57,179.93,11.0,16.0,19.0,4809.48,498954.95,498954.95,4809.48,2026-07-21 12:41:43.664907+02:00
2026-07-21 10:41:44.665068+00:00,31.1,19.35,870.52,179.93,10.0,15.0,21.0,4869.57,494000.0,494000.0,4869.57,2026-07-21 12:41:44.665068+02:00
2026-07-21 10:41:45.664669+00:00,31.11,19.44,870.51,179.05,11.0,16.0,22.0,4929.77,494000.0,494000.0,4929.77,2026-07-21 12:41:45.664669+02:00
2026-07-21 10:41:46.664766+00:00,31.13,19.58,870.54,180.82,11.0,16.0,22.0,4929.77,494000.0,494000.0,4929.77,2026-07-21 12:41:46.664766+02:00
2026-07-21 10:41:47.664843+00:00,31.16,19.35,870.55,180.49,12.0,16.0,22.0,4990.1,498954.95,498954.95,4990.1,2026-07-21 12:41:47.664843+02:00
2026-07-21 10:41:48.664947+00:00,31.14,19.14,870.5,180.49,11.0,15.0,21.0,4990.1,494000.0,494000.0,4990.1,2026-07-21 12:41:48.664947+02:00
2026-07-21 10:41:49.665069+00:00,31.12,19.04,870.55,180.49,11.0,15.0,21.0,5050.55,494000.0,494000.0,5050.55,2026-07-21 12:41:49.665069+02:00
2026-07-21 10:41:50.665680+00:00,31.11,19.06,870.52,180.49,11.0,16.0,22.0,5050.55,489132.74,489132.74,5050.55,2026-07-21 12:41:50.665680+02:00
2026-07-21 10:41:51.665768+00:00,31.13,19.09,870.51,180.49,11.0,16.0,22.0,5050.55,489132.74,489132.74,5050.55,2026-07-21 12:41:51.665768+02:00
2026-07-21 10:41:52.666491+00:00,31.15,19.03,870.53,180.49,11.0,16.0,22.0,5111.11,489132.74,489132.74,5111.11,2026-07-21 12:41:52.666491+02:00
2026-07-21 10:41:53.665442+00:00,31.18,18.91,870.52,180.82,11.0,15.0,21.0,5111.11,484350.88,484350.88,5111.11,2026-07-21 12:41:53.665442+02:00
2026-07-21 10:41:54.665572+00:00,31.22,18.75,870.56,180.82,11.0,15.0,21.0,5111.11,489132.74,489132.74,5111.11,2026-07-21 12:41:54.665572+02:00
2026-07-21 10:41:55.665655+00:00,31.23,18.52,870.54,180.49,11.0,15.0,21.0,5171.8,489132.74,489132.74,5171.8,2026-07-21 12:41:55.665655+02:00
2026-07-21 10:41:56.665771+00:00,31.26,18.39,870.53,180.49,10.0,16.0,21.0,5171.8,489132.74,489132.74,5171.8,2026-07-21 12:41:56.665771+02:00
2026-07-21 10:41:57.666204+00:00,31.3,18.34,870.55,180.49,10.0,16.0,21.0,5171.8,484350.88,484350.88,5171.8,2026-07-21 12:41:57.666204+02:00
2026-07-21 10:41:58.666956+00:00,31.28,18.15,870.55,180.49,10.0,16.0,21.0,5171.8,484350.88,484350.88,5171.8,2026-07-21 12:41:58.666956+02:00
2026-07-21 10:41:59.666421+00:00,31.25,17.99,870.54,180.27,12.0,17.0,21.0,5232.6,489132.74,489132.74,5232.6,2026-07-21 12:41:59.666421+02:00
2026-07-21 10:52:48.450212+00:00,23.61,81.52,681.62,179.71,8.0,10.0,10.0,11248.91,489132.74,489132.74,11248.91,2026-07-21 12:52:48.450212+02:00
2026-07-21 10:52:49.296370+00:00,34.04,15.17,870.31,178.49,11.0,13.0,13.0,11248.91,489132.74,489132.74,11248.91,2026-07-21 12:52:49.296370+02:00
2026-07-21 10:52:50.297822+00:00,34.06,15.12,870.29,178.83,11.0,14.0,14.0,11322.4,489132.74,489132.74,11322.4,2026-07-21 12:52:50.297822+02:00
2026-07-21 10:52:51.297328+00:00,34.11,15.09,870.28,178.49,13.0,16.0,16.0,11322.4,489132.74,489132.74,11322.4,2026-07-21 12:52:51.297328+02:00
2026-07-21 10:52:52.297131+00:00,34.16,15.01,870.3,178.83,13.0,16.0,16.0,11322.4,489132.74,489132.74,11322.4,2026-07-21 12:52:52.297131+02:00
2026-07-21 10:52:53.296624+00:00,34.19,15.02,870.29,178.83,12.0,16.0,16.0,11322.4,494000.0,494000.0,11322.4,2026-07-21 12:52:53.296624+02:00
2026-07-21 10:52:54.296623+00:00,34.21,14.92,870.28,178.83,13.0,16.0,16.0,11322.4,489132.74,489132.74,11322.4,2026-07-21 12:52:54.296623+02:00
2026-07-21 10:52:55.296726+00:00,34.2,14.9,870.26,178.49,13.0,17.0,17.0,11322.4,489132.74,489132.74,11322.4,2026-07-21 12:52:55.296726+02:00
2026-07-21 10:52:56.297261+00:00,34.24,14.89,870.26,178.83,13.0,18.0,18.0,11322.4,489132.74,489132.74,11322.4,2026-07-21 12:52:56.297261+02:00
2026-07-21 10:52:57.297345+00:00,34.3,14.89,870.26,178.49,11.0,15.0,15.0,11396.06,489132.74,489132.74,11396.06,2026-07-21 12:52:57.297345+02:00
2026-07-21 10:52:58.297473+00:00,34.33,14.99,870.27,178.49,11.0,15.0,15.0,11396.06,489132.74,489132.74,11396.06,2026-07-21 12:52:58.297473+02:00
2026-07-21 10:52:59.297577+00:00,34.36,15.04,870.29,179.38,11.0,15.0,15.0,11396.06,489132.74,489132.74,11396.06,2026-07-21 12:52:59.297577+02:00
2026-07-21 10:53:00.297804+00:00,34.35,15.06,870.29,178.49,11.0,17.0,17.0,11396.06,489132.74,489132.74,11396.06,2026-07-21 12:53:00.297804+02:00
2026-07-21 10:53:01.297846+00:00,34.43,15.0,870.27,179.38,10.0,16.0,16.0,11396.06,489132.74,489132.74,11396.06,2026-07-21 12:53:01.297846+02:00
2026-07-21 10:53:02.297917+00:00,34.4,14.98,870.27,179.38,10.0,16.0,16.0,11396.06,489132.74,489132.74,11396.06,2026-07-21 12:53:02.297917+02:00
2026-07-21 10:53:03.298003+00:00,34.38,14.94,870.28,179.38,11.0,16.0,16.0,11396.06,489132.74,489132.74,11396.06,2026-07-21 12:53:03.298003+02:00
2026-07-21 10:53:04.298019+00:00,34.36,14.9,870.3,179.38,10.0,16.0,16.0,11396.06,489132.74,489132.74,11396.06,2026-07-21 12:53:04.298019+02:00
2026-07-21 10:53:05.298205+00:00,34.38,14.89,870.26,179.38,10.0,16.0,16.0,11396.06,489132.74,489132.74,11396.06,2026-07-21 12:53:05.298205+02:00
2026-07-21 10:53:06.298214+00:00,34.35,14.82,870.31,179.38,10.0,16.0,16.0,11396.06,489132.74,489132.74,11396.06,2026-07-21 12:53:06.298214+02:00
2026-07-21 10:53:07.298345+00:00,34.35,14.8,870.29,179.71,10.0,16.0,16.0,11396.06,489132.74,489132.74,11396.06,2026-07-21 12:53:07.298345+02:00
2026-07-21 10:53:08.298443+00:00,34.34,14.82,870.28,179.71,10.0,16.0,17.0,11396.06,484350.88,484350.88,11396.06,2026-07-21 12:53:08.298443+02:00
2026-07-21 10:53:09.298478+00:00,34.33,14.86,870.28,178.49,10.0,16.0,17.0,11396.06,484350.88,484350.88,11396.06,2026-07-21 12:53:09.298478+02:00
2026-07-21 10:53:10.298579+00:00,34.32,14.88,870.29,179.38,10.0,16.0,17.0,11396.06,484350.88,484350.88,11396.06,2026-07-21 12:53:10.298579+02:00
2026-07-21 10:53:11.298779+00:00,34.32,14.87,870.29,178.49,10.0,16.0,17.0,11396.06,484350.88,484350.88,11396.06,2026-07-21 12:53:11.298779+02:00
2026-07-21 10:53:12.298831+00:00,34.28,14.86,870.27,179.71,10.0,16.0,17.0,11396.06,484350.88,484350.88,11396.06,2026-07-21 12:53:12.298831+02:00
2026-07-21 10:53:13.298934+00:00,34.26,14.85,870.32,178.83,10.0,16.0,17.0,11396.06,484350.88,484350.88,11396.06,2026-07-21 12:53:13.298934+02:00
2026-07-21 10:53:14.298968+00:00,34.23,14.88,870.31,178.83,10.0,16.0,18.0,11396.06,484350.88,484350.88,11396.06,2026-07-21 12:53:14.298968+02:00
2026-07-21 10:53:15.299078+00:00,34.21,14.92,870.28,178.49,10.0,16.0,18.0,11396.06,484350.88,484350.88,11396.06,2026-07-21 12:53:15.299078+02:00
2026-07-21 10:53:16.299190+00:00,34.19,14.94,870.27,179.38,10.0,16.0,18.0,11396.06,484350.88,484350.88,11396.06,2026-07-21 12:53:16.299190+02:00
2026-07-21 10:53:17.299280+00:00,34.17,14.97,870.29,179.38,10.0,15.0,19.0,11469.88,484350.88,484350.88,11469.88,2026-07-21 12:53:17.299280+02:00
2026-07-21 10:53:18.299446+00:00,34.2,14.99,870.3,178.49,10.0,15.0,19.0,11396.06,484350.88,484350.88,11396.06,2026-07-21 12:53:18.299446+02:00
2026-07-21 10:53:19.299521+00:00,34.24,14.98,870.3,179.38,10.0,15.0,19.0,11396.06,484350.88,484350.88,11396.06,2026-07-21 12:53:19.299521+02:00
2026-07-21 10:53:20.299607+00:00,34.24,14.95,870.3,179.38,10.0,16.0,19.0,11396.06,484350.88,484350.88,11396.06,2026-07-21 12:53:20.299607+02:00
2026-07-21 10:53:21.299643+00:00,34.23,14.96,870.28,179.38,10.0,16.0,19.0,11396.06,484350.88,484350.88,11396.06,2026-07-21 12:53:21.299643+02:00
2026-07-21 10:53:22.299821+00:00,34.27,14.98,870.28,179.38,10.0,16.0,19.0,11396.06,484350.88,484350.88,11396.06,2026-07-21 12:53:22.299821+02:00
2026-07-21 10:53:23.300183+00:00,34.32,14.99,870.28,178.49,10.0,15.0,18.0,11396.06,484350.88,484350.88,11396.06,2026-07-21 12:53:23.300183+02:00
2026-07-21 10:53:24.299964+00:00,34.35,15.04,870.31,179.38,10.0,15.0,18.0,11396.06,484350.88,484350.88,11396.06,2026-07-21 12:53:24.299964+02:00
2026-07-21 10:53:25.300118+00:00,34.35,15.02,870.32,179.38,10.0,15.0,18.0,11469.88,484350.88,484350.88,11469.88,2026-07-21 12:53:25.300118+02:00
2026-07-21 10:53:26.300156+00:00,34.32,14.91,870.27,179.38,10.0,15.0,20.0,11469.88,484350.88,484350.88,11469.88,2026-07-21 12:53:26.300156+02:00
2026-07-21 10:53:27.300371+00:00,34.29,14.85,870.32,178.49,11.0,16.0,21.0,11469.88,484350.88,484350.88,11469.88,2026-07-21 12:53:27.300371+02:00
2026-07-21 10:53:28.300438+00:00,34.25,14.83,870.28,179.71,11.0,16.0,21.0,11469.88,484350.88,484350.88,11469.88,2026-07-21 12:53:28.300438+02:00
2026-07-21 10:53:29.300455+00:00,34.22,14.84,870.28,178.49,10.0,16.0,21.0,11469.88,484350.88,484350.88,11469.88,2026-07-21 12:53:29.300455+02:00
2026-07-21 10:53:30.300621+00:00,34.19,14.85,870.29,178.49,10.0,16.0,21.0,11469.88,489132.74,489132.74,11469.88,2026-07-21 12:53:30.300621+02:00
2026-07-21 10:53:31.300636+00:00,34.15,14.88,870.3,178.49,9.0,15.0,20.0,11469.88,484350.88,484350.88,11469.88,2026-07-21 12:53:31.300636+02:00
2026-07-21 10:53:32.300748+00:00,34.1,14.88,870.31,178.83,9.0,15.0,20.0,11469.88,489132.74,489132.74,11469.88,2026-07-21 12:53:32.300748+02:00
2026-07-21 10:53:33.300913+00:00,34.06,14.92,870.32,178.83,9.0,15.0,20.0,11469.88,489132.74,489132.74,11469.88,2026-07-21 12:53:33.300913+02:00
2026-07-21 10:53:34.301136+00:00,34.02,14.93,870.35,179.71,10.0,16.0,21.0,11543.86,489132.74,489132.74,11543.86,2026-07-21 12:53:34.301136+02:00
2026-07-21 10:53:35.301030+00:00,33.98,14.93,870.33,178.49,10.0,17.0,22.0,11543.86,489132.74,489132.74,11543.86,2026-07-21 12:53:35.301030+02:00
2026-07-21 10:53:36.301128+00:00,33.95,14.95,870.3,178.49,10.0,17.0,22.0,11543.86,489132.74,489132.74,11543.86,2026-07-21 12:53:36.301128+02:00
2026-07-21 10:53:37.301248+00:00,33.94,14.96,870.28,179.71,10.0,17.0,22.0,11543.86,484350.88,484350.88,11543.86,2026-07-21 12:53:37.301248+02:00
2026-07-21 10:53:38.301294+00:00,33.94,14.96,870.31,178.49,10.0,17.0,22.0,11543.86,484350.88,484350.88,11543.86,2026-07-21 12:53:38.301294+02:00
2026-07-21 10:53:39.301463+00:00,33.94,14.95,870.29,178.49,10.0,17.0,22.0,11543.86,484350.88,484350.88,11543.86,2026-07-21 12:53:39.301463+02:00
2026-07-21 10:53:40.301503+00:00,33.95,14.94,870.29,178.49,10.0,17.0,22.0,11543.86,484350.88,484350.88,11543.86,2026-07-21 12:53:40.301503+02:00
2026-07-21 10:53:41.301601+00:00,33.96,14.93,870.31,178.49,10.0,17.0,22.0,11543.86,484350.88,484350.88,11543.86,2026-07-21 12:53:41.301601+02:00
2026-07-21 10:53:42.301755+00:00,33.97,14.95,870.3,178.49,10.0,17.0,22.0,11543.86,489132.74,489132.74,11543.86,2026-07-21 12:53:42.301755+02:00
2026-07-21 10:53:43.301815+00:00,33.94,14.96,870.28,178.49,10.0,17.0,22.0,11543.86,484350.88,484350.88,11543.86,2026-07-21 12:53:43.301815+02:00
2026-07-21 10:53:44.302101+00:00,33.94,14.99,870.26,179.38,9.0,16.0,19.0,11618.0,489132.74,489132.74,11618.0,2026-07-21 12:53:44.302101+02:00
2026-07-21 10:53:45.301957+00:00,33.95,15.0,870.31,178.49,9.0,16.0,19.0,11618.0,489132.74,489132.74,11618.0,2026-07-21 12:53:45.301957+02:00
2026-07-21 10:53:46.302101+00:00,33.94,14.99,870.28,178.49,9.0,16.0,19.0,11618.0,489132.74,489132.74,11618.0,2026-07-21 12:53:46.302101+02:00
2026-07-21 10:53:47.302176+00:00,33.93,15.02,870.3,178.49,10.0,17.0,19.0,11618.0,489132.74,489132.74,11618.0,2026-07-21 12:53:47.302176+02:00
2026-07-21 10:53:48.302343+00:00,33.92,15.01,870.29,178.83,11.0,18.0,20.0,11618.0,489132.74,489132.74,11618.0,2026-07-21 12:53:48.302343+02:00
2026-07-21 10:53:49.302402+00:00,33.92,15.02,870.28,179.38,11.0,18.0,20.0,11618.0,489132.74,489132.74,11618.0,2026-07-21 12:53:49.302402+02:00
2026-07-21 10:53:50.302502+00:00,33.93,15.02,870.26,178.49,10.0,18.0,19.0,11618.0,489132.74,489132.74,11618.0,2026-07-21 12:53:50.302502+02:00
2026-07-21 10:53:51.302544+00:00,33.95,15.04,870.29,179.38,10.0,18.0,19.0,11618.0,489132.74,489132.74,11618.0,2026-07-21 12:53:51.302544+02:00
2026-07-21 10:53:52.302668+00:00,33.96,15.04,870.29,179.71,10.0,18.0,19.0,11618.0,484350.88,484350.88,11618.0,2026-07-21 12:53:52.302668+02:00
2026-07-21 10:53:53.302822+00:00,33.98,15.06,870.3,179.71,10.0,17.0,19.0,11618.0,489132.74,489132.74,11618.0,2026-07-21 12:53:53.302822+02:00
2026-07-21 10:53:54.302932+00:00,34.0,15.06,870.3,178.49,10.0,17.0,19.0,11618.0,484350.88,484350.88,11618.0,2026-07-21 12:53:54.302932+02:00
2026-07-21 10:53:55.303052+00:00,34.02,14.96,870.3,179.38,10.0,17.0,19.0,11692.31,489132.74,489132.74,11692.31,2026-07-21 12:53:55.303052+02:00
2026-07-21 10:53:56.303243+00:00,33.97,14.9,870.27,179.38,11.0,17.0,17.0,11692.31,489132.74,489132.74,11692.31,2026-07-21 12:53:56.303243+02:00
2026-07-21 10:53:57.303306+00:00,33.95,14.91,870.3,178.83,11.0,17.0,17.0,11692.31,484350.88,484350.88,11692.31,2026-07-21 12:53:57.303306+02:00
2026-07-21 10:53:58.303477+00:00,33.93,14.95,870.3,179.71,11.0,17.0,17.0,11692.31,484350.88,484350.88,11692.31,2026-07-21 12:53:58.303477+02:00
2026-07-21 10:53:59.303444+00:00,33.9,14.97,870.25,179.38,11.0,17.0,17.0,11692.31,484350.88,484350.88,11692.31,2026-07-21 12:53:59.303444+02:00
2026-07-21 10:54:00.303608+00:00,33.87,14.98,870.26,179.38,11.0,17.0,17.0,11692.31,489132.74,489132.74,11692.31,2026-07-21 12:54:00.303608+02:00
2026-07-21 10:54:01.303638+00:00,33.85,15.0,870.27,179.38,11.0,17.0,17.0,11692.31,484350.88,484350.88,11692.31,2026-07-21 12:54:01.303638+02:00
2026-07-21 10:54:02.303687+00:00,33.86,15.01,870.28,179.38,11.0,16.0,16.0,11692.31,489132.74,489132.74,11692.31,2026-07-21 12:54:02.303687+02:00
2026-07-21 10:54:03.303854+00:00,33.9,15.02,870.28,179.38,11.0,16.0,16.0,11692.31,484350.88,484350.88,11692.31,2026-07-21 12:54:03.303854+02:00
2026-07-21 10:54:04.304002+00:00,33.94,15.03,870.28,179.38,11.0,16.0,16.0,11692.31,484350.88,484350.88,11692.31,2026-07-21 12:54:04.304002+02:00
2026-07-21 10:54:05.304010+00:00,33.94,15.0,870.26,179.38,11.0,15.0,15.0,11692.31,484350.88,484350.88,11692.31,2026-07-21 12:54:05.304010+02:00
2026-07-21 10:54:06.304287+00:00,33.93,14.97,870.24,179.38,11.0,15.0,15.0,11692.31,484350.88,484350.88,11692.31,2026-07-21 12:54:06.304287+02:00
2026-07-21 10:54:07.304223+00:00,33.91,14.94,870.27,179.38,11.0,15.0,15.0,11692.31,489132.74,489132.74,11692.31,2026-07-21 12:54:07.304223+02:00
2026-07-21 10:54:08.304335+00:00,33.89,14.92,870.28,179.38,11.0,15.0,15.0,11692.31,489132.74,489132.74,11692.31,2026-07-21 12:54:08.304335+02:00
2026-07-21 10:54:09.304468+00:00,33.87,14.93,870.27,179.38,11.0,15.0,15.0,11692.31,489132.74,489132.74,11692.31,2026-07-21 12:54:09.304468+02:00
2026-07-21 10:54:10.304521+00:00,33.85,14.96,870.26,178.49,11.0,15.0,15.0,11766.78,489132.74,489132.74,11766.78,2026-07-21 12:54:10.304521+02:00
2026-07-21 10:54:11.304569+00:00,33.85,14.96,870.26,179.71,10.0,15.0,16.0,11766.78,489132.74,489132.74,11766.78,2026-07-21 12:54:11.304569+02:00
2026-07-21 10:54:12.304667+00:00,33.84,14.96,870.28,179.71,10.0,15.0,16.0,11766.78,489132.74,489132.74,11766.78,2026-07-21 12:54:12.304667+02:00
2026-07-21 10:54:13.304779+00:00,33.84,14.97,870.29,179.71,10.0,15.0,16.0,11766.78,489132.74,489132.74,11766.78,2026-07-21 12:54:13.304779+02:00
2026-07-21 10:54:14.304868+00:00,33.83,14.98,870.27,179.38,11.0,16.0,17.0,11766.78,489132.74,489132.74,11766.78,2026-07-21 12:54:14.304868+02:00
2026-07-21 10:54:15.304924+00:00,33.85,14.97,870.28,178.49,11.0,16.0,17.0,11766.78,489132.74,489132.74,11766.78,2026-07-21 12:54:15.304924+02:00
2026-07-21 10:54:16.305065+00:00,33.87,14.98,870.27,179.71,10.0,15.0,16.0,11766.78,489132.74,489132.74,11766.78,2026-07-21 12:54:16.305065+02:00
2026-07-21 10:54:17.305326+00:00,33.88,14.96,870.29,179.71,9.0,15.0,16.0,11766.78,489132.74,489132.74,11766.78,2026-07-21 12:54:17.305326+02:00
2026-07-21 10:54:18.304911+00:00,33.88,14.94,870.25,179.71,9.0,15.0,16.0,11766.78,484350.88,484350.88,11766.78,2026-07-21 12:54:18.304911+02:00
2026-07-21 10:54:19.305341+00:00,33.88,14.94,870.26,179.38,10.0,16.0,17.0,11841.41,489132.74,489132.74,11841.41,2026-07-21 12:54:19.305341+02:00
2026-07-21 10:54:20.305346+00:00,33.89,14.98,870.27,179.38,11.0,16.0,17.0,11841.41,489132.74,489132.74,11841.41,2026-07-21 12:54:20.305346+02:00
2026-07-21 10:54:21.305487+00:00,33.91,15.03,870.29,178.49,11.0,16.0,17.0,11841.41,489132.74,489132.74,11841.41,2026-07-21 12:54:21.305487+02:00
2026-07-21 10:54:22.305663+00:00,33.92,15.07,870.27,179.38,11.0,16.0,17.0,11841.41,484350.88,484350.88,11841.41,2026-07-21 12:54:22.305663+02:00
2026-07-21 10:54:23.305627+00:00,33.93,15.11,870.24,178.49,11.0,17.0,19.0,11841.41,484350.88,484350.88,11841.41,2026-07-21 12:54:23.305627+02:00
2026-07-21 10:54:24.305811+00:00,33.94,15.14,870.28,179.38,11.0,17.0,19.0,11841.41,484350.88,484350.88,11841.41,2026-07-21 12:54:24.305811+02:00
2026-07-21 10:54:25.305944+00:00,33.97,15.15,870.24,179.38,11.0,17.0,19.0,11841.41,489132.74,489132.74,11841.41,2026-07-21 12:54:25.305944+02:00
2026-07-21 10:54:26.305983+00:00,33.97,15.15,870.28,179.38,12.0,18.0,21.0,11841.41,484350.88,484350.88,11841.41,2026-07-21 12:54:26.305983+02:00
2026-07-21 10:54:27.306028+00:00,33.98,15.14,870.28,178.49,12.0,18.0,21.0,11841.41,484350.88,484350.88,11841.41,2026-07-21 12:54:27.306028+02:00
2026-07-21 10:54:28.306185+00:00,33.98,15.14,870.28,179.38,12.0,18.0,21.0,11841.41,484350.88,484350.88,11841.41,2026-07-21 12:54:28.306185+02:00
2026-07-21 10:54:29.306463+00:00,33.98,15.14,870.31,178.49,12.0,18.0,21.0,11841.41,489132.74,489132.74,11841.41,2026-07-21 12:54:29.306463+02:00
2026-07-21 10:54:30.306340+00:00,33.99,15.15,870.29,179.71,12.0,18.0,21.0,11841.41,489132.74,489132.74,11841.41,2026-07-21 12:54:30.306340+02:00
2026-07-21 10:54:31.306419+00:00,34.02,15.15,870.31,179.71,12.0,18.0,21.0,11841.41,484350.88,484350.88,11841.41,2026-07-21 12:54:31.306419+02:00
2026-07-21 10:54:32.306958+00:00,33.97,15.11,870.28,173.62,12.0,18.0,21.0,11841.41,484350.88,484350.88,11841.41,2026-07-21 12:54:32.306958+02:00
2026-07-21 10:54:33.306640+00:00,33.95,15.05,870.3,178.83,12.0,18.0,21.0,11841.41,484350.88,484350.88,11841.41,2026-07-21 12:54:33.306640+02:00
2026-07-21 10:54:34.306859+00:00,33.91,15.01,870.29,56.93,12.0,18.0,21.0,11841.41,489132.74,489132.74,11841.41,2026-07-21 12:54:34.306859+02:00
2026-07-21 10:54:35.306798+00:00,33.88,15.12,870.29,44.33,13.0,18.0,21.0,11841.41,489132.74,489132.74,11841.41,2026-07-21 12:54:35.306798+02:00
2026-07-21 10:54:36.306886+00:00,33.97,15.07,870.28,55.03,13.0,18.0,21.0,11841.41,489132.74,489132.74,11841.41,2026-07-21 12:54:36.306886+02:00
2026-07-21 10:54:37.307000+00:00,34.02,15.07,870.29,175.06,13.0,18.0,21.0,11841.41,484350.88,484350.88,11841.41,2026-07-21 12:54:37.307000+02:00
2026-07-21 10:54:38.307229+00:00,34.03,15.17,870.29,179.16,13.0,18.0,21.0,11841.41,484350.88,484350.88,11841.41,2026-07-21 12:54:38.307229+02:00
2026-07-21 10:54:39.307310+00:00,34.04,15.16,870.28,175.61,13.0,18.0,21.0,11916.21,484350.88,484350.88,11916.21,2026-07-21 12:54:39.307310+02:00
2026-07-21 10:54:40.307462+00:00,34.01,15.19,870.29,126.86,13.0,18.0,21.0,11916.21,484350.88,484350.88,11916.21,2026-07-21 12:54:40.307462+02:00
2026-07-21 10:54:41.307288+00:00,33.91,16.2,870.29,3.85,14.0,19.0,21.0,11916.21,484350.88,484350.88,11916.21,2026-07-21 12:54:41.307288+02:00
2026-07-21 10:54:42.307396+00:00,33.89,16.2,870.31,120.2,14.0,19.0,21.0,11841.41,484350.88,484350.88,11841.41,2026-07-21 12:54:42.307396+02:00
2026-07-21 10:54:43.307582+00:00,33.99,16.16,870.31,3.85,14.0,19.0,21.0,11841.41,484350.88,484350.88,11841.41,2026-07-21 12:54:43.307582+02:00
2026-07-21 10:54:44.307584+00:00,34.04,15.74,870.31,12.36,13.0,18.0,20.0,11916.21,484350.88,484350.88,11916.21,2026-07-21 12:54:44.307584+02:00
2026-07-21 10:54:45.307651+00:00,34.06,15.63,870.28,107.0,13.0,18.0,20.0,11916.21,484350.88,484350.88,11916.21,2026-07-21 12:54:45.307651+02:00
2026-07-21 10:54:46.307734+00:00,34.14,15.83,870.31,3.85,13.0,18.0,20.0,11916.21,484350.88,484350.88,11916.21,2026-07-21 12:54:46.307734+02:00
2026-07-21 10:54:47.307866+00:00,34.23,16.45,870.29,15.05,14.0,19.0,21.0,11916.21,484350.88,484350.88,11916.21,2026-07-21 12:54:47.307866+02:00
2026-07-21 10:54:48.308072+00:00,34.34,16.3,870.29,0.95,14.0,19.0,21.0,11916.21,484350.88,484350.88,11916.21,2026-07-21 12:54:48.308072+02:00
2026-07-21 10:54:49.308098+00:00,34.44,15.89,870.29,126.01,14.0,19.0,21.0,11916.21,484350.88,484350.88,11916.21,2026-07-21 12:54:49.308098+02:00
2026-07-21 10:54:50.308352+00:00,34.51,15.33,870.28,151.23,14.0,18.0,20.0,11916.21,484350.88,484350.88,11916.21,2026-07-21 12:54:50.308352+02:00
2026-07-21 10:54:51.308400+00:00,34.59,15.09,870.27,178.83,14.0,18.0,20.0,11916.21,484350.88,484350.88,11916.21,2026-07-21 12:54:51.308400+02:00
2026-07-21 10:54:52.308266+00:00,34.69,14.94,870.27,179.16,14.0,18.0,20.0,11916.21,484350.88,484350.88,11916.21,2026-07-21 12:54:52.308266+02:00
2026-07-21 10:54:53.308553+00:00,34.71,14.82,870.32,178.83,13.0,17.0,18.0,11916.21,484350.88,484350.88,11916.21,2026-07-21 12:54:53.308553+02:00
2026-07-21 10:54:54.308618+00:00,34.67,14.72,870.33,178.83,13.0,17.0,18.0,11916.21,484350.88,484350.88,11916.21,2026-07-21 12:54:54.308618+02:00
2026-07-21 10:54:55.308630+00:00,34.65,14.67,870.3,179.16,13.0,17.0,18.0,11916.21,484350.88,484350.88,11916.21,2026-07-21 12:54:55.308630+02:00
2026-07-21 10:54:56.308723+00:00,34.62,14.65,870.3,179.16,13.0,18.0,19.0,11916.21,484350.88,484350.88,11916.21,2026-07-21 12:54:56.308723+02:00
2026-07-21 10:54:57.308936+00:00,34.61,14.64,870.3,179.16,13.0,18.0,19.0,11916.21,484350.88,484350.88,11916.21,2026-07-21 12:54:57.308936+02:00
2026-07-21 10:54:58.308937+00:00,34.61,14.63,870.28,178.83,13.0,18.0,19.0,11991.17,484350.88,484350.88,11991.17,2026-07-21 12:54:58.308937+02:00
2026-07-21 10:54:59.309027+00:00,34.57,14.63,870.29,178.83,12.0,18.0,19.0,11991.17,484350.88,484350.88,11991.17,2026-07-21 12:54:59.309027+02:00
2026-07-21 10:55:00.309099+00:00,34.55,14.63,870.31,178.83,11.0,17.0,18.0,11991.17,484350.88,484350.88,11991.17,2026-07-21 12:55:00.309099+02:00
2026-07-21 10:55:01.309198+00:00,34.53,14.64,870.28,178.83,11.0,17.0,18.0,11991.17,484350.88,484350.88,11991.17,2026-07-21 12:55:01.309198+02:00
2026-07-21 10:55:02.309577+00:00,34.49,14.66,870.3,178.83,11.0,17.0,19.0,11991.17,484350.88,484350.88,11991.17,2026-07-21 12:55:02.309577+02:00
2026-07-21 10:55:03.309536+00:00,34.48,14.64,870.31,178.83,11.0,17.0,19.0,11991.17,484350.88,484350.88,11991.17,2026-07-21 12:55:03.309536+02:00
2026-07-21 10:55:04.309617+00:00,34.45,14.67,870.3,178.83,11.0,17.0,19.0,11991.17,484350.88,484350.88,11991.17,2026-07-21 12:55:04.309617+02:00
2026-07-21 10:55:05.309604+00:00,34.43,14.69,870.3,178.83,11.0,17.0,19.0,11991.17,484350.88,484350.88,11991.17,2026-07-21 12:55:05.309604+02:00
2026-07-21 10:55:06.309989+00:00,34.42,14.7,870.31,178.83,11.0,17.0,19.0,11991.17,484350.88,484350.88,11991.17,2026-07-21 12:55:06.309989+02:00
2026-07-21 10:55:07.324505+00:00,34.42,14.71,870.32,178.83,11.0,17.0,19.0,12066.3,484350.88,484350.88,12066.3,2026-07-21 12:55:07.324505+02:00
2026-07-21 10:55:08.313593+00:00,34.38,14.72,870.3,178.83,11.0,18.0,19.0,12066.3,484350.88,484350.88,12066.3,2026-07-21 12:55:08.313593+02:00
2026-07-21 10:55:09.313285+00:00,34.37,14.72,870.33,178.83,11.0,18.0,19.0,12066.3,484350.88,484350.88,12066.3,2026-07-21 12:55:09.313285+02:00
2026-07-21 10:55:10.313701+00:00,34.36,14.74,870.31,178.83,11.0,18.0,19.0,12066.3,484350.88,484350.88,12066.3,2026-07-21 12:55:10.313701+02:00
2026-07-21 10:55:11.314415+00:00,34.35,14.76,870.29,179.16,11.0,17.0,19.0,12066.3,484350.88,484350.88,12066.3,2026-07-21 12:55:11.314415+02:00
2026-07-21 10:55:12.314382+00:00,34.34,14.76,870.28,179.16,11.0,17.0,19.0,12066.3,479652.17,479652.17,12066.3,2026-07-21 12:55:12.314382+02:00
2026-07-21 10:55:13.313734+00:00,34.32,14.78,870.28,178.83,11.0,17.0,19.0,12066.3,479652.17,479652.17,12066.3,2026-07-21 12:55:13.313734+02:00
2026-07-21 10:55:14.314014+00:00,34.3,14.79,870.28,178.83,11.0,17.0,19.0,12066.3,479652.17,479652.17,12066.3,2026-07-21 12:55:14.314014+02:00
2026-07-21 10:55:15.313950+00:00,34.32,14.79,870.28,178.83,11.0,17.0,19.0,12066.3,479652.17,479652.17,12066.3,2026-07-21 12:55:15.313950+02:00
2026-07-21 10:55:16.314752+00:00,34.31,14.81,870.3,179.16,11.0,17.0,19.0,12066.3,479652.17,479652.17,12066.3,2026-07-21 12:55:16.314752+02:00
2026-07-21 10:55:17.315630+00:00,34.31,14.83,870.27,179.16,10.0,16.0,17.0,12066.3,479652.17,479652.17,12066.3,2026-07-21 12:55:17.315630+02:00
2026-07-21 10:55:18.315457+00:00,34.31,14.84,870.3,178.83,11.0,17.0,18.0,11991.17,479652.17,479652.17,11991.17,2026-07-21 12:55:18.315457+02:00
2026-07-21 10:55:19.314373+00:00,34.37,14.8,870.29,177.39,11.0,17.0,18.0,11991.17,479652.17,479652.17,11991.17,2026-07-21 12:55:19.314373+02:00
2026-07-21 10:55:20.314505+00:00,34.42,14.75,870.29,178.83,11.0,17.0,20.0,12066.3,479652.17,479652.17,12066.3,2026-07-21 12:55:20.314505+02:00
2026-07-21 10:55:21.314510+00:00,34.45,14.69,870.28,179.16,11.0,17.0,20.0,11991.17,479652.17,479652.17,11991.17,2026-07-21 12:55:21.314510+02:00
2026-07-21 10:55:22.314641+00:00,34.5,14.64,870.3,178.83,11.0,17.0,20.0,11991.17,479652.17,479652.17,11991.17,2026-07-21 12:55:22.314641+02:00
2026-07-21 10:55:23.315404+00:00,34.52,14.59,870.3,178.83,12.0,18.0,21.0,11991.17,479652.17,479652.17,11991.17,2026-07-21 12:55:23.315404+02:00
2026-07-21 10:55:24.315158+00:00,34.51,14.57,870.28,178.83,12.0,18.0,21.0,12066.3,479652.17,479652.17,12066.3,2026-07-21 12:55:24.315158+02:00
2026-07-21 10:55:25.315115+00:00,34.5,14.56,870.32,178.83,12.0,18.0,21.0,11991.17,479652.17,479652.17,11991.17,2026-07-21 12:55:25.315115+02:00
2026-07-21 10:55:26.315173+00:00,34.54,14.54,870.28,178.83,12.0,18.0,19.0,12066.3,479652.17,479652.17,12066.3,2026-07-21 12:55:26.315173+02:00
2026-07-21 10:55:27.315174+00:00,34.5,14.54,870.33,178.83,12.0,18.0,19.0,12066.3,479652.17,479652.17,12066.3,2026-07-21 12:55:27.315174+02:00
2026-07-21 10:55:28.315177+00:00,34.52,14.56,870.32,178.83,12.0,18.0,19.0,12066.3,479652.17,479652.17,12066.3,2026-07-21 12:55:28.315177+02:00
2026-07-21 10:55:29.315848+00:00,34.51,14.58,870.3,178.83,12.0,18.0,19.0,12066.3,479652.17,479652.17,12066.3,2026-07-21 12:55:29.315848+02:00
2026-07-21 10:55:30.315873+00:00,34.51,14.72,870.34,178.83,12.0,18.0,19.0,12066.3,479652.17,479652.17,12066.3,2026-07-21 12:55:30.315873+02:00
2026-07-21 10:55:31.316966+00:00,34.49,15.09,870.33,178.83,12.0,18.0,19.0,12066.3,479652.17,479652.17,12066.3,2026-07-21 12:55:31.316966+02:00
2026-07-21 10:55:32.321782+00:00,34.47,14.89,870.29,179.16,12.0,19.0,20.0,12066.3,479652.17,479652.17,12066.3,2026-07-21 12:55:32.321782+02:00
2026-07-21 10:55:33.315968+00:00,34.45,14.77,870.32,178.83,12.0,19.0,20.0,12066.3,479652.17,479652.17,12066.3,2026-07-21 12:55:33.315968+02:00
2026-07-21 10:55:34.316770+00:00,34.49,14.69,870.31,178.83,12.0,19.0,20.0,12141.59,484350.88,484350.88,12141.59,2026-07-21 12:55:34.316770+02:00
2026-07-21 10:55:35.316861+00:00,34.53,14.63,870.27,179.16,12.0,19.0,20.0,12141.59,484350.88,484350.88,12141.59,2026-07-21 12:55:35.316861+02:00
2026-07-21 10:55:36.316405+00:00,34.58,14.57,870.29,179.16,12.0,19.0,20.0,12141.59,484350.88,484350.88,12141.59,2026-07-21 12:55:36.316405+02:00
2026-07-21 10:55:37.317097+00:00,34.64,14.52,870.33,179.16,12.0,19.0,20.0,12141.59,484350.88,484350.88,12141.59,2026-07-21 12:55:37.317097+02:00
2026-07-21 10:55:38.316389+00:00,34.71,14.47,870.3,178.83,12.0,19.0,20.0,12141.59,484350.88,484350.88,12141.59,2026-07-21 12:55:38.316389+02:00
2026-07-21 10:55:39.316306+00:00,34.76,14.48,870.32,178.83,12.0,19.0,20.0,12217.05,484350.88,484350.88,12217.05,2026-07-21 12:55:39.316306+02:00
2026-07-21 10:55:40.316383+00:00,34.78,14.48,870.29,178.83,12.0,19.0,20.0,12217.05,484350.88,484350.88,12217.05,2026-07-21 12:55:40.316383+02:00
2026-07-21 10:55:41.316853+00:00,34.8,14.45,870.28,179.16,12.0,19.0,20.0,12217.05,484350.88,484350.88,12217.05,2026-07-21 12:55:41.316853+02:00
2026-07-21 10:55:42.316634+00:00,34.79,14.44,870.3,179.16,12.0,19.0,20.0,12217.05,484350.88,484350.88,12217.05,2026-07-21 12:55:42.316634+02:00
2026-07-21 10:55:43.317325+00:00,34.78,14.41,870.3,178.83,12.0,19.0,20.0,12217.05,479652.17,479652.17,12217.05,2026-07-21 12:55:43.317325+02:00
2026-07-21 10:55:44.317320+00:00,34.74,14.42,870.29,178.83,12.0,18.0,19.0,12217.05,479652.17,479652.17,12217.05,2026-07-21 12:55:44.317320+02:00
2026-07-21 10:55:45.317523+00:00,34.75,14.44,870.3,178.83,12.0,18.0,19.0,12217.05,479652.17,479652.17,12217.05,2026-07-21 12:55:45.317523+02:00
2026-07-21 10:55:46.317574+00:00,34.75,14.48,870.29,178.83,12.0,18.0,19.0,12217.05,479652.17,479652.17,12217.05,2026-07-21 12:55:46.317574+02:00
2026-07-21 10:55:47.318619+00:00,34.73,14.54,870.3,178.83,12.0,18.0,20.0,12141.59,475034.48,475034.48,12141.59,2026-07-21 12:55:47.318619+02:00
2026-07-21 10:55:48.317921+00:00,34.68,14.6,870.33,178.83,12.0,18.0,20.0,12141.59,475034.48,475034.48,12141.59,2026-07-21 12:55:48.317921+02:00
2026-07-21 10:55:49.318229+00:00,34.65,14.64,870.32,178.83,12.0,18.0,20.0,12141.59,479652.17,479652.17,12141.59,2026-07-21 12:55:49.318229+02:00
2026-07-21 10:55:50.317885+00:00,34.68,14.65,870.31,178.83,12.0,18.0,19.0,12141.59,479652.17,479652.17,12141.59,2026-07-21 12:55:50.317885+02:00
2026-07-21 10:55:51.318028+00:00,34.76,14.62,870.29,178.83,12.0,18.0,19.0,12141.59,479652.17,479652.17,12141.59,2026-07-21 12:55:51.318028+02:00
2026-07-21 10:55:52.318135+00:00,34.82,14.56,870.28,178.83,12.0,18.0,19.0,12141.59,479652.17,479652.17,12141.59,2026-07-21 12:55:52.318135+02:00
2026-07-21 10:55:53.318299+00:00,34.83,14.51,870.3,178.83,12.0,17.0,18.0,12217.05,484350.88,484350.88,12217.05,2026-07-21 12:55:53.318299+02:00
2026-07-21 10:55:54.318312+00:00,34.83,14.47,870.31,178.83,12.0,17.0,18.0,12217.05,479652.17,479652.17,12217.05,2026-07-21 12:55:54.318312+02:00
2026-07-21 10:55:55.318403+00:00,34.85,14.45,870.28,179.16,12.0,17.0,18.0,12217.05,484350.88,484350.88,12217.05,2026-07-21 12:55:55.318403+02:00
2026-07-21 10:55:56.318745+00:00,34.87,14.43,870.29,179.16,12.0,17.0,18.0,12217.05,484350.88,484350.88,12217.05,2026-07-21 12:55:56.318745+02:00
2026-07-21 10:55:57.319225+00:00,34.9,14.41,870.28,179.16,12.0,17.0,18.0,12217.05,484350.88,484350.88,12217.05,2026-07-21 12:55:57.319225+02:00
2026-07-21 10:55:58.319504+00:00,34.94,14.4,870.28,176.17,12.0,17.0,18.0,12217.05,479652.17,479652.17,12217.05,2026-07-21 12:55:58.319504+02:00
2026-07-21 10:55:59.319680+00:00,34.94,14.4,870.3,178.83,12.0,17.0,18.0,12217.05,484350.88,484350.88,12217.05,2026-07-21 12:55:59.319680+02:00
2026-07-21 10:56:00.319166+00:00,34.94,14.37,870.3,178.83,12.0,17.0,18.0,12217.05,484350.88,484350.88,12217.05,2026-07-21 12:56:00.319166+02:00
2026-07-21 10:57:15.660224+00:00,23.61,81.52,681.62,179.16,4.0,8.0,8.0,12520.58,479652.17,479652.17,12520.58,2026-07-21 12:57:15.660224+02:00
2026-07-21 10:57:16.500278+00:00,35.52,14.09,870.28,178.83,7.0,12.0,12.0,12520.58,475034.48,475034.48,12520.58,2026-07-21 12:57:16.500278+02:00
2026-07-21 10:57:17.500624+00:00,35.49,14.08,870.28,178.83,7.0,14.0,14.0,12520.58,475034.48,475034.48,12520.58,2026-07-21 12:57:17.500624+02:00
2026-07-21 10:57:18.500760+00:00,35.52,14.06,870.28,178.83,8.0,14.0,14.0,12520.58,475034.48,475034.48,12520.58,2026-07-21 12:57:18.500760+02:00
2026-07-21 10:57:19.500868+00:00,35.51,14.07,870.3,179.16,8.0,13.0,13.0,12520.58,479652.17,479652.17,12520.58,2026-07-21 12:57:19.500868+02:00
2026-07-21 10:57:20.500870+00:00,35.51,14.11,870.28,179.16,8.0,12.0,12.0,12596.88,475034.48,475034.48,12596.88,2026-07-21 12:57:20.500870+02:00
2026-07-21 10:57:21.500951+00:00,35.53,14.15,870.3,179.16,8.0,14.0,14.0,12596.88,475034.48,475034.48,12596.88,2026-07-21 12:57:21.500951+02:00
2026-07-21 10:57:22.501295+00:00,35.52,14.2,870.3,178.83,9.0,16.0,16.0,12520.58,475034.48,475034.48,12520.58,2026-07-21 12:57:22.501295+02:00
2026-07-21 10:57:23.501184+00:00,35.54,14.21,870.28,178.83,9.0,15.0,15.0,12520.58,475034.48,475034.48,12520.58,2026-07-21 12:57:23.501184+02:00
2026-07-21 10:57:24.501266+00:00,35.55,14.25,870.26,178.83,8.0,13.0,13.0,12520.58,475034.48,475034.48,12520.58,2026-07-21 12:57:24.501266+02:00
2026-07-21 10:57:25.501548+00:00,35.58,14.24,870.3,178.83,9.0,14.0,14.0,12520.58,475034.48,475034.48,12520.58,2026-07-21 12:57:25.501548+02:00
2026-07-21 10:57:26.501591+00:00,35.6,14.24,870.29,178.83,9.0,14.0,16.0,12520.58,475034.48,475034.48,12520.58,2026-07-21 12:57:26.501591+02:00
2026-07-21 10:57:27.501712+00:00,35.61,14.26,870.3,178.83,9.0,15.0,18.0,12520.58,475034.48,475034.48,12520.58,2026-07-21 12:57:27.501712+02:00
2026-07-21 10:57:28.501724+00:00,35.61,14.26,870.31,178.83,9.0,15.0,18.0,12596.88,475034.48,475034.48,12596.88,2026-07-21 12:57:28.501724+02:00
2026-07-21 10:57:29.501756+00:00,35.63,14.23,870.3,178.83,9.0,16.0,18.0,12596.88,475034.48,475034.48,12596.88,2026-07-21 12:57:29.501756+02:00
2026-07-21 10:57:30.501842+00:00,35.65,14.16,870.33,178.83,10.0,17.0,19.0,12596.88,475034.48,475034.48,12596.88,2026-07-21 12:57:30.501842+02:00
2026-07-21 10:57:31.502138+00:00,35.66,14.07,870.33,178.83,10.0,17.0,19.0,12596.88,475034.48,475034.48,12596.88,2026-07-21 12:57:31.502138+02:00
2026-07-21 10:57:32.502042+00:00,35.64,14.04,870.3,178.83,10.0,15.0,17.0,12596.88,475034.48,475034.48,12596.88,2026-07-21 12:57:32.502042+02:00
2026-07-21 10:57:33.502178+00:00,35.6,14.04,870.28,178.83,10.0,16.0,18.0,12596.88,475034.48,475034.48,12596.88,2026-07-21 12:57:33.502178+02:00
2026-07-21 10:57:34.502351+00:00,35.58,14.04,870.3,179.16,9.0,14.0,17.0,12596.88,475034.48,475034.48,12596.88,2026-07-21 12:57:34.502351+02:00
2026-07-21 10:57:35.502448+00:00,35.57,14.04,870.29,179.16,9.0,14.0,17.0,12596.88,475034.48,475034.48,12596.88,2026-07-21 12:57:35.502448+02:00
2026-07-21 10:57:36.502485+00:00,35.59,14.04,870.3,178.83,9.0,14.0,17.0,12596.88,475034.48,475034.48,12596.88,2026-07-21 12:57:36.502485+02:00
2026-07-21 10:57:37.502543+00:00,35.61,14.03,870.3,178.83,9.0,14.0,17.0,12596.88,475034.48,475034.48,12596.88,2026-07-21 12:57:37.502543+02:00
2026-07-21 10:57:38.502876+00:00,35.61,14.04,870.32,179.16,8.0,14.0,16.0,12596.88,475034.48,475034.48,12596.88,2026-07-21 12:57:38.502876+02:00
2026-07-21 10:57:39.502842+00:00,35.6,14.05,870.28,179.16,8.0,14.0,16.0,12596.88,475034.48,475034.48,12596.88,2026-07-21 12:57:39.502842+02:00
2026-07-21 10:57:40.503012+00:00,35.61,14.05,870.28,179.16,8.0,14.0,16.0,12596.88,475034.48,475034.48,12596.88,2026-07-21 12:57:40.503012+02:00
2026-07-21 10:57:41.502880+00:00,35.62,14.05,870.3,179.16,8.0,14.0,15.0,12596.88,475034.48,475034.48,12596.88,2026-07-21 12:57:41.502880+02:00
2026-07-21 10:57:42.502970+00:00,35.62,14.0,870.3,179.16,8.0,14.0,15.0,12596.88,475034.48,475034.48,12596.88,2026-07-21 12:57:42.502970+02:00
2026-07-21 10:57:43.503291+00:00,35.57,13.89,870.27,178.83,8.0,14.0,15.0,12673.36,475034.48,475034.48,12673.36,2026-07-21 12:57:43.503291+02:00
2026-07-21 10:57:44.503288+00:00,35.52,13.91,870.29,178.83,9.0,15.0,16.0,12673.36,475034.48,475034.48,12673.36,2026-07-21 12:57:44.503288+02:00
2026-07-21 10:57:45.503332+00:00,35.52,13.93,870.29,178.83,9.0,15.0,16.0,12673.36,475034.48,475034.48,12673.36,2026-07-21 12:57:45.503332+02:00
2026-07-21 10:57:46.503370+00:00,35.52,13.94,870.29,178.83,9.0,15.0,16.0,12673.36,475034.48,475034.48,12673.36,2026-07-21 12:57:46.503370+02:00
2026-07-21 10:57:47.503521+00:00,35.51,13.9,870.28,178.83,9.0,15.0,16.0,12673.36,475034.48,475034.48,12673.36,2026-07-21 12:57:47.503521+02:00
2026-07-21 10:57:48.503550+00:00,35.49,13.86,870.31,178.83,9.0,15.0,16.0,12673.36,475034.48,475034.48,12673.36,2026-07-21 12:57:48.503550+02:00
2026-07-21 10:57:49.503933+00:00,35.49,13.85,870.25,178.83,9.0,15.0,16.0,12673.36,475034.48,475034.48,12673.36,2026-07-21 12:57:49.503933+02:00
2026-07-21 10:57:50.503801+00:00,35.49,13.86,870.3,178.83,9.0,15.0,16.0,12673.36,475034.48,475034.48,12673.36,2026-07-21 12:57:50.503801+02:00
2026-07-21 10:57:51.503896+00:00,35.5,13.86,870.27,178.83,9.0,15.0,16.0,12673.36,475034.48,475034.48,12673.36,2026-07-21 12:57:51.503896+02:00
2026-07-21 10:57:52.504080+00:00,35.5,13.84,870.26,178.83,9.0,15.0,16.0,12673.36,475034.48,475034.48,12673.36,2026-07-21 12:57:52.504080+02:00
2026-07-21 10:57:53.504102+00:00,35.48,13.83,870.29,178.83,9.0,15.0,15.0,12673.36,475034.48,475034.48,12673.36,2026-07-21 12:57:53.504102+02:00
2026-07-21 10:57:54.504267+00:00,35.48,13.84,870.28,178.83,9.0,15.0,15.0,12673.36,475034.48,475034.48,12673.36,2026-07-21 12:57:54.504267+02:00
2026-07-21 10:57:55.504271+00:00,35.47,13.91,870.31,179.16,9.0,15.0,15.0,12673.36,479652.17,479652.17,12673.36,2026-07-21 12:57:55.504271+02:00
2026-07-21 10:57:56.504358+00:00,35.45,13.98,870.3,179.16,10.0,16.0,17.0,12750.0,479652.17,479652.17,12750.0,2026-07-21 12:57:56.504358+02:00
2026-07-21 10:57:57.504497+00:00,35.45,14.03,870.3,178.83,10.0,16.0,17.0,12750.0,479652.17,479652.17,12750.0,2026-07-21 12:57:57.504497+02:00
2026-07-21 10:57:58.504668+00:00,35.49,14.04,870.29,178.83,10.0,16.0,17.0,12750.0,479652.17,479652.17,12750.0,2026-07-21 12:57:58.504668+02:00
2026-07-21 10:57:59.504731+00:00,35.54,14.03,870.28,178.83,11.0,16.0,17.0,12750.0,479652.17,479652.17,12750.0,2026-07-21 12:57:59.504731+02:00
2026-07-21 10:58:00.504889+00:00,35.59,14.02,870.27,179.16,11.0,16.0,17.0,12750.0,479652.17,479652.17,12750.0,2026-07-21 12:58:00.504889+02:00
2026-07-21 10:58:01.504816+00:00,35.64,14.02,870.32,179.16,11.0,16.0,17.0,12750.0,479652.17,479652.17,12750.0,2026-07-21 12:58:01.504816+02:00
2026-07-21 10:58:02.505006+00:00,35.62,14.02,870.32,178.83,11.0,16.0,17.0,12750.0,475034.48,475034.48,12750.0,2026-07-21 12:58:02.505006+02:00
2026-07-21 10:58:03.504991+00:00,35.56,14.02,870.3,178.83,11.0,16.0,17.0,12750.0,475034.48,475034.48,12750.0,2026-07-21 12:58:03.504991+02:00
2026-07-21 10:58:04.505121+00:00,35.54,14.0,870.29,178.83,10.0,15.0,16.0,12750.0,475034.48,475034.48,12750.0,2026-07-21 12:58:04.505121+02:00
2026-07-21 10:58:05.505228+00:00,35.54,14.04,870.3,178.83,10.0,15.0,16.0,12750.0,475034.48,475034.48,12750.0,2026-07-21 12:58:05.505228+02:00
2026-07-21 10:58:06.505294+00:00,35.54,14.05,870.3,178.83,10.0,15.0,16.0,12750.0,475034.48,475034.48,12750.0,2026-07-21 12:58:06.505294+02:00
2026-07-21 10:58:07.505479+00:00,35.53,14.07,870.29,178.83,10.0,15.0,16.0,12826.82,475034.48,475034.48,12826.82,2026-07-21 12:58:07.505479+02:00
2026-07-21 10:58:08.505557+00:00,35.52,14.09,870.3,178.83,11.0,17.0,18.0,12750.0,475034.48,475034.48,12750.0,2026-07-21 12:58:08.505557+02:00
2026-07-21 10:58:09.505628+00:00,35.48,14.11,870.28,179.16,11.0,17.0,19.0,12750.0,475034.48,475034.48,12750.0,2026-07-21 12:58:09.505628+02:00
2026-07-21 10:58:10.505712+00:00,35.44,14.14,870.29,178.83,11.0,18.0,19.0,12750.0,475034.48,475034.48,12750.0,2026-07-21 12:58:10.505712+02:00
2026-07-21 10:58:11.506057+00:00,35.4,14.17,870.31,178.83,10.0,18.0,19.0,12750.0,475034.48,475034.48,12750.0,2026-07-21 12:58:11.506057+02:00
2026-07-21 10:58:12.505849+00:00,35.38,14.16,870.29,178.83,11.0,19.0,21.0,12750.0,475034.48,475034.48,12750.0,2026-07-21 12:58:12.505849+02:00
2026-07-21 10:58:13.505948+00:00,35.36,14.06,870.29,178.83,11.0,20.0,22.0,12750.0,475034.48,475034.48,12750.0,2026-07-21 12:58:13.505948+02:00
2026-07-21 10:58:14.506123+00:00,35.34,14.02,870.26,178.83,11.0,21.0,23.0,12750.0,475034.48,475034.48,12750.0,2026-07-21 12:58:14.506123+02:00
2026-07-21 10:58:15.506280+00:00,35.38,14.0,870.28,178.83,11.0,21.0,23.0,12750.0,475034.48,475034.48,12750.0,2026-07-21 12:58:15.506280+02:00
2026-07-21 10:58:16.506270+00:00,35.38,13.94,870.29,179.16,11.0,21.0,23.0,12750.0,475034.48,475034.48,12750.0,2026-07-21 12:58:16.506270+02:00
2026-07-21 10:58:17.506308+00:00,35.38,13.92,870.29,178.83,11.0,20.0,22.0,12750.0,475034.48,475034.48,12750.0,2026-07-21 12:58:17.506308+02:00
2026-07-21 10:58:18.506423+00:00,35.39,13.91,870.32,178.83,11.0,20.0,22.0,12750.0,475034.48,475034.48,12750.0,2026-07-21 12:58:18.506423+02:00
2026-07-21 10:58:19.506578+00:00,35.44,13.93,870.29,179.16,11.0,20.0,22.0,12750.0,475034.48,475034.48,12750.0,2026-07-21 12:58:19.506578+02:00
2026-07-21 10:58:20.506622+00:00,35.45,13.96,870.31,179.16,11.0,20.0,22.0,12750.0,475034.48,475034.48,12750.0,2026-07-21 12:58:20.506622+02:00
2026-07-21 10:58:21.506741+00:00,35.44,13.99,870.28,179.16,11.0,20.0,22.0,12750.0,475034.48,475034.48,12750.0,2026-07-21 12:58:21.506741+02:00
2026-07-21 10:58:22.506979+00:00,35.44,14.02,870.31,179.16,11.0,20.0,22.0,12826.82,475034.48,475034.48,12826.82,2026-07-21 12:58:22.506979+02:00
2026-07-21 10:58:23.506936+00:00,35.45,14.07,870.25,178.83,12.0,20.0,22.0,12826.82,475034.48,475034.48,12826.82,2026-07-21 12:58:23.506936+02:00
2026-07-21 10:58:24.507059+00:00,35.44,14.15,870.27,178.83,12.0,20.0,22.0,12826.82,475034.48,475034.48,12826.82,2026-07-21 12:58:24.507059+02:00
2026-07-21 10:58:25.507130+00:00,35.42,14.17,870.27,179.16,12.0,20.0,22.0,12826.82,475034.48,475034.48,12826.82,2026-07-21 12:58:25.507130+02:00
2026-07-21 10:58:26.507199+00:00,35.42,14.17,870.29,178.83,13.0,20.0,22.0,12826.82,475034.48,475034.48,12826.82,2026-07-21 12:58:26.507199+02:00
2026-07-21 10:58:27.507367+00:00,35.43,14.15,870.26,178.83,13.0,20.0,22.0,12826.82,475034.48,475034.48,12826.82,2026-07-21 12:58:27.507367+02:00
2026-07-21 10:58:28.507513+00:00,35.42,14.12,870.27,178.83,13.0,20.0,22.0,12826.82,475034.48,475034.48,12826.82,2026-07-21 12:58:28.507513+02:00
2026-07-21 10:58:29.507487+00:00,35.41,14.1,870.24,178.83,13.0,20.0,22.0,12826.82,475034.48,475034.48,12826.82,2026-07-21 12:58:29.507487+02:00
2026-07-21 10:58:30.507702+00:00,35.38,14.08,870.27,178.83,13.0,20.0,22.0,12826.82,475034.48,475034.48,12826.82,2026-07-21 12:58:30.507702+02:00
2026-07-21 10:58:31.507763+00:00,35.39,14.07,870.25,178.83,13.0,20.0,22.0,12826.82,475034.48,475034.48,12826.82,2026-07-21 12:58:31.507763+02:00
2026-07-21 10:58:32.508087+00:00,35.4,14.06,870.28,178.83,12.0,19.0,21.0,12826.82,475034.48,475034.48,12826.82,2026-07-21 12:58:32.508087+02:00
2026-07-21 10:58:33.508106+00:00,35.39,14.03,870.27,178.83,12.0,19.0,21.0,12826.82,479652.17,479652.17,12826.82,2026-07-21 12:58:33.508106+02:00
2026-07-21 10:58:34.508117+00:00,35.36,14.01,870.27,178.83,12.0,19.0,21.0,12903.8,479652.17,479652.17,12903.8,2026-07-21 12:58:34.508117+02:00
2026-07-21 10:58:35.508226+00:00,35.38,13.99,870.26,178.83,12.0,17.0,20.0,12903.8,479652.17,479652.17,12903.8,2026-07-21 12:58:35.508226+02:00
2026-07-21 10:58:36.508347+00:00,35.47,13.95,870.28,178.83,12.0,17.0,20.0,12903.8,479652.17,479652.17,12903.8,2026-07-21 12:58:36.508347+02:00
2026-07-21 10:58:37.508465+00:00,35.43,13.97,870.28,178.83,12.0,17.0,20.0,12903.8,479652.17,479652.17,12903.8,2026-07-21 12:58:37.508465+02:00
2026-07-21 10:58:38.508452+00:00,35.5,13.94,870.29,178.83,10.0,15.0,16.0,12903.8,479652.17,479652.17,12903.8,2026-07-21 12:58:38.508452+02:00
2026-07-21 10:58:39.508536+00:00,35.59,13.92,870.31,178.83,10.0,15.0,16.0,12903.8,475034.48,475034.48,12903.8,2026-07-21 12:58:39.508536+02:00
2026-07-21 10:58:40.508619+00:00,35.64,13.93,870.33,179.16,10.0,15.0,16.0,12903.8,475034.48,475034.48,12903.8,2026-07-21 12:58:40.508619+02:00
2026-07-21 10:58:41.508857+00:00,35.69,13.93,870.26,179.16,10.0,14.0,14.0,12903.8,475034.48,475034.48,12903.8,2026-07-21 12:58:41.508857+02:00
2026-07-21 10:58:42.508843+00:00,35.66,13.95,870.3,179.16,11.0,15.0,15.0,12903.8,475034.48,475034.48,12903.8,2026-07-21 12:58:42.508843+02:00
2026-07-21 10:58:43.509015+00:00,35.61,13.97,870.29,178.83,11.0,15.0,15.0,12903.8,475034.48,475034.48,12903.8,2026-07-21 12:58:43.509015+02:00
2026-07-21 10:58:44.509407+00:00,35.59,14.02,870.29,178.83,11.0,15.0,17.0,12903.8,475034.48,475034.48,12903.8,2026-07-21 12:58:44.509407+02:00
2026-07-21 10:58:45.509153+00:00,35.54,14.03,870.29,178.83,11.0,15.0,17.0,12903.8,475034.48,475034.48,12903.8,2026-07-21 12:58:45.509153+02:00
2026-07-21 10:58:46.509313+00:00,35.5,14.07,870.28,179.16,11.0,15.0,17.0,12903.8,470495.73,470495.73,12903.8,2026-07-21 12:58:46.509313+02:00
2026-07-21 10:58:47.509415+00:00,35.51,14.06,870.28,179.16,11.0,15.0,17.0,12903.8,470495.73,470495.73,12903.8,2026-07-21 12:58:47.509415+02:00
2026-07-21 10:58:48.509624+00:00,35.49,14.02,870.29,178.83,11.0,15.0,17.0,12903.8,470495.73,470495.73,12903.8,2026-07-21 12:58:48.509624+02:00
2026-07-21 10:58:49.509659+00:00,35.45,14.0,870.28,178.83,11.0,15.0,17.0,12903.8,470495.73,470495.73,12903.8,2026-07-21 12:58:49.509659+02:00
2026-07-21 10:58:50.509715+00:00,35.46,14.0,870.26,178.83,11.0,15.0,17.0,12903.8,470495.73,470495.73,12903.8,2026-07-21 12:58:50.509715+02:00
2026-07-21 10:58:51.509811+00:00,35.44,14.02,870.29,178.83,11.0,15.0,17.0,12903.8,470495.73,470495.73,12903.8,2026-07-21 12:58:51.509811+02:00
2026-07-21 10:58:52.510079+00:00,35.45,14.0,870.28,178.83,11.0,15.0,17.0,12903.8,475034.48,475034.48,12903.8,2026-07-21 12:58:52.510079+02:00
2026-07-21 10:58:53.510097+00:00,35.47,14.0,870.25,178.83,10.0,15.0,17.0,12903.8,475034.48,475034.48,12903.8,2026-07-21 12:58:53.510097+02:00
2026-07-21 10:58:54.510177+00:00,35.5,13.99,870.27,178.83,10.0,15.0,17.0,12903.8,475034.48,475034.48,12903.8,2026-07-21 12:58:54.510177+02:00
2026-07-21 10:58:55.510580+00:00,35.52,13.96,870.29,178.83,10.0,15.0,17.0,12980.96,475034.48,475034.48,12980.96,2026-07-21 12:58:55.510580+02:00
2026-07-21 10:58:56.510436+00:00,35.48,13.99,870.26,179.16,8.0,14.0,15.0,12980.96,475034.48,475034.48,12980.96,2026-07-21 12:58:56.510436+02:00
2026-07-21 10:58:57.510467+00:00,35.47,13.97,870.28,179.16,8.0,14.0,15.0,12980.96,475034.48,475034.48,12980.96,2026-07-21 12:58:57.510467+02:00
2026-07-21 10:58:58.510621+00:00,35.45,13.96,870.3,178.83,8.0,14.0,15.0,12980.96,475034.48,475034.48,12980.96,2026-07-21 12:58:58.510621+02:00
2026-07-21 10:58:59.510281+00:00,35.45,13.97,870.25,179.16,9.0,16.0,17.0,12980.96,475034.48,475034.48,12980.96,2026-07-21 12:58:59.510281+02:00
2026-07-21 10:59:00.510291+00:00,35.46,13.97,870.28,179.16,9.0,16.0,17.0,12980.96,475034.48,475034.48,12980.96,2026-07-21 12:59:00.510291+02:00
2026-07-21 10:59:01.510316+00:00,35.5,13.97,870.27,179.16,9.0,16.0,17.0,12980.96,475034.48,475034.48,12980.96,2026-07-21 12:59:01.510316+02:00
2026-07-21 10:59:02.510408+00:00,35.53,13.95,870.27,179.16,10.0,16.0,17.0,12980.96,475034.48,475034.48,12980.96,2026-07-21 12:59:02.510408+02:00
2026-07-21 10:59:03.510481+00:00,35.5,13.95,870.29,178.83,10.0,16.0,17.0,12980.96,475034.48,475034.48,12980.96,2026-07-21 12:59:03.510481+02:00
2026-07-21 10:59:04.511201+00:00,35.48,13.96,870.29,178.83,10.0,16.0,17.0,13058.3,475034.48,475034.48,13058.3,2026-07-21 12:59:04.511201+02:00
2026-07-21 10:59:05.511201+00:00,35.5,13.95,870.29,178.83,10.0,16.0,18.0,13058.3,475034.48,475034.48,13058.3,2026-07-21 12:59:05.511201+02:00
2026-07-21 10:59:06.511510+00:00,35.51,13.95,870.25,179.16,10.0,16.0,18.0,13058.3,475034.48,475034.48,13058.3,2026-07-21 12:59:06.511510+02:00
2026-07-21 10:59:07.511432+00:00,35.48,14.11,870.26,179.16,10.0,16.0,18.0,13058.3,470495.73,470495.73,13058.3,2026-07-21 12:59:07.511432+02:00
2026-07-21 10:59:08.511497+00:00,35.43,14.11,870.25,178.83,10.0,17.0,19.0,13058.3,475034.48,475034.48,13058.3,2026-07-21 12:59:08.511497+02:00
2026-07-21 10:59:09.511619+00:00,35.41,14.08,870.29,178.83,10.0,17.0,19.0,12980.96,475034.48,475034.48,12980.96,2026-07-21 12:59:09.511619+02:00
2026-07-21 10:59:10.511786+00:00,35.37,14.1,870.29,178.83,10.0,17.0,19.0,13058.3,475034.48,475034.48,13058.3,2026-07-21 12:59:10.511786+02:00
2026-07-21 10:59:11.511837+00:00,35.36,14.08,870.26,178.83,10.0,18.0,19.0,12980.96,475034.48,475034.48,12980.96,2026-07-21 12:59:11.511837+02:00
2026-07-21 10:59:12.511952+00:00,35.34,14.15,870.27,178.83,10.0,18.0,19.0,12980.96,475034.48,475034.48,12980.96,2026-07-21 12:59:12.511952+02:00
2026-07-21 10:59:13.512099+00:00,35.31,14.22,870.28,178.49,10.0,18.0,19.0,12980.96,475034.48,475034.48,12980.96,2026-07-21 12:59:13.512099+02:00
2026-07-21 10:59:14.512208+00:00,35.29,14.25,870.29,178.83,10.0,17.0,17.0,13058.3,475034.48,475034.48,13058.3,2026-07-21 12:59:14.512208+02:00
2026-07-21 10:59:15.512332+00:00,35.29,14.26,870.3,178.83,10.0,17.0,17.0,13058.3,475034.48,475034.48,13058.3,2026-07-21 12:59:15.512332+02:00
2026-07-21 10:59:16.512435+00:00,35.29,14.29,870.27,178.83,10.0,17.0,17.0,13058.3,475034.48,475034.48,13058.3,2026-07-21 12:59:16.512435+02:00
2026-07-21 10:59:17.512618+00:00,35.26,14.29,870.27,178.49,10.0,17.0,17.0,13058.3,475034.48,475034.48,13058.3,2026-07-21 12:59:17.512618+02:00
2026-07-21 10:59:18.512777+00:00,35.22,14.24,870.26,178.49,10.0,17.0,17.0,13058.3,475034.48,475034.48,13058.3,2026-07-21 12:59:18.512777+02:00
2026-07-21 10:59:19.512727+00:00,35.21,14.22,870.27,178.83,10.0,17.0,17.0,13058.3,475034.48,475034.48,13058.3,2026-07-21 12:59:19.512727+02:00
2026-07-21 10:59:20.512788+00:00,35.23,14.2,870.26,179.16,11.0,18.0,18.0,13058.3,475034.48,475034.48,13058.3,2026-07-21 12:59:20.512788+02:00
2026-07-21 10:59:21.513036+00:00,35.25,14.16,870.29,178.83,11.0,18.0,18.0,13058.3,475034.48,475034.48,13058.3,2026-07-21 12:59:21.513036+02:00
2026-07-21 10:59:22.513043+00:00,35.25,14.13,870.28,179.16,11.0,18.0,18.0,13058.3,475034.48,475034.48,13058.3,2026-07-21 12:59:22.513043+02:00
2026-07-21 10:59:23.513202+00:00,35.26,14.13,870.27,178.83,12.0,18.0,18.0,13058.3,475034.48,475034.48,13058.3,2026-07-21 12:59:23.513202+02:00
2026-07-21 10:59:24.513244+00:00,35.29,14.12,870.29,178.49,12.0,18.0,18.0,13058.3,475034.48,475034.48,13058.3,2026-07-21 12:59:24.513244+02:00
2026-07-21 10:59:25.513410+00:00,35.32,14.1,870.3,178.83,12.0,18.0,18.0,13058.3,475034.48,475034.48,13058.3,2026-07-21 12:59:25.513410+02:00
2026-07-21 10:59:26.513343+00:00,35.34,14.08,870.3,179.16,12.0,17.0,18.0,13135.8,475034.48,475034.48,13135.8,2026-07-21 12:59:26.513343+02:00
2026-07-21 10:59:27.513506+00:00,35.36,14.06,870.28,179.16,12.0,17.0,18.0,13135.8,475034.48,475034.48,13135.8,2026-07-21 12:59:27.513506+02:00
2026-07-21 10:59:28.513591+00:00,35.38,14.05,870.27,179.16,12.0,17.0,18.0,13135.8,475034.48,475034.48,13135.8,2026-07-21 12:59:28.513591+02:00
2026-07-21 10:59:29.513706+00:00,35.39,14.04,870.26,178.83,12.0,17.0,18.0,13135.8,475034.48,475034.48,13135.8,2026-07-21 12:59:29.513706+02:00
2026-07-21 10:59:30.514099+00:00,35.38,14.05,870.26,178.83,12.0,17.0,18.0,13135.8,475034.48,475034.48,13135.8,2026-07-21 12:59:30.514099+02:00
2026-07-21 10:59:31.513947+00:00,35.33,14.05,870.27,178.83,12.0,17.0,18.0,13135.8,475034.48,475034.48,13135.8,2026-07-21 12:59:31.513947+02:00
2026-07-21 10:59:32.514011+00:00,35.29,13.98,870.25,178.83,12.0,16.0,18.0,13135.8,475034.48,475034.48,13135.8,2026-07-21 12:59:32.514011+02:00
2026-07-21 10:59:33.514098+00:00,35.32,13.97,870.26,178.49,12.0,16.0,18.0,13135.8,475034.48,475034.48,13135.8,2026-07-21 12:59:33.514098+02:00
2026-07-21 10:59:34.514176+00:00,35.33,13.99,870.28,178.83,12.0,16.0,18.0,13135.8,475034.48,475034.48,13135.8,2026-07-21 12:59:34.514176+02:00
2026-07-21 10:59:35.514292+00:00,35.33,14.02,870.26,178.83,12.0,16.0,17.0,13135.8,475034.48,475034.48,13135.8,2026-07-21 12:59:35.514292+02:00
2026-07-21 10:59:36.514464+00:00,35.31,14.05,870.26,178.83,12.0,16.0,17.0,13135.8,475034.48,475034.48,13135.8,2026-07-21 12:59:36.514464+02:00
2026-07-21 10:59:37.513985+00:00,35.33,14.05,870.26,178.83,12.0,16.0,17.0,13213.48,479652.17,479652.17,13213.48,2026-07-21 12:59:37.513985+02:00
2026-07-21 10:59:38.514097+00:00,35.32,14.05,870.28,178.83,13.0,17.0,18.0,13213.48,475034.48,475034.48,13213.48,2026-07-21 12:59:38.514097+02:00
2026-07-21 10:59:39.514191+00:00,35.28,14.07,870.31,178.83,13.0,17.0,18.0,13213.48,475034.48,475034.48,13213.48,2026-07-21 12:59:39.514191+02:00
2026-07-21 10:59:40.514291+00:00,35.24,14.1,870.27,179.16,13.0,17.0,18.0,13213.48,475034.48,475034.48,13213.48,2026-07-21 12:59:40.514291+02:00
2026-07-21 10:59:41.515651+00:00,35.21,14.14,870.29,179.16,13.0,16.0,17.0,13213.48,475034.48,475034.48,13213.48,2026-07-21 12:59:41.515651+02:00
2026-07-21 10:59:42.515220+00:00,35.17,14.15,870.26,179.16,13.0,16.0,17.0,13213.48,475034.48,475034.48,13213.48,2026-07-21 12:59:42.515220+02:00
2026-07-21 10:59:43.515168+00:00,35.15,14.11,870.27,178.83,13.0,16.0,17.0,13213.48,475034.48,475034.48,13213.48,2026-07-21 12:59:43.515168+02:00
2026-07-21 10:59:44.515340+00:00,35.13,14.12,870.3,178.83,12.0,16.0,17.0,13213.48,475034.48,475034.48,13213.48,2026-07-21 12:59:44.515340+02:00
2026-07-21 10:59:45.515417+00:00,35.1,14.13,870.27,178.83,12.0,16.0,17.0,13213.48,475034.48,475034.48,13213.48,2026-07-21 12:59:45.515417+02:00
2026-07-21 10:59:46.515425+00:00,35.1,14.16,870.29,179.16,12.0,16.0,17.0,13213.48,475034.48,475034.48,13213.48,2026-07-21 12:59:46.515425+02:00
2026-07-21 10:59:47.515612+00:00,35.11,14.18,870.26,179.16,11.0,15.0,16.0,13213.48,475034.48,475034.48,13213.48,2026-07-21 12:59:47.515612+02:00
2026-07-21 10:59:48.515636+00:00,35.1,14.19,870.27,178.83,11.0,15.0,16.0,13213.48,475034.48,475034.48,13213.48,2026-07-21 12:59:48.515636+02:00
2026-07-21 10:59:49.515696+00:00,35.09,14.2,870.26,178.83,11.0,15.0,16.0,13213.48,475034.48,475034.48,13213.48,2026-07-21 12:59:49.515696+02:00
2026-07-21 10:59:50.515967+00:00,35.08,14.22,870.27,178.83,11.0,14.0,15.0,13213.48,475034.48,475034.48,13213.48,2026-07-21 12:59:50.515967+02:00
2026-07-21 10:59:51.516014+00:00,35.07,14.21,870.23,178.83,12.0,15.0,16.0,13213.48,475034.48,475034.48,13213.48,2026-07-21 12:59:51.516014+02:00
2026-07-21 10:59:52.516159+00:00,35.08,14.2,870.24,178.49,12.0,15.0,16.0,13213.48,475034.48,475034.48,13213.48,2026-07-21 12:59:52.516159+02:00
2026-07-21 10:59:53.516352+00:00,35.11,14.19,870.26,178.83,11.0,15.0,16.0,13291.34,475034.48,475034.48,13291.34,2026-07-21 12:59:53.516352+02:00
2026-07-21 10:59:54.516174+00:00,35.16,14.16,870.25,178.83,11.0,15.0,16.0,13291.34,475034.48,475034.48,13291.34,2026-07-21 12:59:54.516174+02:00
2026-07-21 10:59:55.516360+00:00,35.17,14.15,870.24,178.83,11.0,15.0,16.0,13291.34,475034.48,475034.48,13291.34,2026-07-21 12:59:55.516360+02:00
2026-07-21 10:59:56.516520+00:00,35.19,14.14,870.27,178.83,12.0,15.0,15.0,13291.34,475034.48,475034.48,13291.34,2026-07-21 12:59:56.516520+02:00
2026-07-21 10:59:57.516506+00:00,35.23,14.12,870.25,178.83,12.0,15.0,15.0,13291.34,475034.48,475034.48,13291.34,2026-07-21 12:59:57.516506+02:00
2026-07-21 10:59:58.516578+00:00,35.23,14.11,870.27,178.83,12.0,15.0,15.0,13291.34,475034.48,475034.48,13291.34,2026-07-21 12:59:58.516578+02:00
2026-07-21 10:59:59.518812+00:00,35.22,14.09,870.27,178.83,11.0,15.0,15.0,13291.34,475034.48,475034.48,13291.34,2026-07-21 12:59:59.518812+02:00
2026-07-21 11:00:00.516281+00:00,35.22,14.09,870.28,179.16,11.0,15.0,15.0,13291.34,475034.48,475034.48,13291.34,2026-07-21 13:00:00.516281+02:00
2026-07-21 11:00:01.516491+00:00,35.2,14.07,870.24,179.16,11.0,15.0,15.0,13291.34,479652.17,479652.17,13291.34,2026-07-21 13:00:01.516491+02:00
2026-07-21 11:00:02.516478+00:00,35.2,14.08,870.26,179.16,11.0,14.0,14.0,13369.37,479652.17,479652.17,13369.37,2026-07-21 13:00:02.516478+02:00
2026-07-21 11:00:03.516899+00:00,35.19,14.1,870.26,178.83,11.0,14.0,14.0,13369.37,479652.17,479652.17,13369.37,2026-07-21 13:00:03.516899+02:00
2026-07-21 11:00:04.517433+00:00,35.17,14.13,870.24,178.83,11.0,14.0,14.0,13369.37,475034.48,475034.48,13369.37,2026-07-21 13:00:04.517433+02:00
2026-07-21 11:00:05.518974+00:00,35.15,14.14,870.25,178.83,11.0,15.0,15.0,13369.37,475034.48,475034.48,13369.37,2026-07-21 13:00:05.518974+02:00
2026-07-21 11:36:27.704893+00:00,23.61,81.52,681.62,119.66,7.0,11.0,11.0,19955.61,479652.17,479652.17,19955.61,2026-07-21 13:36:27.704893+02:00
2026-07-21 11:36:47.626644+00:00,35.06,14.13,869.81,118.77,9.0,14.0,14.0,20049.38,489132.74,489132.74,20049.38,2026-07-21 13:36:47.626644+02:00
2026-07-21 11:37:07.635486+00:00,35.15,14.16,869.81,120.21,9.0,14.0,16.0,20049.38,479652.17,479652.17,20049.38,2026-07-21 13:37:07.635486+02:00
2026-07-21 11:37:27.733129+00:00,35.03,13.98,869.81,120.21,9.0,15.0,17.0,20049.38,484350.88,484350.88,20049.38,2026-07-21 13:37:27.733129+02:00
2026-07-21 11:37:47.744600+00:00,34.87,14.1,869.77,120.21,8.0,14.0,16.0,20049.38,479652.17,479652.17,20049.38,2026-07-21 13:37:47.744600+02:00
2026-07-21 11:38:07.750328+00:00,34.61,14.03,869.76,120.54,8.0,15.0,16.0,20332.09,484350.88,484350.88,20332.09,2026-07-21 13:38:07.750328+02:00
2026-07-21 11:38:27.759179+00:00,34.98,13.82,869.79,119.66,9.0,15.0,16.0,20426.8,484350.88,484350.88,20426.8,2026-07-21 13:38:27.759179+02:00
2026-07-21 11:38:47.842029+00:00,35.25,13.71,869.78,175.95,9.0,15.0,16.0,20332.09,479652.17,479652.17,20332.09,2026-07-21 13:38:47.842029+02:00
2026-07-21 11:39:07.847247+00:00,35.19,13.72,869.77,175.06,9.0,15.0,16.0,20237.62,479652.17,479652.17,20237.62,2026-07-21 13:39:07.847247+02:00
2026-07-21 11:39:27.945793+00:00,34.94,13.84,869.78,175.06,6.0,12.0,12.0,20143.39,475034.48,475034.48,20143.39,2026-07-21 13:39:27.945793+02:00
2026-07-21 11:39:48.043263+00:00,35.18,13.66,869.76,175.06,7.0,12.0,14.0,20049.38,470495.73,470495.73,20049.38,2026-07-21 13:39:48.043263+02:00
2026-07-21 11:40:08.136261+00:00,35.25,13.56,869.76,175.39,7.0,12.0,14.0,19862.07,466033.9,466033.9,19862.07,2026-07-21 13:40:08.136261+02:00
2026-07-21 11:40:28.146723+00:00,35.02,13.76,869.77,175.39,8.0,13.0,14.0,19768.76,466033.9,466033.9,19768.76,2026-07-21 13:40:28.146723+02:00
2026-07-21 11:40:48.164386+00:00,35.13,15.67,869.75,0.83,7.0,12.0,15.0,19675.68,457333.33,457333.33,19675.68,2026-07-21 13:40:48.164386+02:00
2026-07-21 11:41:08.263101+00:00,36.1,13.23,869.78,141.94,7.0,12.0,16.0,19862.07,475034.48,475034.48,19862.07,2026-07-21 13:41:08.263101+02:00
2026-07-21 11:41:28.271086+00:00,37.36,12.49,869.76,146.26,7.0,13.0,16.0,20616.92,484350.88,484350.88,20616.92,2026-07-21 13:41:28.271086+02:00
2026-07-21 11:41:48.291684+00:00,37.96,12.12,869.77,147.15,7.0,13.0,18.0,21096.37,494000.0,494000.0,21096.37,2026-07-21 13:41:48.291684+02:00
2026-07-21 11:42:08.306767+00:00,38.3,11.79,869.72,147.15,7.0,13.0,20.0,21484.28,498954.95,498954.95,21484.28,2026-07-21 13:42:08.306767+02:00
2026-07-21 11:42:28.312927+00:00,38.43,11.57,869.71,146.59,6.0,13.0,20.0,21777.78,498954.95,498954.95,21777.78,2026-07-21 13:42:28.312927+02:00
2026-07-21 11:42:48.331710+00:00,38.52,11.51,869.69,119.67,6.0,12.0,20.0,21974.68,489132.74,489132.74,21974.68,2026-07-21 13:42:48.331710+02:00
2026-07-21 11:43:08.427301+00:00,37.03,12.44,869.72,7.52,5.0,11.0,18.0,21581.86,494000.0,494000.0,21581.86,2026-07-21 13:43:08.427301+02:00
2026-07-21 11:43:28.442425+00:00,36.41,12.84,869.75,161.55,5.0,11.0,18.0,21679.7,489132.74,489132.74,21679.7,2026-07-21 13:43:28.442425+02:00
2026-07-21 11:43:48.529698+00:00,36.79,13.24,869.73,152.57,5.0,11.0,18.0,21000.0,494000.0,494000.0,21000.0,2026-07-21 13:43:48.529698+02:00
2026-07-21 11:44:08.533915+00:00,35.97,14.16,869.75,162.1,5.0,11.0,18.0,21484.28,494000.0,494000.0,21484.28,2026-07-21 13:44:08.533915+02:00
2026-07-21 11:44:28.609679+00:00,36.39,13.11,869.76,161.77,5.0,11.0,18.0,21876.11,498954.95,498954.95,21876.11,2026-07-21 13:44:28.609679+02:00
2026-07-21 11:44:48.640613+00:00,36.43,13.07,869.75,161.77,5.0,11.0,18.0,22271.92,498954.95,498954.95,22271.92,2026-07-21 13:44:48.640613+02:00
2026-07-21 11:45:08.738457+00:00,36.61,13.03,869.72,161.77,5.0,11.0,18.0,22471.34,498954.95,498954.95,22471.34,2026-07-21 13:45:08.738457+02:00
2026-07-21 11:45:28.835995+00:00,36.75,12.84,869.74,161.77,5.0,11.0,18.0,22571.43,498954.95,498954.95,22571.43,2026-07-21 13:45:28.835995+02:00
2026-07-21 11:45:48.870966+00:00,36.89,12.89,869.76,161.77,5.0,11.0,18.0,22571.43,504000.0,504000.0,22571.43,2026-07-21 13:45:48.870966+02:00
2026-07-21 11:46:08.877497+00:00,37.17,12.59,869.7,162.65,6.0,12.0,18.0,22772.38,504000.0,504000.0,22772.38,2026-07-21 13:46:08.877497+02:00
2026-07-21 11:46:28.974627+00:00,37.15,12.64,869.71,162.65,6.0,12.0,18.0,22671.78,504000.0,504000.0,22671.78,2026-07-21 13:46:28.974627+02:00
2026-07-21 11:46:48.976045+00:00,36.98,12.44,869.7,161.77,6.0,12.0,18.0,23075.74,509137.61,509137.61,23075.74,2026-07-21 13:46:48.976045+02:00
2026-07-21 11:47:09.071667+00:00,36.94,12.43,869.69,162.65,7.0,12.0,17.0,23177.38,509137.61,509137.61,23177.38,2026-07-21 13:47:09.071667+02:00
2026-07-21 11:47:29.081818+00:00,37.0,12.4,869.69,162.65,7.0,12.0,17.0,23381.44,509137.61,509137.61,23381.44,2026-07-21 13:47:29.081818+02:00
2026-07-21 11:47:49.104468+00:00,36.8,12.48,869.67,162.65,7.0,12.0,17.0,23483.87,509137.61,509137.61,23483.87,2026-07-21 13:47:49.104468+02:00
2026-07-21 11:48:09.203040+00:00,36.8,12.52,869.69,162.65,7.0,12.0,16.0,23586.56,509137.61,509137.61,23586.56,2026-07-21 13:48:09.203040+02:00
2026-07-21 11:48:29.291029+00:00,36.84,12.47,869.68,162.65,7.0,12.0,16.0,23586.56,509137.61,509137.61,23586.56,2026-07-21 13:48:29.291029+02:00
2026-07-21 11:48:49.297444+00:00,36.81,12.46,869.65,162.65,7.0,12.0,16.0,23586.56,509137.61,509137.61,23586.56,2026-07-21 13:48:49.297444+02:00
2026-07-21 11:49:09.307412+00:00,37.0,12.46,869.65,162.65,7.0,12.0,15.0,23586.56,509137.61,509137.61,23586.56,2026-07-21 13:49:09.307412+02:00
2026-07-21 11:49:29.316587+00:00,36.8,12.61,869.62,162.65,7.0,12.0,15.0,23689.52,509137.61,509137.61,23689.52,2026-07-21 13:49:29.316587+02:00
2026-07-21 11:49:49.334189+00:00,36.67,12.63,869.71,162.65,7.0,12.0,15.0,23792.75,509137.61,509137.61,23792.75,2026-07-21 13:49:49.334189+02:00
2026-07-21 11:50:09.347719+00:00,36.53,12.62,869.68,162.65,8.0,12.0,12.0,23792.75,504000.0,504000.0,23792.75,2026-07-21 13:50:09.347719+02:00
2026-07-21 11:50:29.447543+00:00,36.45,12.71,869.66,162.65,8.0,12.0,12.0,23896.24,498954.95,498954.95,23896.24,2026-07-21 13:50:29.447543+02:00
2026-07-21 11:50:49.474338+00:00,36.58,12.65,869.7,162.65,8.0,12.0,12.0,23896.24,498954.95,498954.95,23896.24,2026-07-21 13:50:49.474338+02:00
2026-07-21 11:51:09.573675+00:00,36.62,12.58,869.67,162.65,9.0,12.0,15.0,24000.0,504000.0,504000.0,24000.0,2026-07-21 13:51:09.573675+02:00
2026-07-21 11:51:29.593730+00:00,36.61,12.6,869.64,162.1,9.0,12.0,15.0,24104.03,498954.95,498954.95,24104.03,2026-07-21 13:51:29.593730+02:00
2026-07-21 11:51:49.693046+00:00,36.53,14.43,869.64,15.29,9.0,12.0,15.0,23792.75,475034.48,475034.48,23792.75,2026-07-21 13:51:49.693046+02:00
2026-07-21 11:52:09.702811+00:00,36.1,13.62,869.64,13.94,10.0,13.0,15.0,22873.24,489132.74,489132.74,22873.24,2026-07-21 13:52:09.702811+02:00
2026-07-21 11:52:29.712954+00:00,35.79,13.54,869.65,13.94,10.0,13.0,15.0,23279.28,484350.88,484350.88,23279.28,2026-07-21 13:52:29.712954+02:00
2026-07-21 11:52:49.725887+00:00,35.59,13.36,869.66,13.94,10.0,13.0,15.0,23381.44,484350.88,484350.88,23381.44,2026-07-21 13:52:49.725887+02:00
2026-07-21 11:53:09.822898+00:00,35.35,13.57,869.62,13.94,10.0,14.0,16.0,23279.28,479652.17,479652.17,23279.28,2026-07-21 13:53:09.822898+02:00
2026-07-21 11:53:29.917439+00:00,35.18,13.79,869.63,13.94,10.0,14.0,16.0,23177.38,479652.17,479652.17,23177.38,2026-07-21 13:53:29.917439+02:00
2026-07-21 11:53:49.939894+00:00,35.15,13.78,869.66,13.94,10.0,14.0,16.0,23075.74,466033.9,466033.9,23075.74,2026-07-21 13:53:49.939894+02:00
2026-07-21 11:54:09.942831+00:00,35.14,13.85,869.68,13.94,11.0,14.0,16.0,23075.74,475034.48,475034.48,23075.74,2026-07-21 13:54:09.942831+02:00
2026-07-21 11:54:30.040064+00:00,35.14,13.68,869.68,13.94,11.0,14.0,16.0,23075.74,479652.17,479652.17,23075.74,2026-07-21 13:54:30.040064+02:00
2026-07-21 11:54:50.079411+00:00,34.72,13.93,869.6,13.94,11.0,14.0,16.0,22571.43,470495.73,470495.73,22571.43,2026-07-21 13:54:50.079411+02:00
2026-07-21 11:55:10.099468+00:00,34.87,13.86,869.61,13.94,10.0,13.0,16.0,22073.51,461647.06,461647.06,22073.51,2026-07-21 13:55:10.099468+02:00
2026-07-21 11:55:30.104760+00:00,35.28,13.64,869.61,13.94,10.0,13.0,16.0,21581.86,453090.91,453090.91,21581.86,2026-07-21 13:55:30.104760+02:00
2026-07-21 11:55:50.116265+00:00,35.99,13.11,869.62,13.94,10.0,13.0,16.0,21876.11,461647.06,461647.06,21876.11,2026-07-21 13:55:50.116265+02:00
2026-07-21 11:56:10.135899+00:00,36.31,12.85,869.64,13.94,11.0,15.0,17.0,22073.51,466033.9,466033.9,22073.51,2026-07-21 13:56:10.135899+02:00
2026-07-21 11:56:30.140227+00:00,36.31,12.85,869.65,13.94,12.0,16.0,18.0,22172.59,466033.9,466033.9,22172.59,2026-07-21 13:56:30.140227+02:00
2026-07-21 11:56:50.141686+00:00,36.15,12.85,869.61,13.94,12.0,16.0,18.0,22271.92,470495.73,470495.73,22271.92,2026-07-21 13:56:50.141686+02:00
2026-07-21 11:57:10.146953+00:00,36.06,13.03,869.63,13.94,13.0,17.0,18.0,22271.92,466033.9,466033.9,22271.92,2026-07-21 13:57:10.146953+02:00
2026-07-21 11:57:30.147732+00:00,35.97,13.12,869.63,13.94,13.0,17.0,18.0,22371.5,466033.9,466033.9,22371.5,2026-07-21 13:57:30.147732+02:00
2026-07-21 11:57:50.232755+00:00,35.34,13.68,869.59,152.91,13.0,17.0,18.0,22772.38,475034.48,475034.48,22772.38,2026-07-21 13:57:50.232755+02:00
2026-07-21 11:58:10.235572+00:00,35.37,13.66,869.57,152.91,13.0,17.0,19.0,23177.38,479652.17,479652.17,23177.38,2026-07-21 13:58:10.235572+02:00
2026-07-21 11:58:30.334489+00:00,35.51,13.46,869.57,152.91,13.0,17.0,19.0,23586.56,484350.88,484350.88,23586.56,2026-07-21 13:58:30.334489+02:00
2026-07-21 11:58:50.362859+00:00,35.6,13.39,869.57,152.91,12.0,16.0,18.0,23792.75,484350.88,484350.88,23792.75,2026-07-21 13:58:50.362859+02:00
2026-07-21 11:59:10.365164+00:00,35.49,13.65,869.56,152.91,12.0,16.0,17.0,23896.24,484350.88,484350.88,23896.24,2026-07-21 13:59:10.365164+02:00
2026-07-21 11:59:30.463839+00:00,35.63,13.56,869.58,152.57,12.0,16.0,17.0,24000.0,484350.88,484350.88,24000.0,2026-07-21 13:59:30.463839+02:00
2026-07-21 11:59:50.490949+00:00,35.61,13.55,869.57,152.91,13.0,17.0,18.0,24104.03,484350.88,484350.88,24104.03,2026-07-21 13:59:50.490949+02:00
2026-07-21 12:00:10.492330+00:00,35.74,13.48,869.59,152.57,12.0,17.0,20.0,24208.33,484350.88,484350.88,24208.33,2026-07-21 14:00:10.492330+02:00
2026-07-21 12:00:30.504881+00:00,35.79,13.52,869.52,152.57,12.0,17.0,20.0,24312.91,484350.88,484350.88,24312.91,2026-07-21 14:00:30.504881+02:00
2026-07-21 12:00:50.543083+00:00,35.91,13.72,869.52,152.91,12.0,17.0,20.0,24208.33,479652.17,479652.17,24208.33,2026-07-21 14:00:50.543083+02:00
2026-07-21 12:01:10.544779+00:00,35.83,13.6,869.53,152.57,12.0,17.0,19.0,24208.33,484350.88,484350.88,24208.33,2026-07-21 14:01:10.544779+02:00
2026-07-21 12:01:30.549009+00:00,35.9,13.46,869.54,152.57,12.0,17.0,19.0,24208.33,489132.74,489132.74,24208.33,2026-07-21 14:01:30.549009+02:00
2026-07-21 12:01:50.571852+00:00,35.2,13.86,869.5,175.39,12.0,17.0,19.0,23689.52,479652.17,479652.17,23689.52,2026-07-21 14:01:50.571852+02:00
2026-07-21 12:02:10.581759+00:00,35.18,14.04,869.53,175.39,12.0,17.0,19.0,23279.28,470495.73,470495.73,23279.28,2026-07-21 14:02:10.581759+02:00
2026-07-21 12:02:30.589266+00:00,35.19,14.15,869.54,175.39,12.0,17.0,19.0,22772.38,461647.06,461647.06,22772.38,2026-07-21 14:02:30.589266+02:00
2026-07-21 12:02:50.660235+00:00,35.37,13.92,869.52,174.51,12.0,17.0,19.0,22671.78,461647.06,461647.06,22671.78,2026-07-21 14:02:50.660235+02:00
2026-07-21 12:03:10.759177+00:00,35.18,14.77,869.51,174.84,12.0,18.0,20.0,18216.87,64547.95,64547.95,18216.87,2026-07-21 14:03:10.759177+02:00
2026-07-21 12:03:30.775714+00:00,35.36,13.94,869.52,173.07,12.0,18.0,20.0,17508.35,200666.67,200666.67,17508.35,2026-07-21 14:03:30.775714+02:00
2026-07-21 12:03:50.832160+00:00,35.5,13.88,869.55,173.07,12.0,18.0,20.0,16985.78,102354.76,102354.76,16985.78,2026-07-21 14:03:50.832160+02:00
2026-07-21 12:04:10.853273+00:00,35.9,13.59,869.53,173.07,12.0,18.0,20.0,16131.15,107829.79,107829.79,16131.15,2026-07-21 14:04:10.853273+02:00
2026-07-21 12:04:30.862844+00:00,35.87,13.77,869.54,173.4,12.0,18.0,20.0,16131.15,196459.02,196459.02,16131.15,2026-07-21 14:04:30.862844+02:00
2026-07-21 12:04:50.869186+00:00,35.9,13.66,869.51,173.4,12.0,18.0,20.0,16131.15,151407.41,151407.41,16131.15,2026-07-21 14:04:50.869186+02:00
2026-07-21 12:05:10.875379+00:00,35.99,13.57,869.56,173.4,11.0,18.0,20.0,16727.27,233201.88,233201.88,16727.27,2026-07-21 14:05:10.875379+02:00
2026-07-21 12:05:30.897287+00:00,36.27,13.4,869.53,172.3,11.0,18.0,20.0,17333.33,365917.81,365917.81,17333.33,2026-07-21 14:05:30.897287+02:00
2026-07-21 12:05:50.899371+00:00,36.81,12.89,869.5,173.4,10.0,17.0,19.0,17684.21,346614.38,346614.38,17684.21,2026-07-21 14:05:50.899371+02:00
2026-07-21 12:06:10.901074+00:00,36.58,12.89,869.56,173.4,10.0,16.0,18.0,17772.46,338871.79,338871.79,17772.46,2026-07-21 14:06:10.901074+02:00
2026-07-21 12:06:31.000090+00:00,36.96,12.63,869.52,173.4,10.0,16.0,18.0,18127.56,448918.03,448918.03,18127.56,2026-07-21 14:06:31.000090+02:00
2026-07-21 12:06:51.030619+00:00,37.01,12.49,869.5,173.74,11.0,17.0,19.0,18216.87,384000.0,384000.0,18216.87,2026-07-21 14:06:51.030619+02:00
2026-07-21 12:07:11.037870+00:00,36.7,12.61,869.55,173.4,11.0,16.0,19.0,18306.39,371777.78,371777.78,18306.39,2026-07-21 14:07:11.037870+02:00
2026-07-21 12:07:31.050303+00:00,36.32,12.99,869.55,173.74,11.0,16.0,19.0,18396.14,380879.43,380879.43,18396.14,2026-07-21 14:07:31.050303+02:00
2026-07-21 12:07:51.139103+00:00,36.38,12.87,869.58,173.74,11.0,16.0,19.0,18486.09,440774.19,440774.19,18486.09,2026-07-21 14:07:51.139103+02:00
2026-07-21 12:08:11.235809+00:00,36.34,13.02,869.53,173.74,11.0,16.0,19.0,18396.14,417846.15,417846.15,18396.14,2026-07-21 14:08:11.235809+02:00
2026-07-21 12:08:31.245883+00:00,36.3,12.96,869.58,172.51,11.0,16.0,19.0,18486.09,417846.15,417846.15,18486.09,2026-07-21 14:08:31.245883+02:00
2026-07-21 12:08:51.271010+00:00,36.2,13.02,869.52,172.51,11.0,16.0,19.0,18486.09,425250.0,425250.0,18486.09,2026-07-21 14:08:51.271010+02:00
2026-07-21 12:09:11.370850+00:00,36.15,13.03,869.56,173.4,11.0,17.0,19.0,18486.09,417846.15,417846.15,18486.09,2026-07-21 14:09:11.370850+02:00
2026-07-21 12:09:31.469684+00:00,36.1,13.04,869.58,172.51,11.0,17.0,19.0,18486.09,400296.3,400296.3,18486.09,2026-07-21 14:09:31.469684+02:00
2026-07-21 12:09:51.488647+00:00,35.98,13.03,869.55,172.51,11.0,17.0,19.0,18486.09,444813.01,444813.01,18486.09,2026-07-21 14:09:51.488647+02:00
2026-07-21 12:10:11.503978+00:00,36.14,13.07,869.55,172.85,11.0,17.0,18.0,18396.14,407157.89,407157.89,18396.14,2026-07-21 14:10:11.503978+02:00
2026-07-21 12:10:31.510267+00:00,36.21,12.93,869.53,172.85,11.0,17.0,18.0,18396.14,384000.0,384000.0,18396.14,2026-07-21 14:10:31.510267+02:00
2026-07-21 12:10:51.541377+00:00,36.15,13.03,869.53,172.51,11.0,17.0,18.0,18486.09,425250.0,425250.0,18486.09,2026-07-21 14:10:51.541377+02:00
2026-07-21 12:11:11.554360+00:00,36.51,12.81,869.52,172.51,11.0,17.0,18.0,18396.14,403701.49,403701.49,18396.14,2026-07-21 14:11:11.554360+02:00
2026-07-21 12:11:31.554094+00:00,36.45,12.97,869.55,172.51,11.0,17.0,18.0,18576.27,400296.3,400296.3,18576.27,2026-07-21 14:11:31.554094+02:00
2026-07-21 12:11:51.572147+00:00,36.46,12.88,869.56,172.85,11.0,17.0,18.0,18576.27,407157.89,407157.89,18576.27,2026-07-21 14:11:51.572147+02:00
2026-07-21 12:12:11.596376+00:00,36.51,12.88,869.52,172.85,12.0,18.0,20.0,18666.67,393635.04,393635.04,18666.67,2026-07-21 14:12:11.596376+02:00
2026-07-21 12:12:31.623727+00:00,36.56,12.76,869.53,172.51,12.0,18.0,20.0,18757.28,400296.3,400296.3,18757.28,2026-07-21 14:12:31.623727+02:00
2026-07-21 12:12:51.716089+00:00,36.38,12.89,869.55,172.85,12.0,18.0,20.0,18848.12,421519.38,421519.38,18848.12,2026-07-21 14:12:51.716089+02:00
2026-07-21 12:13:11.811477+00:00,36.58,12.79,869.54,172.85,12.0,17.0,19.0,18848.12,414229.01,414229.01,18848.12,2026-07-21 14:13:11.811477+02:00
2026-07-21 12:13:31.820674+00:00,36.65,12.78,869.51,173.18,12.0,17.0,19.0,18757.28,380879.43,380879.43,18757.28,2026-07-21 14:13:31.820674+02:00
2026-07-21 12:13:51.842303+00:00,36.64,12.76,869.53,172.51,12.0,17.0,19.0,18848.12,417846.15,417846.15,18848.12,2026-07-21 14:13:51.842303+02:00
2026-07-21 12:14:11.843336+00:00,36.6,12.76,869.56,173.4,12.0,18.0,19.0,18848.12,403701.49,403701.49,18848.12,2026-07-21 14:14:11.843336+02:00
2026-07-21 12:14:31.846045+00:00,36.66,12.69,869.51,172.85,12.0,18.0,19.0,18848.12,387165.47,387165.47,18848.12,2026-07-21 14:14:31.846045+02:00
2026-07-21 12:14:51.869536+00:00,36.86,12.62,869.54,173.74,12.0,18.0,19.0,18939.17,400296.3,400296.3,18939.17,2026-07-21 14:14:51.869536+02:00
2026-07-21 12:15:11.885531+00:00,36.8,12.73,869.52,172.51,13.0,18.0,20.0,18848.12,410666.67,410666.67,18848.12,2026-07-21 14:15:11.885531+02:00
2026-07-21 12:15:31.981796+00:00,36.33,12.89,869.53,173.4,13.0,18.0,20.0,18757.28,396941.18,396941.18,18757.28,2026-07-21 14:15:31.981796+02:00
2026-07-21 12:15:51.990474+00:00,36.26,12.98,869.52,173.4,13.0,18.0,20.0,18848.12,384000.0,384000.0,18848.12,2026-07-21 14:15:51.990474+02:00
2026-07-21 12:16:12.002943+00:00,36.75,12.62,869.49,172.51,13.0,19.0,22.0,18939.17,380879.43,380879.43,18939.17,2026-07-21 14:16:12.002943+02:00
2026-07-21 12:16:32.005808+00:00,37.34,12.21,869.51,172.85,13.0,19.0,22.0,19030.45,377802.82,377802.82,19030.45,2026-07-21 14:16:32.005808+02:00
2026-07-21 12:16:52.011598+00:00,37.0,12.45,869.51,172.85,13.0,19.0,22.0,19121.95,387165.47,387165.47,19121.95,2026-07-21 14:16:52.011598+02:00
2026-07-21 12:17:12.110355+00:00,37.14,12.35,869.48,172.85,13.0,19.0,22.0,19121.95,380879.43,380879.43,19121.95,2026-07-21 14:17:12.110355+02:00
2026-07-21 12:17:32.110476+00:00,36.83,12.53,869.48,171.96,13.0,19.0,22.0,18939.17,387165.47,387165.47,18939.17,2026-07-21 14:17:32.110476+02:00
2026-07-21 12:17:52.182481+00:00,36.85,12.44,869.5,171.96,13.0,19.0,22.0,18939.17,387165.47,387165.47,18939.17,2026-07-21 14:17:52.182481+02:00
2026-07-21 12:18:12.279974+00:00,36.59,12.97,869.52,171.07,12.0,18.0,22.0,18757.28,396941.18,396941.18,18757.28,2026-07-21 14:18:12.279974+02:00
2026-07-21 12:18:32.303960+00:00,37.59,13.5,869.46,159.89,12.0,18.0,22.0,18757.28,387165.47,387165.47,18757.28,2026-07-21 14:18:32.303960+02:00
2026-07-21 12:18:52.324127+00:00,37.55,12.79,869.46,159.0,12.0,18.0,22.0,19490.2,410666.67,410666.67,19490.2,2026-07-21 14:18:52.324127+02:00
2026-07-21 12:19:12.327413+00:00,37.93,12.29,869.45,159.55,12.0,18.0,21.0,20521.74,425250.0,425250.0,20521.74,2026-07-21 14:19:12.327413+02:00
2026-07-21 12:19:32.335656+00:00,37.93,12.04,869.43,159.89,12.0,18.0,21.0,21096.37,425250.0,425250.0,21096.37,2026-07-21 14:19:32.335656+02:00
2026-07-21 12:19:52.336905+00:00,38.0,11.98,869.47,159.89,12.0,18.0,21.0,21386.93,448918.03,448918.03,21386.93,2026-07-21 14:19:52.336905+02:00
2026-07-21 12:20:12.428606+00:00,38.02,11.92,869.46,159.55,13.0,19.0,23.0,21777.78,429039.37,429039.37,21777.78,2026-07-21 14:20:12.428606+02:00
2026-07-21 12:20:32.465929+00:00,37.96,11.96,869.42,159.55,12.0,19.0,22.0,21974.68,436800.0,436800.0,21974.68,2026-07-21 14:20:32.465929+02:00
2026-07-21 12:20:52.492479+00:00,37.85,12.02,869.43,162.55,11.0,18.0,19.0,22073.51,440774.19,440774.19,22073.51,2026-07-21 14:20:52.492479+02:00
2026-07-21 12:21:12.508029+00:00,37.62,12.07,869.45,159.55,11.0,18.0,22.0,22271.92,432888.89,432888.89,22271.92,2026-07-21 14:21:12.508029+02:00
2026-07-21 12:21:32.512322+00:00,38.1,11.97,869.46,158.67,10.0,16.0,21.0,22271.92,425250.0,425250.0,22271.92,2026-07-21 14:21:32.512322+02:00
2026-07-21 12:21:52.542563+00:00,37.93,12.39,869.46,159.33,10.0,16.0,21.0,22371.5,432888.89,432888.89,22371.5,2026-07-21 14:21:52.542563+02:00
2026-07-21 12:22:12.585700+00:00,37.48,12.55,869.45,159.55,10.0,16.0,20.0,22271.92,436800.0,436800.0,22271.92,2026-07-21 14:22:12.585700+02:00
2026-07-21 12:22:32.609897+00:00,37.6,12.43,869.43,158.67,10.0,16.0,20.0,22772.38,429039.37,429039.37,22772.38,2026-07-21 14:22:32.609897+02:00
2026-07-21 12:22:52.681990+00:00,37.65,12.27,869.42,158.67,10.0,17.0,21.0,22772.38,436800.0,436800.0,22772.38,2026-07-21 14:22:52.681990+02:00
2026-07-21 12:23:12.781127+00:00,38.04,12.59,869.44,159.55,11.0,18.0,22.0,22772.38,429039.37,429039.37,22772.38,2026-07-21 14:23:12.781127+02:00
2026-07-21 12:23:32.781824+00:00,38.17,12.48,869.4,159.89,10.0,17.0,21.0,22471.34,440774.19,440774.19,22471.34,2026-07-21 14:23:32.781824+02:00
2026-07-21 12:23:52.829302+00:00,37.56,12.74,869.44,159.55,9.0,17.0,20.0,22371.5,429039.37,429039.37,22371.5,2026-07-21 14:23:52.829302+02:00
2026-07-21 12:24:12.844552+00:00,37.58,12.72,869.43,159.89,10.0,17.0,21.0,22571.43,432888.89,432888.89,22571.43,2026-07-21 14:24:12.844552+02:00
2026-07-21 12:24:32.854899+00:00,38.4,12.42,869.43,158.67,10.0,17.0,21.0,22671.78,425250.0,425250.0,22671.78,2026-07-21 14:24:32.854899+02:00
2026-07-21 12:24:52.882659+00:00,39.16,11.58,869.42,157.78,10.0,17.0,21.0,22873.24,429039.37,429039.37,22873.24,2026-07-21 14:24:52.882659+02:00
2026-07-21 12:25:12.980231+00:00,39.29,11.57,869.4,157.78,10.0,18.0,18.0,22974.36,425250.0,425250.0,22974.36,2026-07-21 14:25:12.980231+02:00
2026-07-21 12:25:33.077816+00:00,39.33,11.46,869.41,158.67,10.0,18.0,18.0,23075.74,448918.03,448918.03,23075.74,2026-07-21 14:25:33.077816+02:00
2026-07-21 12:25:53.084745+00:00,39.61,11.25,869.39,158.67,10.0,18.0,18.0,23279.28,436800.0,436800.0,23279.28,2026-07-21 14:25:53.084745+02:00
2026-07-21 12:26:13.095576+00:00,39.59,11.75,869.4,158.67,11.0,18.0,19.0,23075.74,429039.37,429039.37,23075.74,2026-07-21 14:26:13.095576+02:00
2026-07-21 12:26:33.105134+00:00,39.84,11.91,869.41,158.67,11.0,18.0,19.0,22873.24,421519.38,421519.38,22873.24,2026-07-21 14:26:33.105134+02:00
2026-07-21 12:26:53.129899+00:00,39.81,11.36,869.36,159.55,11.0,18.0,19.0,22873.24,425250.0,425250.0,22873.24,2026-07-21 14:26:53.129899+02:00
2026-07-21 12:27:13.132071+00:00,39.61,11.99,869.42,68.37,10.0,16.0,17.0,22873.24,417846.15,417846.15,22873.24,2026-07-21 14:27:13.132071+02:00
2026-07-21 12:27:33.229231+00:00,38.62,11.86,869.39,10.27,10.0,16.0,17.0,22471.34,425250.0,425250.0,22471.34,2026-07-21 14:27:33.229231+02:00
2026-07-21 12:27:53.324797+00:00,37.95,12.26,869.38,10.41,10.0,16.0,17.0,22271.92,421519.38,421519.38,22271.92,2026-07-21 14:27:53.324797+02:00
2026-07-21 12:28:13.325755+00:00,37.25,12.63,869.43,10.41,9.0,16.0,16.0,22172.59,410666.67,410666.67,22172.59,2026-07-21 14:28:13.325755+02:00
2026-07-21 12:28:33.337155+00:00,36.88,12.79,869.45,8.13,10.0,17.0,17.0,22073.51,414229.01,414229.01,22073.51,2026-07-21 14:28:33.337155+02:00
2026-07-21 12:28:53.366518+00:00,36.56,12.98,869.39,10.41,10.0,17.0,17.0,21974.68,407157.89,407157.89,21974.68,2026-07-21 14:28:53.366518+02:00
2026-07-21 12:29:13.462925+00:00,36.34,13.12,869.45,10.41,10.0,17.0,17.0,21974.68,407157.89,407157.89,21974.68,2026-07-21 14:29:13.462925+02:00
2026-07-21 12:29:33.472989+00:00,36.14,13.24,869.44,10.41,10.0,17.0,17.0,21974.68,403701.49,403701.49,21974.68,2026-07-21 14:29:33.472989+02:00
2026-07-21 12:29:53.514538+00:00,35.89,13.95,869.45,46.53,10.0,17.0,17.0,21876.11,403701.49,403701.49,21876.11,2026-07-21 14:29:53.514538+02:00
2026-07-21 12:30:13.529344+00:00,36.15,13.3,869.43,18.22,10.0,16.0,16.0,21777.78,403701.49,403701.49,21777.78,2026-07-21 14:30:13.529344+02:00
2026-07-21 12:30:33.627423+00:00,36.34,13.3,869.45,18.22,10.0,16.0,16.0,21777.78,403701.49,403701.49,21777.78,2026-07-21 14:30:33.627423+02:00
2026-07-21 12:30:53.662308+00:00,36.4,13.14,869.44,18.22,10.0,16.0,16.0,21777.78,403701.49,403701.49,21777.78,2026-07-21 14:30:53.662308+02:00
2026-07-21 12:31:13.694575+00:00,36.4,13.25,869.44,18.22,10.0,15.0,15.0,21777.78,410666.67,410666.67,21777.78,2026-07-21 14:31:13.694575+02:00
2026-07-21 12:31:33.675900+00:00,36.42,13.17,869.46,18.22,10.0,15.0,15.0,21777.78,410666.67,410666.67,21777.78,2026-07-21 14:31:33.675900+02:00
2026-07-21 12:31:53.695209+00:00,36.45,13.14,869.49,18.22,9.0,14.0,14.0,21876.11,410666.67,410666.67,21876.11,2026-07-21 14:31:53.695209+02:00
2026-07-21 12:32:13.713284+00:00,36.44,13.05,869.44,18.22,9.0,14.0,14.0,21974.68,407157.89,407157.89,21974.68,2026-07-21 14:32:13.713284+02:00
2026-07-21 12:32:33.721038+00:00,36.42,13.04,869.43,18.22,9.0,14.0,14.0,21974.68,417846.15,417846.15,21974.68,2026-07-21 14:32:33.721038+02:00
2026-07-21 12:32:53.809345+00:00,36.38,13.08,869.47,18.22,9.0,14.0,14.0,21974.68,414229.01,414229.01,21974.68,2026-07-21 14:32:53.809345+02:00
2026-07-21 12:33:13.816804+00:00,36.29,13.14,869.44,18.22,10.0,16.0,16.0,22073.51,414229.01,414229.01,22073.51,2026-07-21 14:33:13.816804+02:00
2026-07-21 12:33:33.833555+00:00,36.25,13.16,869.45,18.22,10.0,16.0,16.0,22073.51,414229.01,414229.01,22073.51,2026-07-21 14:33:33.833555+02:00
2026-07-21 12:33:53.852207+00:00,36.22,13.17,869.44,18.22,10.0,16.0,16.0,22172.59,421519.38,421519.38,22172.59,2026-07-21 14:33:53.852207+02:00
2026-07-21 12:34:13.863647+00:00,36.21,13.1,869.46,18.22,9.0,15.0,15.0,22172.59,414229.01,414229.01,22172.59,2026-07-21 14:34:13.863647+02:00
2026-07-21 12:34:33.885981+00:00,36.18,13.06,869.44,18.22,9.0,15.0,15.0,22271.92,414229.01,414229.01,22271.92,2026-07-21 14:34:33.885981+02:00
2026-07-21 12:34:53.895117+00:00,36.13,13.03,869.46,18.22,9.0,15.0,15.0,22271.92,417846.15,417846.15,22271.92,2026-07-21 14:34:53.895117+02:00
2026-07-21 12:35:13.908260+00:00,36.13,13.04,869.45,18.22,9.0,14.0,14.0,22271.92,414229.01,414229.01,22271.92,2026-07-21 14:35:13.908260+02:00
2026-07-21 12:35:34.004073+00:00,36.09,13.12,869.44,18.22,10.0,15.0,15.0,22271.92,414229.01,414229.01,22271.92,2026-07-21 14:35:34.004073+02:00
2026-07-21 12:35:54.006045+00:00,36.1,13.14,869.43,18.22,10.0,15.0,15.0,22271.92,414229.01,414229.01,22271.92,2026-07-21 14:35:54.006045+02:00
2026-07-21 12:36:14.104909+00:00,36.0,13.23,869.43,18.22,9.0,16.0,16.0,22271.92,410666.67,410666.67,22271.92,2026-07-21 14:36:14.104909+02:00
2026-07-21 12:36:34.114731+00:00,35.95,13.28,869.42,18.22,8.0,15.0,15.0,22271.92,410666.67,410666.67,22271.92,2026-07-21 14:36:34.114731+02:00
2026-07-21 12:36:54.120316+00:00,35.96,13.33,869.45,18.22,8.0,15.0,15.0,22271.92,410666.67,410666.67,22271.92,2026-07-21 14:36:54.120316+02:00
2026-07-21 12:37:14.218361+00:00,35.86,13.36,869.4,18.22,8.0,15.0,15.0,22371.5,414229.01,414229.01,22371.5,2026-07-21 14:37:14.218361+02:00
2026-07-21 12:37:34.222364+00:00,35.88,13.38,869.4,18.22,8.0,15.0,15.0,22271.92,410666.67,410666.67,22271.92,2026-07-21 14:37:34.222364+02:00
2026-07-21 12:37:54.310061+00:00,35.96,13.3,869.41,18.22,8.0,15.0,15.0,22371.5,410666.67,410666.67,22371.5,2026-07-21 14:37:54.310061+02:00
2026-07-21 12:38:14.400269+00:00,36.05,13.22,869.42,18.22,8.0,14.0,15.0,22271.92,410666.67,410666.67,22271.92,2026-07-21 14:38:14.400269+02:00
2026-07-21 12:38:34.496908+00:00,36.04,13.35,869.43,18.22,8.0,14.0,15.0,22271.92,407157.89,407157.89,22271.92,2026-07-21 14:38:34.496908+02:00
2026-07-21 12:38:54.504393+00:00,36.06,13.26,869.42,18.22,8.0,14.0,15.0,22271.92,417846.15,417846.15,22271.92,2026-07-21 14:38:54.504393+02:00
2026-07-21 12:39:14.512856+00:00,36.07,13.26,869.41,18.22,9.0,15.0,16.0,22371.5,414229.01,414229.01,22371.5,2026-07-21 14:39:14.512856+02:00
2026-07-21 12:39:34.612371+00:00,36.13,13.25,869.41,18.22,9.0,15.0,16.0,22271.92,410666.67,410666.67,22271.92,2026-07-21 14:39:34.612371+02:00
2026-07-21 12:39:54.695221+00:00,36.12,13.26,869.4,18.22,10.0,16.0,17.0,22271.92,410666.67,410666.67,22271.92,2026-07-21 14:39:54.695221+02:00
2026-07-21 12:40:14.702683+00:00,36.14,13.21,869.39,18.22,10.0,17.0,19.0,22271.92,414229.01,414229.01,22271.92,2026-07-21 14:40:14.702683+02:00
2026-07-21 12:40:34.702893+00:00,36.13,13.24,869.41,18.22,10.0,17.0,19.0,22271.92,414229.01,414229.01,22271.92,2026-07-21 14:40:34.702893+02:00
2026-07-21 12:40:54.785038+00:00,36.09,13.25,869.37,18.22,10.0,17.0,19.0,22271.92,410666.67,410666.67,22271.92,2026-07-21 14:40:54.785038+02:00
2026-07-21 12:41:14.882333+00:00,36.08,13.32,869.42,18.22,9.0,17.0,19.0,22371.5,410666.67,410666.67,22371.5,2026-07-21 14:41:14.882333+02:00
2026-07-21 12:41:34.980570+00:00,36.11,13.24,869.37,18.22,9.0,17.0,19.0,22371.5,410666.67,410666.67,22371.5,2026-07-21 14:41:34.980570+02:00
2026-07-21 12:41:54.984323+00:00,36.13,13.26,869.39,18.22,9.0,17.0,19.0,22271.92,410666.67,410666.67,22271.92,2026-07-21 14:41:54.984323+02:00
2026-07-21 12:42:14.996159+00:00,36.09,13.23,869.37,18.22,8.0,15.0,17.0,22371.5,410666.67,410666.67,22371.5,2026-07-21 14:42:14.996159+02:00
2026-07-21 12:42:35.005952+00:00,36.06,13.3,869.38,18.22,8.0,16.0,18.0,22371.5,407157.89,407157.89,22371.5,2026-07-21 14:42:35.005952+02:00
2026-07-21 12:42:55.091580+00:00,36.08,13.3,869.4,18.22,8.0,16.0,18.0,22371.5,410666.67,410666.67,22371.5,2026-07-21 14:42:55.091580+02:00
2026-07-21 12:43:15.191965+00:00,36.11,13.26,869.37,18.22,8.0,15.0,17.0,22271.92,410666.67,410666.67,22271.92,2026-07-21 14:43:15.191965+02:00
2026-07-21 12:43:35.198470+00:00,36.12,13.23,869.37,18.22,10.0,18.0,20.0,22371.5,410666.67,410666.67,22371.5,2026-07-21 14:43:35.198470+02:00
2026-07-21 12:43:55.209012+00:00,36.16,13.23,869.36,18.22,10.0,18.0,20.0,22371.5,410666.67,410666.67,22371.5,2026-07-21 14:43:55.209012+02:00
2026-07-21 12:44:15.216604+00:00,36.18,13.21,869.36,18.22,10.0,19.0,20.0,22371.5,414229.01,414229.01,22371.5,2026-07-21 14:44:15.216604+02:00
2026-07-21 12:44:35.230468+00:00,36.2,13.17,869.36,18.22,9.0,17.0,18.0,22471.34,414229.01,414229.01,22471.34,2026-07-21 14:44:35.230468+02:00
2026-07-21 12:44:55.233694+00:00,36.24,13.11,869.38,18.22,8.0,17.0,17.0,22471.34,414229.01,414229.01,22471.34,2026-07-21 14:44:55.233694+02:00
2026-07-21 12:45:15.332558+00:00,36.23,12.95,869.38,18.22,8.0,16.0,16.0,22571.43,417846.15,417846.15,22571.43,2026-07-21 14:45:15.332558+02:00
2026-07-21 12:45:35.427754+00:00,36.21,12.98,869.38,18.22,9.0,18.0,18.0,22671.78,417846.15,417846.15,22671.78,2026-07-21 14:45:35.427754+02:00
2026-07-21 12:45:55.442868+00:00,36.13,13.07,869.38,18.22,10.0,17.0,17.0,22671.78,417846.15,417846.15,22671.78,2026-07-21 14:45:55.442868+02:00
2026-07-21 12:46:15.541119+00:00,36.09,12.99,869.4,18.22,10.0,18.0,18.0,22671.78,414229.01,414229.01,22671.78,2026-07-21 14:46:15.541119+02:00
2026-07-21 12:46:35.635752+00:00,36.05,13.16,869.39,18.22,10.0,18.0,18.0,22571.43,417846.15,417846.15,22571.43,2026-07-21 14:46:35.635752+02:00
2026-07-21 12:46:55.670695+00:00,36.04,13.25,869.39,18.22,10.0,18.0,18.0,22571.43,410666.67,410666.67,22571.43,2026-07-21 14:46:55.670695+02:00
2026-07-21 12:47:15.671772+00:00,36.03,13.31,869.4,18.22,10.0,18.0,19.0,22571.43,410666.67,410666.67,22571.43,2026-07-21 14:47:15.671772+02:00
2026-07-21 12:47:35.766226+00:00,35.97,13.37,869.37,18.22,10.0,18.0,19.0,22571.43,410666.67,410666.67,22571.43,2026-07-21 14:47:35.766226+02:00
2026-07-21 12:47:55.842230+00:00,35.91,13.38,869.37,18.22,11.0,19.0,20.0,22671.78,414229.01,414229.01,22671.78,2026-07-21 14:47:55.842230+02:00
2026-07-21 12:48:15.847531+00:00,35.85,13.45,869.35,18.22,11.0,17.0,18.0,22671.78,414229.01,414229.01,22671.78,2026-07-21 14:48:15.847531+02:00
2026-07-21 12:48:35.859316+00:00,35.87,13.44,869.36,18.22,11.0,17.0,18.0,22671.78,414229.01,414229.01,22671.78,2026-07-21 14:48:35.859316+02:00
2026-07-21 12:48:55.888347+00:00,35.89,13.41,869.37,18.22,10.0,16.0,17.0,22671.78,414229.01,414229.01,22671.78,2026-07-21 14:48:55.888347+02:00
2026-07-21 12:49:15.896971+00:00,35.97,13.4,869.41,18.22,10.0,16.0,16.0,22671.78,410666.67,410666.67,22671.78,2026-07-21 14:49:15.896971+02:00
2026-07-21 12:49:35.915572+00:00,35.91,13.42,869.4,18.22,10.0,16.0,16.0,22571.43,410666.67,410666.67,22571.43,2026-07-21 14:49:35.915572+02:00
2026-07-21 12:49:55.929245+00:00,35.92,13.41,869.37,18.22,10.0,16.0,16.0,22671.78,410666.67,410666.67,22671.78,2026-07-21 14:49:55.929245+02:00
2026-07-21 12:50:15.936837+00:00,35.96,13.38,869.39,16.08,10.0,15.0,15.0,22671.78,414229.01,414229.01,22671.78,2026-07-21 14:50:15.936837+02:00
2026-07-21 12:50:35.937058+00:00,36.01,13.35,869.38,16.08,10.0,15.0,15.0,22571.43,414229.01,414229.01,22571.43,2026-07-21 14:50:35.937058+02:00
2026-07-21 12:50:55.957480+00:00,36.06,13.28,869.4,16.08,10.0,15.0,15.0,22671.78,414229.01,414229.01,22671.78,2026-07-21 14:50:55.957480+02:00
2026-07-21 12:51:15.965560+00:00,36.07,13.3,869.39,16.08,11.0,17.0,17.0,22671.78,414229.01,414229.01,22671.78,2026-07-21 14:51:15.965560+02:00
2026-07-21 12:51:36.064665+00:00,36.05,13.31,869.39,16.08,11.0,17.0,17.0,22671.78,414229.01,414229.01,22671.78,2026-07-21 14:51:36.064665+02:00
2026-07-21 12:51:56.077209+00:00,36.01,13.35,869.36,16.08,11.0,17.0,17.0,22671.78,417846.15,417846.15,22671.78,2026-07-21 14:51:56.077209+02:00
2026-07-21 12:52:16.079825+00:00,36.05,13.34,869.38,16.08,12.0,17.0,18.0,22772.38,417846.15,417846.15,22772.38,2026-07-21 14:52:16.079825+02:00
2026-07-21 12:52:36.178095+00:00,36.01,13.3,869.36,16.08,11.0,16.0,17.0,22772.38,414229.01,414229.01,22772.38,2026-07-21 14:52:36.178095+02:00
2026-07-21 12:52:56.262579+00:00,35.96,13.31,869.36,16.08,11.0,16.0,17.0,22873.24,421519.38,421519.38,22873.24,2026-07-21 14:52:56.262579+02:00
2026-07-21 12:53:16.357103+00:00,35.85,13.37,869.33,16.08,11.0,16.0,17.0,22974.36,421519.38,421519.38,22974.36,2026-07-21 14:53:16.357103+02:00
2026-07-21 12:53:36.454565+00:00,35.76,13.44,869.32,16.08,11.0,16.0,17.0,22974.36,421519.38,421519.38,22974.36,2026-07-21 14:53:36.454565+02:00
2026-07-21 12:53:56.470499+00:00,35.71,13.44,869.36,16.08,11.0,16.0,17.0,23075.74,429039.37,429039.37,23075.74,2026-07-21 14:53:56.470499+02:00
2026-07-21 12:54:16.569516+00:00,35.62,13.48,869.29,16.08,10.0,15.0,17.0,23075.74,429039.37,429039.37,23075.74,2026-07-21 14:54:16.569516+02:00
2026-07-21 12:54:36.581748+00:00,35.57,13.52,869.3,16.08,10.0,15.0,17.0,23075.74,421519.38,421519.38,23075.74,2026-07-21 14:54:36.581748+02:00
2026-07-21 12:54:56.596680+00:00,35.59,13.57,869.28,16.08,10.0,15.0,17.0,23075.74,421519.38,421519.38,23075.74,2026-07-21 14:54:56.596680+02:00
2026-07-21 12:55:16.694772+00:00,35.6,13.59,869.3,16.08,10.0,13.0,15.0,23075.74,421519.38,421519.38,23075.74,2026-07-21 14:55:16.694772+02:00
2026-07-21 12:55:36.702305+00:00,35.71,13.55,869.29,16.08,10.0,13.0,15.0,23075.74,421519.38,421519.38,23075.74,2026-07-21 14:55:36.702305+02:00
2026-07-21 12:55:56.742672+00:00,35.78,13.5,869.27,16.08,11.0,14.0,16.0,22974.36,414229.01,414229.01,22974.36,2026-07-21 14:55:56.742672+02:00
2026-07-21 12:56:16.753994+00:00,35.87,13.44,869.28,16.08,10.0,13.0,15.0,23075.74,414229.01,414229.01,23075.74,2026-07-21 14:56:16.753994+02:00
2026-07-21 12:56:36.848256+00:00,35.96,13.4,869.32,16.08,10.0,13.0,15.0,22974.36,414229.01,414229.01,22974.36,2026-07-21 14:56:36.848256+02:00
2026-07-21 12:56:56.864156+00:00,35.79,13.41,869.3,16.08,10.0,13.0,15.0,22974.36,407157.89,407157.89,22974.36,2026-07-21 14:56:56.864156+02:00
2026-07-21 12:57:16.871249+00:00,35.83,13.35,869.31,16.08,9.0,13.0,15.0,23075.74,407157.89,407157.89,23075.74,2026-07-21 14:57:16.871249+02:00
2026-07-21 12:57:36.967635+00:00,35.83,13.33,869.3,16.08,9.0,13.0,15.0,23177.38,407157.89,407157.89,23177.38,2026-07-21 14:57:36.967635+02:00
2026-07-21 12:57:57.041393+00:00,35.8,13.44,869.33,16.08,9.0,13.0,15.0,23279.28,407157.89,407157.89,23279.28,2026-07-21 14:57:57.041393+02:00
2026-07-21 12:58:17.046691+00:00,35.75,13.48,869.34,16.08,9.0,14.0,15.0,23279.28,407157.89,407157.89,23279.28,2026-07-21 14:58:17.046691+02:00
2026-07-21 12:58:37.143493+00:00,35.71,13.49,869.32,16.08,9.0,14.0,15.0,23381.44,410666.67,410666.67,23381.44,2026-07-21 14:58:37.143493+02:00
2026-07-21 12:58:57.157684+00:00,35.72,13.43,869.31,16.08,9.0,14.0,15.0,23279.28,407157.89,407157.89,23279.28,2026-07-21 14:58:57.157684+02:00
2026-07-21 12:59:17.252111+00:00,35.73,13.47,869.3,16.08,9.0,15.0,18.0,23279.28,407157.89,407157.89,23279.28,2026-07-21 14:59:17.252111+02:00
2026-07-21 12:59:37.253710+00:00,35.73,13.5,869.31,16.08,9.0,15.0,18.0,23279.28,407157.89,407157.89,23279.28,2026-07-21 14:59:37.253710+02:00
2026-07-21 12:59:57.292182+00:00,35.69,13.42,869.32,16.08,9.0,15.0,18.0,23381.44,407157.89,407157.89,23381.44,2026-07-21 14:59:57.292182+02:00
2026-07-21 13:00:17.389544+00:00,35.72,13.53,869.33,16.08,10.0,16.0,19.0,23381.44,407157.89,407157.89,23381.44,2026-07-21 15:00:17.389544+02:00
2026-07-21 13:00:37.395498+00:00,35.74,13.5,869.31,16.08,11.0,17.0,20.0,23279.28,403701.49,403701.49,23279.28,2026-07-21 15:00:37.395498+02:00
2026-07-21 13:00:57.415076+00:00,35.77,13.45,869.29,16.08,11.0,17.0,20.0,23381.44,400296.3,400296.3,23381.44,2026-07-21 15:00:57.415076+02:00
2026-07-21 13:01:17.418212+00:00,35.8,13.46,869.3,16.08,10.0,16.0,19.0,23381.44,400296.3,400296.3,23381.44,2026-07-21 15:01:17.418212+02:00
2026-07-21 13:01:37.424838+00:00,35.78,13.48,869.25,16.08,10.0,16.0,19.0,23279.28,400296.3,400296.3,23279.28,2026-07-21 15:01:37.424838+02:00
2026-07-21 13:01:57.472850+00:00,35.8,13.49,869.26,16.08,10.0,16.0,19.0,23381.44,396941.18,396941.18,23381.44,2026-07-21 15:01:57.472850+02:00
2026-07-21 13:02:17.478291+00:00,35.84,13.5,869.26,16.08,10.0,16.0,20.0,23279.28,393635.04,393635.04,23279.28,2026-07-21 15:02:17.478291+02:00
2026-07-21 13:02:37.577444+00:00,35.82,13.41,869.25,16.08,10.0,16.0,20.0,23279.28,390376.81,390376.81,23279.28,2026-07-21 15:02:37.577444+02:00
2026-07-21 13:02:57.661275+00:00,35.8,13.46,869.28,16.08,9.0,15.0,18.0,23279.28,390376.81,390376.81,23279.28,2026-07-21 15:02:57.661275+02:00
2026-07-21 13:03:17.673138+00:00,35.84,13.39,869.25,16.08,10.0,16.0,20.0,23279.28,387165.47,387165.47,23279.28,2026-07-21 15:03:17.673138+02:00
2026-07-21 13:03:37.676724+00:00,35.88,13.41,869.26,16.08,10.0,17.0,20.0,23279.28,387165.47,387165.47,23279.28,2026-07-21 15:03:37.676724+02:00
2026-07-21 13:03:57.698378+00:00,35.85,13.49,869.24,16.08,11.0,18.0,21.0,23177.38,384000.0,384000.0,23177.38,2026-07-21 15:03:57.698378+02:00
2026-07-21 13:04:17.699123+00:00,35.91,13.43,869.24,16.08,11.0,18.0,21.0,23177.38,380879.43,380879.43,23177.38,2026-07-21 15:04:17.699123+02:00
2026-07-21 13:04:37.714821+00:00,35.96,13.4,869.29,16.08,11.0,17.0,19.0,23075.74,380879.43,380879.43,23075.74,2026-07-21 15:04:37.714821+02:00
2026-07-21 13:04:57.723267+00:00,35.97,13.41,869.27,16.08,11.0,17.0,18.0,23075.74,377802.82,377802.82,23075.74,2026-07-21 15:04:57.723267+02:00
2026-07-21 13:05:17.821037+00:00,36.0,13.31,869.23,16.08,12.0,18.0,19.0,23177.38,384000.0,384000.0,23177.38,2026-07-21 15:05:17.821037+02:00
2026-07-21 13:05:37.919114+00:00,36.06,13.27,869.23,16.08,11.0,17.0,17.0,23177.38,377802.82,377802.82,23177.38,2026-07-21 15:05:37.919114+02:00
2026-07-21 13:05:57.942917+00:00,36.03,13.24,869.23,16.08,12.0,18.0,19.0,23177.38,374769.23,374769.23,23177.38,2026-07-21 15:05:57.942917+02:00
2026-07-21 13:06:17.953850+00:00,35.98,13.28,869.24,16.08,12.0,18.0,21.0,23177.38,374769.23,374769.23,23177.38,2026-07-21 15:06:17.953850+02:00
2026-07-21 13:06:37.965513+00:00,36.01,13.37,869.22,16.08,12.0,18.0,21.0,23075.74,377802.82,377802.82,23075.74,2026-07-21 15:06:37.965513+02:00
2026-07-21 13:06:58.002379+00:00,36.05,13.22,869.25,16.08,12.0,18.0,21.0,23177.38,371777.78,371777.78,23177.38,2026-07-21 15:06:58.002379+02:00
2026-07-21 13:07:18.012068+00:00,36.04,13.24,869.24,16.08,11.0,18.0,21.0,23075.74,371777.78,371777.78,23075.74,2026-07-21 15:07:18.012068+02:00
2026-07-21 13:07:38.018454+00:00,36.05,13.35,869.26,16.08,11.0,18.0,21.0,23075.74,368827.59,368827.59,23075.74,2026-07-21 15:07:38.018454+02:00
2026-07-21 13:07:58.103364+00:00,36.01,13.26,869.21,16.08,11.0,18.0,21.0,23075.74,368827.59,368827.59,23075.74,2026-07-21 15:07:58.103364+02:00
2026-07-21 13:08:18.114022+00:00,36.11,13.24,869.23,16.08,11.0,17.0,20.0,23075.74,368827.59,368827.59,23075.74,2026-07-21 15:08:18.114022+02:00
2026-07-21 13:08:38.118698+00:00,36.16,13.21,869.23,16.08,11.0,17.0,20.0,22974.36,368827.59,368827.59,22974.36,2026-07-21 15:08:38.118698+02:00
2026-07-21 13:08:58.142153+00:00,36.17,13.21,869.23,16.08,11.0,17.0,20.0,22974.36,368827.59,368827.59,22974.36,2026-07-21 15:08:58.142153+02:00
2026-07-21 13:09:18.144465+00:00,36.18,13.16,869.26,16.08,11.0,17.0,20.0,23075.74,371777.78,371777.78,23075.74,2026-07-21 15:09:18.144465+02:00
2026-07-21 13:09:38.154673+00:00,36.24,13.11,869.23,16.08,11.0,17.0,20.0,23075.74,374769.23,374769.23,23075.74,2026-07-21 15:09:38.154673+02:00
2026-07-21 13:09:58.185206+00:00,36.25,13.0,869.26,16.08,11.0,17.0,20.0,23177.38,374769.23,374769.23,23177.38,2026-07-21 15:09:58.185206+02:00
2026-07-21 13:10:18.187166+00:00,36.25,12.98,869.27,16.08,11.0,17.0,20.0,23177.38,374769.23,374769.23,23177.38,2026-07-21 15:10:18.187166+02:00
2026-07-21 13:10:38.196804+00:00,36.25,12.89,869.27,16.08,11.0,17.0,20.0,23177.38,377802.82,377802.82,23177.38,2026-07-21 15:10:38.196804+02:00
2026-07-21 13:10:58.247049+00:00,36.17,12.98,869.23,16.08,11.0,17.0,20.0,23279.28,377802.82,377802.82,23279.28,2026-07-21 15:10:58.247049+02:00
2026-07-21 13:11:18.261437+00:00,36.13,12.96,869.24,16.08,11.0,17.0,19.0,23279.28,374769.23,374769.23,23279.28,2026-07-21 15:11:18.261437+02:00
2026-07-21 13:11:38.272942+00:00,36.11,12.96,869.22,16.08,11.0,17.0,19.0,23279.28,374769.23,374769.23,23279.28,2026-07-21 15:11:38.272942+02:00
2026-07-21 13:11:58.281562+00:00,36.12,13.11,869.22,16.08,11.0,17.0,19.0,23279.28,377802.82,377802.82,23279.28,2026-07-21 15:11:58.281562+02:00
2026-07-21 13:12:18.378572+00:00,36.07,12.98,869.2,16.08,10.0,17.0,19.0,23381.44,377802.82,377802.82,23381.44,2026-07-21 15:12:18.378572+02:00
2026-07-21 13:12:38.385533+00:00,36.02,12.98,869.18,16.08,10.0,17.0,19.0,23381.44,377802.82,377802.82,23381.44,2026-07-21 15:12:38.385533+02:00
2026-07-21 13:12:58.413149+00:00,35.97,13.03,869.21,16.08,10.0,17.0,19.0,23381.44,368827.59,368827.59,23381.44,2026-07-21 15:12:58.413149+02:00
2026-07-21 13:13:18.440729+00:00,35.91,13.1,869.18,16.08,10.0,17.0,19.0,23381.44,374769.23,374769.23,23381.44,2026-07-21 15:13:18.440729+02:00
2026-07-21 13:13:38.539976+00:00,35.96,13.03,869.17,16.08,10.0,17.0,19.0,23279.28,371777.78,371777.78,23279.28,2026-07-21 15:13:38.539976+02:00
2026-07-21 13:13:58.546124+00:00,36.05,13.09,869.2,16.08,10.0,17.0,19.0,23279.28,371777.78,371777.78,23279.28,2026-07-21 15:13:58.546124+02:00
2026-07-21 13:14:18.559537+00:00,36.09,13.08,869.16,16.08,10.0,17.0,19.0,23177.38,371777.78,371777.78,23177.38,2026-07-21 15:14:18.559537+02:00
2026-07-21 13:14:38.565989+00:00,36.14,13.03,869.18,16.08,10.0,17.0,19.0,23177.38,371777.78,371777.78,23177.38,2026-07-21 15:14:38.565989+02:00
2026-07-21 13:14:58.590909+00:00,36.18,13.02,869.18,16.08,10.0,17.0,19.0,23177.38,368827.59,368827.59,23177.38,2026-07-21 15:14:58.590909+02:00
2026-07-21 13:15:18.681778+00:00,36.2,13.01,869.18,16.08,9.0,16.0,17.0,23177.38,365917.81,365917.81,23177.38,2026-07-21 15:15:18.681778+02:00
2026-07-21 13:15:38.692557+00:00,36.2,13.05,869.19,16.08,9.0,16.0,17.0,23177.38,368827.59,368827.59,23177.38,2026-07-21 15:15:38.692557+02:00
2026-07-21 13:15:58.715328+00:00,36.24,13.03,869.18,16.08,9.0,16.0,17.0,23177.38,368827.59,368827.59,23177.38,2026-07-21 15:15:58.715328+02:00
2026-07-21 13:16:18.719556+00:00,36.27,13.04,869.16,16.08,10.0,16.0,16.0,23075.74,368827.59,368827.59,23075.74,2026-07-21 15:16:18.719556+02:00
2026-07-21 13:16:38.727037+00:00,36.27,13.07,869.17,16.08,10.0,16.0,16.0,23075.74,368827.59,368827.59,23075.74,2026-07-21 15:16:38.727037+02:00
2026-07-21 13:16:58.751650+00:00,36.3,13.05,869.18,16.08,10.0,16.0,16.0,23075.74,368827.59,368827.59,23075.74,2026-07-21 15:16:58.751650+02:00
2026-07-21 13:17:18.767017+00:00,36.33,13.05,869.16,16.08,10.0,16.0,17.0,23075.74,360216.22,360216.22,23075.74,2026-07-21 15:17:18.767017+02:00
2026-07-21 13:17:38.828501+00:00,36.27,13.08,869.17,16.08,10.0,16.0,17.0,23075.74,357422.82,357422.82,23075.74,2026-07-21 15:17:38.828501+02:00
2026-07-21 13:17:58.847625+00:00,36.28,13.1,869.2,16.08,10.0,16.0,17.0,23075.74,363047.62,363047.62,23075.74,2026-07-21 15:17:58.847625+02:00
2026-07-21 13:18:18.863739+00:00,36.37,12.99,869.15,16.08,11.0,16.0,18.0,23075.74,363047.62,363047.62,23075.74,2026-07-21 15:18:18.863739+02:00
2026-07-21 13:18:38.959167+00:00,36.41,12.98,869.13,16.08,11.0,16.0,18.0,22974.36,360216.22,360216.22,22974.36,2026-07-21 15:18:38.959167+02:00
2026-07-21 13:18:58.991258+00:00,36.46,12.93,869.15,16.08,11.0,16.0,18.0,23075.74,363047.62,363047.62,23075.74,2026-07-21 15:18:58.991258+02:00
2026-07-21 13:19:19.090592+00:00,36.48,12.93,869.16,16.08,11.0,17.0,18.0,22974.36,360216.22,360216.22,22974.36,2026-07-21 15:19:19.090592+02:00
2026-07-21 13:19:39.096569+00:00,36.48,12.93,869.13,16.08,11.0,17.0,18.0,22974.36,357422.82,357422.82,22974.36,2026-07-21 15:19:39.096569+02:00
2026-07-21 13:19:59.172042+00:00,36.53,12.93,869.15,16.08,11.0,17.0,18.0,22974.36,360216.22,360216.22,22974.36,2026-07-21 15:19:59.172042+02:00
2026-07-21 13:20:19.181005+00:00,36.53,12.89,869.15,16.08,11.0,18.0,19.0,22974.36,357422.82,357422.82,22974.36,2026-07-21 15:20:19.181005+02:00
2026-07-21 13:20:39.182897+00:00,36.49,12.91,869.13,16.08,11.0,18.0,19.0,22974.36,357422.82,357422.82,22974.36,2026-07-21 15:20:39.182897+02:00
2026-07-21 13:20:59.198151+00:00,36.39,12.98,869.13,16.08,11.0,18.0,19.0,22974.36,357422.82,357422.82,22974.36,2026-07-21 15:20:59.198151+02:00
2026-07-21 13:21:19.206065+00:00,36.29,13.06,869.16,16.08,11.0,18.0,19.0,22974.36,357422.82,357422.82,22974.36,2026-07-21 15:21:19.206065+02:00
2026-07-21 13:21:39.216977+00:00,36.29,13.06,869.18,13.94,11.0,18.0,19.0,22974.36,357422.82,357422.82,22974.36,2026-07-21 15:21:39.216977+02:00
2026-07-21 13:21:59.230019+00:00,36.31,13.04,869.16,13.94,11.0,18.0,19.0,23075.74,357422.82,357422.82,23075.74,2026-07-21 15:21:59.230019+02:00
2026-07-21 13:22:19.325119+00:00,36.35,13.06,869.15,13.94,12.0,17.0,18.0,23075.74,360216.22,360216.22,23075.74,2026-07-21 15:22:19.325119+02:00
2026-07-21 13:22:39.424607+00:00,36.37,13.06,869.16,13.94,12.0,17.0,18.0,23075.74,360216.22,360216.22,23075.74,2026-07-21 15:22:39.424607+02:00
2026-07-21 13:22:59.456941+00:00,36.39,12.97,869.13,13.94,12.0,17.0,18.0,23075.74,360216.22,360216.22,23075.74,2026-07-21 15:22:59.456941+02:00
2026-07-21 13:23:19.474716+00:00,36.39,13.01,869.14,13.94,12.0,17.0,19.0,23177.38,357422.82,357422.82,23177.38,2026-07-21 15:23:19.474716+02:00
2026-07-21 13:23:39.488374+00:00,36.38,13.04,869.13,13.94,12.0,17.0,19.0,23075.74,357422.82,357422.82,23075.74,2026-07-21 15:23:39.488374+02:00
2026-07-21 13:23:59.564644+00:00,36.35,12.95,869.1,13.94,12.0,17.0,19.0,23177.38,360216.22,360216.22,23177.38,2026-07-21 15:23:59.564644+02:00
2026-07-21 13:24:19.572308+00:00,36.3,13.03,869.14,13.94,12.0,16.0,21.0,23177.38,360216.22,360216.22,23177.38,2026-07-21 15:24:19.572308+02:00
2026-07-21 13:24:39.602499+00:00,36.21,13.08,869.11,13.94,12.0,16.0,21.0,23279.28,354666.67,354666.67,23279.28,2026-07-21 15:24:39.602499+02:00
2026-07-21 13:24:59.643792+00:00,36.19,13.02,869.1,13.94,12.0,16.0,21.0,23279.28,360216.22,360216.22,23279.28,2026-07-21 15:24:59.643792+02:00
2026-07-21 13:25:19.741251+00:00,36.19,13.06,869.09,13.94,12.0,17.0,22.0,23381.44,363047.62,363047.62,23381.44,2026-07-21 15:25:19.741251+02:00
2026-07-21 13:25:39.741893+00:00,36.2,13.0,869.1,13.94,12.0,17.0,22.0,23381.44,363047.62,363047.62,23381.44,2026-07-21 15:25:39.741893+02:00
2026-07-21 13:25:59.770000+00:00,36.21,13.05,869.12,13.94,12.0,17.0,22.0,23279.28,360216.22,360216.22,23279.28,2026-07-21 15:25:59.770000+02:00
2026-07-21 13:26:19.779945+00:00,36.17,13.11,869.13,13.94,12.0,17.0,22.0,23279.28,357422.82,357422.82,23279.28,2026-07-21 15:26:19.779945+02:00
2026-07-21 13:26:39.782440+00:00,36.23,13.1,869.09,13.94,12.0,17.0,22.0,23279.28,354666.67,354666.67,23279.28,2026-07-21 15:26:39.782440+02:00
2026-07-21 13:26:59.784036+00:00,36.2,13.12,869.1,13.94,12.0,17.0,22.0,23279.28,354666.67,354666.67,23279.28,2026-07-21 15:26:59.784036+02:00
2026-07-21 13:27:19.794743+00:00,36.2,13.1,869.11,13.94,13.0,18.0,21.0,23279.28,354666.67,354666.67,23279.28,2026-07-21 15:27:19.794743+02:00
2026-07-21 13:27:39.802352+00:00,36.18,13.17,869.09,13.94,13.0,18.0,21.0,23279.28,357422.82,357422.82,23279.28,2026-07-21 15:27:39.802352+02:00
2026-07-21 13:27:59.814847+00:00,36.16,13.16,869.12,13.94,13.0,18.0,21.0,23279.28,354666.67,354666.67,23279.28,2026-07-21 15:27:59.814847+02:00
2026-07-21 13:28:19.817800+00:00,36.15,13.18,869.1,13.94,13.0,18.0,21.0,23279.28,351947.02,351947.02,23279.28,2026-07-21 15:28:19.817800+02:00
2026-07-21 13:28:39.914231+00:00,36.11,13.23,869.08,13.94,13.0,18.0,21.0,23279.28,351947.02,351947.02,23279.28,2026-07-21 15:28:39.914231+02:00
2026-07-21 13:28:59.940641+00:00,36.14,13.2,869.07,13.94,13.0,18.0,21.0,23279.28,354666.67,354666.67,23279.28,2026-07-21 15:28:59.940641+02:00
2026-07-21 13:29:20.040643+00:00,36.12,13.21,869.1,13.94,12.0,16.0,20.0,23279.28,351947.02,351947.02,23279.28,2026-07-21 15:29:20.040643+02:00
2026-07-21 13:29:40.137639+00:00,36.1,13.25,869.12,13.94,12.0,16.0,20.0,23279.28,349263.16,349263.16,23279.28,2026-07-21 15:29:40.137639+02:00
2026-07-21 13:30:00.145954+00:00,36.1,13.22,869.08,13.94,12.0,16.0,20.0,23279.28,346614.38,346614.38,23279.28,2026-07-21 15:30:00.145954+02:00
2026-07-21 13:30:20.163269+00:00,36.1,13.17,869.05,13.94,13.0,17.0,21.0,23381.44,351947.02,351947.02,23381.44,2026-07-21 15:30:20.163269+02:00
2026-07-21 13:30:40.170040+00:00,36.04,13.21,869.1,13.94,13.0,17.0,21.0,23381.44,351947.02,351947.02,23381.44,2026-07-21 15:30:40.170040+02:00
2026-07-21 13:31:00.196983+00:00,36.09,13.31,869.07,13.94,13.0,17.0,21.0,23381.44,354666.67,354666.67,23381.44,2026-07-21 15:31:00.196983+02:00
2026-07-21 13:31:20.197567+00:00,36.12,13.24,869.08,13.94,13.0,17.0,21.0,23381.44,349263.16,349263.16,23381.44,2026-07-21 15:31:20.197567+02:00
2026-07-21 13:31:40.206051+00:00,36.16,13.16,869.1,13.94,13.0,17.0,21.0,23483.87,354666.67,354666.67,23483.87,2026-07-21 15:31:40.206051+02:00
2026-07-21 13:32:00.241868+00:00,36.13,13.2,869.08,13.94,13.0,17.0,21.0,23381.44,351947.02,351947.02,23381.44,2026-07-21 15:32:00.241868+02:00
2026-07-21 13:32:20.246112+00:00,36.18,13.13,869.05,13.94,12.0,17.0,21.0,23381.44,351947.02,351947.02,23381.44,2026-07-21 15:32:20.246112+02:00
2026-07-21 13:32:40.252801+00:00,36.23,13.12,869.09,13.94,12.0,17.0,21.0,23381.44,349263.16,349263.16,23381.44,2026-07-21 15:32:40.252801+02:00
2026-07-21 13:33:00.263129+00:00,36.23,13.09,869.07,13.94,12.0,17.0,21.0,23381.44,346614.38,346614.38,23381.44,2026-07-21 15:33:00.263129+02:00
2026-07-21 13:33:20.269519+00:00,36.28,13.08,869.08,13.94,12.0,18.0,21.0,23381.44,349263.16,349263.16,23381.44,2026-07-21 15:33:20.269519+02:00
2026-07-21 13:33:40.287835+00:00,36.29,13.04,869.04,13.94,12.0,18.0,21.0,23381.44,349263.16,349263.16,23381.44,2026-07-21 15:33:40.287835+02:00
2026-07-21 13:34:00.367178+00:00,36.25,13.09,869.04,13.94,12.0,18.0,21.0,23279.28,349263.16,349263.16,23279.28,2026-07-21 15:34:00.367178+02:00
2026-07-21 13:34:20.384121+00:00,36.26,13.12,869.05,13.94,13.0,19.0,19.0,23279.28,349263.16,349263.16,23279.28,2026-07-21 15:34:20.384121+02:00
2026-07-21 13:34:40.392723+00:00,36.3,13.07,869.03,13.94,13.0,19.0,19.0,23279.28,349263.16,349263.16,23279.28,2026-07-21 15:34:40.392723+02:00
2026-07-21 13:35:00.470368+00:00,36.31,13.08,869.02,13.94,13.0,19.0,19.0,23279.28,346614.38,346614.38,23279.28,2026-07-21 15:35:00.470368+02:00
2026-07-21 13:35:20.476195+00:00,36.31,13.1,869.05,13.94,13.0,18.0,18.0,23279.28,349263.16,349263.16,23279.28,2026-07-21 15:35:20.476195+02:00
2026-07-21 13:35:40.480974+00:00,36.29,13.2,869.09,13.94,13.0,18.0,18.0,23279.28,346614.38,346614.38,23279.28,2026-07-21 15:35:40.480974+02:00
2026-07-21 13:36:00.499261+00:00,36.29,13.11,869.02,13.94,13.0,18.0,18.0,23279.28,349263.16,349263.16,23279.28,2026-07-21 15:36:00.499261+02:00
2026-07-21 13:36:20.516865+00:00,36.31,13.2,869.04,13.94,11.0,16.0,16.0,23279.28,349263.16,349263.16,23279.28,2026-07-21 15:36:20.516865+02:00
2026-07-21 13:36:40.611303+00:00,36.32,13.12,869.06,13.94,11.0,16.0,16.0,23279.28,346614.38,346614.38,23279.28,2026-07-21 15:36:40.611303+02:00
2026-07-21 13:37:00.621473+00:00,36.35,13.12,869.04,13.94,11.0,16.0,16.0,23279.28,349263.16,349263.16,23279.28,2026-07-21 15:37:00.621473+02:00
2026-07-21 13:37:20.717860+00:00,36.43,13.07,869.04,13.94,11.0,16.0,16.0,23279.28,349263.16,349263.16,23279.28,2026-07-21 15:37:20.717860+02:00
2026-07-21 13:37:40.817140+00:00,36.41,13.08,869.02,13.94,11.0,16.0,16.0,23279.28,346614.38,346614.38,23279.28,2026-07-21 15:37:40.817140+02:00
2026-07-21 13:38:00.820803+00:00,36.33,13.13,869.04,13.94,11.0,16.0,16.0,23279.28,346614.38,346614.38,23279.28,2026-07-21 15:38:00.820803+02:00
2026-07-21 13:38:20.835629+00:00,36.27,13.11,869.01,13.94,11.0,17.0,17.0,23381.44,349263.16,349263.16,23381.44,2026-07-21 15:38:20.835629+02:00
2026-07-21 13:38:40.842211+00:00,36.22,13.2,869.03,13.94,11.0,17.0,17.0,23381.44,349263.16,349263.16,23381.44,2026-07-21 15:38:40.842211+02:00
2026-07-21 13:39:00.857948+00:00,36.17,13.17,869.03,13.94,11.0,17.0,17.0,23381.44,349263.16,349263.16,23381.44,2026-07-21 15:39:00.857948+02:00
2026-07-21 13:39:20.866825+00:00,36.17,13.2,869.06,13.94,10.0,15.0,15.0,23381.44,349263.16,349263.16,23381.44,2026-07-21 15:39:20.866825+02:00
2026-07-21 13:39:40.868740+00:00,36.17,13.23,869.01,13.94,9.0,14.0,14.0,23381.44,349263.16,349263.16,23381.44,2026-07-21 15:39:40.868740+02:00
2026-07-21 13:40:00.922146+00:00,36.13,13.31,869.02,13.94,9.0,14.0,14.0,23483.87,349263.16,349263.16,23483.87,2026-07-21 15:40:00.922146+02:00
2026-07-21 13:40:20.937177+00:00,36.09,13.32,869.02,13.94,8.0,14.0,14.0,23483.87,349263.16,349263.16,23483.87,2026-07-21 15:40:20.937177+02:00
2026-07-21 13:40:40.953679+00:00,36.09,13.36,869.03,13.94,9.0,15.0,15.0,23483.87,346614.38,346614.38,23483.87,2026-07-21 15:40:40.953679+02:00
2026-07-21 13:41:00.985204+00:00,36.05,13.33,869.02,13.94,9.0,15.0,15.0,23483.87,346614.38,346614.38,23483.87,2026-07-21 15:41:00.985204+02:00
2026-07-21 13:41:20.996801+00:00,36.09,13.34,869.0,13.94,9.0,14.0,14.0,23381.44,344000.0,344000.0,23381.44,2026-07-21 15:41:20.996801+02:00
2026-07-21 13:41:41.005720+00:00,36.15,13.23,869.01,13.94,9.0,14.0,14.0,23483.87,344000.0,344000.0,23483.87,2026-07-21 15:41:41.005720+02:00
2026-07-21 13:42:01.044210+00:00,36.22,13.22,868.99,13.94,9.0,14.0,14.0,23381.44,344000.0,344000.0,23381.44,2026-07-21 15:42:01.044210+02:00
2026-07-21 13:42:21.052757+00:00,36.2,13.27,869.04,13.94,10.0,16.0,16.0,23381.44,344000.0,344000.0,23381.44,2026-07-21 15:42:21.052757+02:00
2026-07-21 13:42:41.064923+00:00,36.24,13.36,869.01,13.94,10.0,15.0,16.0,23381.44,344000.0,344000.0,23381.44,2026-07-21 15:42:41.064923+02:00
2026-07-21 13:43:01.084426+00:00,36.22,13.15,868.97,13.94,9.0,15.0,16.0,23381.44,341419.35,341419.35,23381.44,2026-07-21 15:43:01.084426+02:00
2026-07-21 13:43:21.085396+00:00,36.27,13.2,869.0,13.94,10.0,16.0,17.0,23381.44,344000.0,344000.0,23381.44,2026-07-21 15:43:21.085396+02:00
2026-07-21 13:43:41.183935+00:00,36.27,13.23,868.99,13.94,10.0,17.0,18.0,23381.44,341419.35,341419.35,23381.44,2026-07-21 15:43:41.183935+02:00
2026-07-21 13:44:01.204490+00:00,36.25,13.25,868.98,13.94,11.0,18.0,19.0,23381.44,344000.0,344000.0,23381.44,2026-07-21 15:44:01.204490+02:00
2026-07-21 13:44:21.206537+00:00,36.18,13.29,869.01,13.94,11.0,18.0,19.0,23381.44,344000.0,344000.0,23381.44,2026-07-21 15:44:21.206537+02:00
2026-07-21 13:44:41.219317+00:00,36.21,13.29,868.98,13.94,11.0,19.0,22.0,23381.44,341419.35,341419.35,23381.44,2026-07-21 15:44:41.219317+02:00
2026-07-21 13:45:01.312445+00:00,36.21,13.26,868.95,13.94,11.0,20.0,23.0,23381.44,344000.0,344000.0,23381.44,2026-07-21 15:45:01.312445+02:00
2026-07-21 13:45:21.326193+00:00,36.28,13.22,868.97,13.94,12.0,21.0,24.0,23381.44,344000.0,344000.0,23381.44,2026-07-21 15:45:21.326193+02:00
2026-07-21 13:45:41.424745+00:00,36.2,13.22,869.01,13.94,11.0,21.0,25.0,23381.44,338871.79,338871.79,23381.44,2026-07-21 15:45:41.424745+02:00
2026-07-21 13:46:01.440023+00:00,36.19,13.36,868.99,13.94,11.0,20.0,24.0,23381.44,344000.0,344000.0,23381.44,2026-07-21 15:46:01.440023+02:00
2026-07-21 13:46:21.453240+00:00,36.19,13.33,868.96,13.94,11.0,22.0,25.0,23381.44,341419.35,341419.35,23381.44,2026-07-21 15:46:21.453240+02:00
2026-07-21 13:46:41.468000+00:00,36.16,13.34,869.02,13.94,11.0,22.0,25.0,23381.44,341419.35,341419.35,23381.44,2026-07-21 15:46:41.468000+02:00
2026-07-21 13:47:01.492452+00:00,36.09,13.31,869.01,13.94,11.0,22.0,25.0,23381.44,338871.79,338871.79,23381.44,2026-07-21 15:47:01.492452+02:00
2026-07-21 13:47:21.495925+00:00,36.11,13.29,869.01,13.94,12.0,23.0,27.0,23381.44,341419.35,341419.35,23381.44,2026-07-21 15:47:21.495925+02:00
2026-07-21 13:47:41.593472+00:00,36.14,13.34,868.97,13.94,12.0,23.0,27.0,23483.87,344000.0,344000.0,23483.87,2026-07-21 15:47:41.593472+02:00
2026-07-21 13:48:01.642154+00:00,36.07,13.34,869.0,13.94,12.0,23.0,27.0,23483.87,344000.0,344000.0,23483.87,2026-07-21 15:48:01.642154+02:00
2026-07-21 13:48:21.644212+00:00,36.03,13.44,869.02,13.94,12.0,21.0,26.0,23586.56,341419.35,341419.35,23586.56,2026-07-21 15:48:21.644212+02:00
2026-07-21 13:48:41.661151+00:00,35.93,13.36,868.98,13.94,12.0,21.0,26.0,23689.52,331421.38,331421.38,23689.52,2026-07-21 15:48:41.661151+02:00
2026-07-21 13:49:01.675281+00:00,35.66,13.69,869.0,145.27,12.0,21.0,26.0,23792.75,341419.35,341419.35,23792.75,2026-07-21 15:49:01.675281+02:00
2026-07-21 13:49:21.680364+00:00,35.75,13.44,868.96,145.27,11.0,21.0,26.0,24312.91,319609.76,319609.76,24312.91,2026-07-21 15:49:21.680364+02:00
2026-07-21 13:49:41.687497+00:00,35.9,13.32,868.98,145.27,11.0,21.0,26.0,24628.27,321914.11,321914.11,24628.27,2026-07-21 15:49:41.687497+02:00
2026-07-21 13:50:01.760503+00:00,35.71,13.4,868.97,145.6,11.0,21.0,26.0,24946.12,324246.91,324246.91,24946.12,2026-07-21 15:50:01.760503+02:00
2026-07-21 13:50:21.764691+00:00,35.82,13.37,868.96,145.6,12.0,21.0,26.0,25159.42,324246.91,324246.91,25159.42,2026-07-21 15:50:21.764691+02:00
2026-07-21 13:50:41.864253+00:00,36.05,13.09,869.01,142.94,12.0,21.0,26.0,25481.48,319609.76,319609.76,25481.48,2026-07-21 15:50:41.864253+02:00
2026-07-21 13:51:01.880499+00:00,36.04,12.95,868.99,145.6,12.0,21.0,26.0,25697.61,315084.34,315084.34,25697.61,2026-07-21 15:51:01.880499+02:00
2026-07-21 13:51:21.885955+00:00,35.61,13.23,868.98,142.94,12.0,20.0,23.0,25806.11,315084.34,315084.34,25806.11,2026-07-21 15:51:21.885955+02:00
2026-07-21 13:51:41.895001+00:00,35.54,13.3,869.0,145.6,12.0,20.0,23.0,26023.97,315084.34,315084.34,26023.97,2026-07-21 15:51:41.895001+02:00
2026-07-21 13:52:01.914948+00:00,35.55,13.26,868.97,145.6,12.0,20.0,23.0,26133.33,319609.76,319609.76,26133.33,2026-07-21 15:52:01.914948+02:00
2026-07-21 13:52:21.922353+00:00,35.48,13.32,868.95,142.94,12.0,20.0,22.0,26242.99,319609.76,319609.76,26242.99,2026-07-21 15:52:21.922353+02:00
2026-07-21 13:52:41.925627+00:00,35.47,13.3,868.97,142.94,12.0,20.0,22.0,26352.94,321914.11,321914.11,26352.94,2026-07-21 15:52:41.925627+02:00
2026-07-21 13:53:01.940111+00:00,35.3,13.42,868.99,142.94,12.0,20.0,22.0,26463.19,324246.91,324246.91,26463.19,2026-07-21 15:53:01.940111+02:00
2026-07-21 13:53:21.951138+00:00,35.4,13.34,868.95,142.94,12.0,19.0,22.0,26573.73,319609.76,319609.76,26573.73,2026-07-21 15:53:21.951138+02:00
2026-07-21 13:53:41.956793+00:00,35.5,13.19,868.95,142.94,12.0,19.0,22.0,26795.7,319609.76,319609.76,26795.7,2026-07-21 15:53:41.956793+02:00
2026-07-21 13:54:02.036307+00:00,35.53,13.2,868.95,142.94,12.0,19.0,22.0,26795.7,321914.11,321914.11,26795.7,2026-07-21 15:54:02.036307+02:00
2026-07-21 13:54:22.136103+00:00,35.46,13.16,868.94,142.94,12.0,18.0,20.0,26907.13,319609.76,319609.76,26907.13,2026-07-21 15:54:22.136103+02:00
2026-07-21 13:54:42.229743+00:00,35.36,13.29,868.92,142.94,12.0,18.0,20.0,27018.87,319609.76,319609.76,27018.87,2026-07-21 15:54:42.229743+02:00
2026-07-21 13:55:02.243557+00:00,35.23,13.27,868.89,145.27,12.0,18.0,20.0,27130.9,321914.11,321914.11,27130.9,2026-07-21 15:55:02.243557+02:00
2026-07-21 13:55:22.244024+00:00,35.15,13.33,868.94,142.94,13.0,19.0,20.0,27130.9,321914.11,321914.11,27130.9,2026-07-21 15:55:22.244024+02:00
2026-07-21 13:55:42.250098+00:00,35.11,13.25,868.92,145.27,13.0,19.0,20.0,27355.89,324246.91,324246.91,27355.89,2026-07-21 15:55:42.250098+02:00
2026-07-21 13:56:02.251904+00:00,35.16,13.3,868.95,145.27,13.0,19.0,20.0,27355.89,321914.11,321914.11,27355.89,2026-07-21 15:56:02.251904+02:00
2026-07-21 13:56:22.351019+00:00,35.18,13.28,868.9,145.27,12.0,18.0,20.0,27355.89,324246.91,324246.91,27355.89,2026-07-21 15:56:22.351019+02:00
2026-07-21 13:56:42.352038+00:00,35.21,13.22,868.9,145.27,12.0,18.0,20.0,27468.83,329000.0,329000.0,27468.83,2026-07-21 15:56:42.352038+02:00
2026-07-21 13:57:02.358409+00:00,35.25,13.22,868.91,145.27,12.0,18.0,20.0,27582.09,331421.38,331421.38,27582.09,2026-07-21 15:57:02.358409+02:00
2026-07-21 13:57:22.458123+00:00,35.26,13.05,868.93,145.27,11.0,16.0,17.0,27695.65,336356.69,336356.69,27695.65,2026-07-21 15:57:22.458123+02:00
2026-07-21 13:57:42.551752+00:00,35.17,13.14,868.9,145.27,11.0,16.0,17.0,27695.65,333873.42,333873.42,27695.65,2026-07-21 15:57:42.551752+02:00
2026-07-21 13:58:02.563840+00:00,35.13,13.21,868.92,145.27,11.0,16.0,17.0,27695.65,331421.38,331421.38,27695.65,2026-07-21 15:58:02.563840+02:00
2026-07-21 13:58:22.569662+00:00,35.03,13.26,868.92,145.27,11.0,16.0,17.0,27809.52,336356.69,336356.69,27809.52,2026-07-21 15:58:22.569662+02:00
2026-07-21 13:58:42.667625+00:00,35.09,13.25,868.91,145.27,11.0,16.0,17.0,27809.52,333873.42,333873.42,27809.52,2026-07-21 15:58:42.667625+02:00
2026-07-21 13:59:02.673096+00:00,35.13,13.18,868.88,145.27,11.0,16.0,17.0,27809.52,338871.79,338871.79,27809.52,2026-07-21 15:59:02.673096+02:00
2026-07-21 13:59:22.780621+00:00,35.22,13.09,868.94,145.6,11.0,16.0,17.0,27923.71,336356.69,336356.69,27923.71,2026-07-21 15:59:22.780621+02:00
2026-07-21 13:59:42.784744+00:00,34.86,13.28,868.9,145.27,11.0,16.0,17.0,28153.01,338871.79,338871.79,28153.01,2026-07-21 15:59:42.784744+02:00
2026-07-21 14:00:02.861534+00:00,34.87,13.26,868.93,145.27,11.0,16.0,17.0,28153.01,341419.35,341419.35,28153.01,2026-07-21 16:00:02.861534+02:00
2026-07-21 14:00:22.897944+00:00,34.97,13.21,868.92,145.27,11.0,15.0,16.0,28153.01,346614.38,346614.38,28153.01,2026-07-21 16:00:22.897944+02:00
2026-07-21 14:00:42.934108+00:00,35.1,13.16,868.93,145.6,11.0,15.0,16.0,28153.01,346614.38,346614.38,28153.01,2026-07-21 16:00:42.934108+02:00
2026-07-21 14:01:02.955060+00:00,35.13,13.17,868.91,142.94,11.0,15.0,16.0,28153.01,346614.38,346614.38,28153.01,2026-07-21 16:01:02.955060+02:00
2026-07-21 14:01:22.960662+00:00,35.35,13.08,868.92,142.94,11.0,16.0,17.0,28038.2,341419.35,341419.35,28038.2,2026-07-21 16:01:22.960662+02:00
2026-07-21 14:01:42.968382+00:00,35.68,12.78,868.95,142.94,11.0,16.0,17.0,28038.2,346614.38,346614.38,28038.2,2026-07-21 16:01:42.968382+02:00
2026-07-21 14:02:02.987947+00:00,35.01,13.21,868.91,142.94,11.0,16.0,17.0,28038.2,344000.0,344000.0,28038.2,2026-07-21 16:02:02.987947+02:00
2026-07-21 14:02:22.999200+00:00,35.32,13.06,868.9,159.12,10.0,16.0,17.0,27582.09,344000.0,344000.0,27582.09,2026-07-21 16:02:22.999200+02:00
2026-07-21 14:02:43.010316+00:00,34.78,13.4,868.88,159.12,10.0,16.0,17.0,26907.13,341419.35,341419.35,26907.13,2026-07-21 16:02:43.010316+02:00
2026-07-21 14:03:03.033635+00:00,34.27,13.64,868.88,154.24,10.0,16.0,17.0,26242.99,338871.79,338871.79,26242.99,2026-07-21 16:03:03.033635+02:00
2026-07-21 14:03:23.130773+00:00,33.75,14.54,868.88,159.12,10.0,15.0,16.0,25266.49,341419.35,341419.35,25266.49,2026-07-21 16:03:23.130773+02:00
2026-07-21 14:03:43.147563+00:00,33.49,14.3,868.89,160.0,10.0,15.0,16.0,25266.49,338871.79,338871.79,25266.49,2026-07-21 16:03:43.147563+02:00
2026-07-21 14:04:03.156897+00:00,33.57,15.0,868.92,154.24,10.0,15.0,16.0,24839.9,333873.42,333873.42,24839.9,2026-07-21 16:04:03.156897+02:00
2026-07-21 14:04:23.170422+00:00,33.89,14.96,868.89,154.24,10.0,16.0,17.0,24417.75,331421.38,331421.38,24417.75,2026-07-21 16:04:23.170422+02:00
2026-07-21 14:04:43.266907+00:00,33.68,14.29,868.89,154.24,10.0,16.0,17.0,24417.75,329000.0,329000.0,24417.75,2026-07-21 16:04:43.266907+02:00
2026-07-21 14:05:03.277531+00:00,33.85,14.4,868.89,26.92,10.0,16.0,17.0,25159.42,341419.35,341419.35,25159.42,2026-07-21 16:05:03.277531+02:00
2026-07-21 14:05:23.282094+00:00,34.33,14.06,868.92,28.36,10.0,16.0,17.0,26023.97,357422.82,357422.82,26023.97,2026-07-21 16:05:23.282094+02:00
2026-07-21 14:05:43.379048+00:00,34.68,13.45,868.9,28.36,10.0,16.0,17.0,26795.7,354666.67,354666.67,26795.7,2026-07-21 16:05:43.379048+02:00
2026-07-21 14:06:03.401806+00:00,34.74,13.46,868.89,28.36,10.0,16.0,17.0,27355.89,349263.16,349263.16,27355.89,2026-07-21 16:06:03.401806+02:00
2026-07-21 14:06:23.406827+00:00,34.76,13.49,868.9,28.36,10.0,16.0,16.0,27582.09,360216.22,360216.22,27582.09,2026-07-21 16:06:23.406827+02:00
2026-07-21 14:06:43.406297+00:00,35.07,13.13,868.91,28.36,10.0,16.0,16.0,27809.52,363047.62,363047.62,27809.52,2026-07-21 16:06:43.406297+02:00
2026-07-21 14:07:03.427549+00:00,35.13,13.19,868.91,28.36,10.0,16.0,16.0,27923.71,363047.62,363047.62,27923.71,2026-07-21 16:07:03.427549+02:00
2026-07-21 14:07:23.428697+00:00,35.1,13.2,868.9,28.36,10.0,16.0,16.0,28038.2,363047.62,363047.62,28038.2,2026-07-21 16:07:23.428697+02:00
2026-07-21 14:07:43.527943+00:00,34.74,13.47,868.88,28.36,10.0,16.0,16.0,27923.71,357422.82,357422.82,27923.71,2026-07-21 16:07:43.527943+02:00
2026-07-21 14:08:03.544353+00:00,34.75,13.47,868.89,28.36,10.0,16.0,16.0,28038.2,357422.82,357422.82,28038.2,2026-07-21 16:08:03.544353+02:00
2026-07-21 14:08:23.554739+00:00,35.06,13.38,868.91,28.36,11.0,16.0,16.0,28038.2,354666.67,354666.67,28038.2,2026-07-21 16:08:23.554739+02:00
2026-07-21 14:08:43.558777+00:00,35.08,13.32,868.9,28.36,11.0,16.0,16.0,27923.71,351947.02,351947.02,27923.71,2026-07-21 16:08:43.558777+02:00
2026-07-21 14:09:03.570599+00:00,35.0,13.47,868.88,28.36,11.0,16.0,16.0,27809.52,346614.38,346614.38,27809.52,2026-07-21 16:09:03.570599+02:00
2026-07-21 14:09:23.669828+00:00,35.22,13.25,868.85,28.36,10.0,16.0,16.0,27809.52,349263.16,349263.16,27809.52,2026-07-21 16:09:23.669828+02:00
2026-07-21 14:09:43.672233+00:00,35.24,13.23,868.88,28.36,10.0,16.0,16.0,27809.52,349263.16,349263.16,27809.52,2026-07-21 16:09:43.672233+02:00
2026-07-21 14:10:03.754820+00:00,35.08,13.45,868.91,28.36,10.0,16.0,16.0,27695.65,344000.0,344000.0,27695.65,2026-07-21 16:10:03.754820+02:00
2026-07-21 14:10:23.854660+00:00,35.04,13.43,868.9,28.36,10.0,16.0,16.0,27695.65,346614.38,346614.38,27695.65,2026-07-21 16:10:23.854660+02:00
2026-07-21 14:10:43.855202+00:00,35.22,13.34,868.87,28.36,10.0,16.0,16.0,27695.65,351947.02,351947.02,27695.65,2026-07-21 16:10:43.855202+02:00
2026-07-21 14:11:03.869746+00:00,35.31,13.23,868.89,28.36,10.0,16.0,16.0,27695.65,349263.16,349263.16,27695.65,2026-07-21 16:11:03.869746+02:00
2026-07-21 14:11:23.968082+00:00,35.46,13.15,868.89,28.36,10.0,16.0,16.0,27809.52,349263.16,349263.16,27809.52,2026-07-21 16:11:23.968082+02:00
2026-07-21 14:11:44.063905+00:00,35.66,12.99,868.86,28.36,10.0,16.0,16.0,27809.52,351947.02,351947.02,27809.52,2026-07-21 16:11:44.063905+02:00
2026-07-21 14:12:04.080505+00:00,35.85,12.84,868.91,28.36,10.0,16.0,16.0,27809.52,349263.16,349263.16,27809.52,2026-07-21 16:12:04.080505+02:00
2026-07-21 14:12:24.083971+00:00,35.68,13.02,868.9,28.36,10.0,16.0,16.0,27809.52,349263.16,349263.16,27809.52,2026-07-21 16:12:24.083971+02:00
2026-07-21 14:12:44.093348+00:00,35.54,13.11,868.93,28.36,10.0,16.0,16.0,27809.52,349263.16,349263.16,27809.52,2026-07-21 16:12:44.093348+02:00
2026-07-21 14:13:04.110535+00:00,35.51,13.17,868.87,28.36,10.0,16.0,16.0,27695.65,346614.38,346614.38,27695.65,2026-07-21 16:13:04.110535+02:00
2026-07-21 14:13:24.111351+00:00,35.53,13.12,868.9,28.36,10.0,16.0,16.0,27695.65,346614.38,346614.38,27695.65,2026-07-21 16:13:24.111351+02:00
2026-07-21 14:13:44.112270+00:00,35.43,13.2,868.87,28.36,10.0,16.0,16.0,27695.65,346614.38,346614.38,27695.65,2026-07-21 16:13:44.112270+02:00
2026-07-21 14:14:04.119937+00:00,35.49,13.03,868.89,28.36,10.0,16.0,16.0,27923.71,351947.02,351947.02,27923.71,2026-07-21 16:14:04.119937+02:00
2026-07-21 14:14:24.219480+00:00,35.44,13.22,868.87,28.36,11.0,17.0,17.0,27695.65,346614.38,346614.38,27695.65,2026-07-21 16:14:24.219480+02:00
2026-07-21 14:14:44.313553+00:00,35.6,13.1,868.9,28.36,11.0,17.0,17.0,27695.65,346614.38,346614.38,27695.65,2026-07-21 16:14:44.313553+02:00
2026-07-21 14:15:04.397994+00:00,35.56,13.13,868.86,28.36,11.0,17.0,17.0,27695.65,346614.38,346614.38,27695.65,2026-07-21 16:15:04.397994+02:00
2026-07-21 14:15:24.425405+00:00,35.48,13.15,868.86,28.36,11.0,16.0,16.0,27695.65,344000.0,344000.0,27695.65,2026-07-21 16:15:24.425405+02:00
2026-07-21 14:15:44.522036+00:00,35.59,13.1,868.91,28.36,11.0,16.0,16.0,27695.65,346614.38,346614.38,27695.65,2026-07-21 16:15:44.522036+02:00
2026-07-21 14:16:04.527937+00:00,35.61,13.03,868.9,28.36,11.0,16.0,16.0,27695.65,351947.02,351947.02,27695.65,2026-07-21 16:16:04.527937+02:00
2026-07-21 14:16:24.548699+00:00,35.7,12.96,868.87,28.36,11.0,17.0,17.0,27809.52,349263.16,349263.16,27809.52,2026-07-21 16:16:24.548699+02:00
2026-07-21 14:16:44.552735+00:00,35.88,12.85,868.91,28.36,11.0,17.0,17.0,27809.52,349263.16,349263.16,27809.52,2026-07-21 16:16:44.552735+02:00
2026-07-21 14:17:04.557414+00:00,35.91,12.79,868.87,28.36,11.0,17.0,17.0,27923.71,351947.02,351947.02,27923.71,2026-07-21 16:17:04.557414+02:00
2026-07-21 14:17:24.565878+00:00,35.99,12.79,868.88,28.36,11.0,17.0,17.0,27809.52,346614.38,346614.38,27809.52,2026-07-21 16:17:24.565878+02:00
2026-07-21 14:17:44.665810+00:00,35.91,12.74,868.91,28.36,11.0,17.0,17.0,27809.52,346614.38,346614.38,27809.52,2026-07-21 16:17:44.665810+02:00
2026-07-21 14:18:04.701036+00:00,36.11,12.69,868.93,28.36,11.0,17.0,17.0,27809.52,349263.16,349263.16,27809.52,2026-07-21 16:18:04.701036+02:00
2026-07-21 14:18:24.717783+00:00,36.07,12.65,868.94,28.36,11.0,16.0,16.0,27809.52,346614.38,346614.38,27809.52,2026-07-21 16:18:24.717783+02:00
2026-07-21 14:18:44.747458+00:00,36.15,12.63,868.91,28.36,11.0,16.0,16.0,27809.52,351947.02,351947.02,27809.52,2026-07-21 16:18:44.747458+02:00
2026-07-21 14:19:04.752590+00:00,36.29,12.56,868.89,28.7,11.0,16.0,16.0,27923.71,349263.16,349263.16,27923.71,2026-07-21 16:19:04.752590+02:00
2026-07-21 14:19:24.754374+00:00,36.3,12.51,868.89,28.36,11.0,17.0,17.0,27923.71,349263.16,349263.16,27923.71,2026-07-21 16:19:24.754374+02:00
2026-07-21 14:19:44.854514+00:00,36.06,12.58,868.92,28.7,11.0,17.0,17.0,27923.71,349263.16,349263.16,27923.71,2026-07-21 16:19:44.854514+02:00
2026-07-21 14:20:04.890105+00:00,36.18,12.53,868.95,28.36,11.0,17.0,17.0,28038.2,351947.02,351947.02,28038.2,2026-07-21 16:20:04.890105+02:00
2026-07-21 14:20:24.896386+00:00,36.15,12.5,868.91,28.36,11.0,17.0,17.0,28153.01,351947.02,351947.02,28153.01,2026-07-21 16:20:24.896386+02:00
2026-07-21 14:20:44.902477+00:00,35.7,12.92,868.9,28.7,11.0,17.0,17.0,27923.71,349263.16,349263.16,27923.71,2026-07-21 16:20:44.902477+02:00
2026-07-21 14:21:04.916863+00:00,35.86,12.82,868.9,27.81,11.0,17.0,17.0,27923.71,349263.16,349263.16,27923.71,2026-07-21 16:21:04.916863+02:00
2026-07-21 14:21:24.935645+00:00,35.83,12.89,868.88,27.81,11.0,16.0,16.0,27923.71,349263.16,349263.16,27923.71,2026-07-21 16:21:24.935645+02:00
2026-07-21 14:21:44.947802+00:00,35.67,12.9,868.89,27.81,11.0,16.0,16.0,28038.2,351947.02,351947.02,28038.2,2026-07-21 16:21:44.947802+02:00
2026-07-21 14:22:05.044328+00:00,35.95,12.78,868.92,28.7,11.0,16.0,16.0,28038.2,351947.02,351947.02,28038.2,2026-07-21 16:22:05.044328+02:00
2026-07-21 14:22:25.071290+00:00,35.87,12.83,868.86,27.81,10.0,16.0,16.0,28038.2,349263.16,349263.16,28038.2,2026-07-21 16:22:25.071290+02:00
2026-07-21 14:22:45.079401+00:00,36.07,12.66,868.92,27.81,10.0,16.0,16.0,28038.2,351947.02,351947.02,28038.2,2026-07-21 16:22:45.079401+02:00
2026-07-21 14:23:05.176710+00:00,36.22,12.62,868.87,27.81,10.0,16.0,16.0,27923.71,349263.16,349263.16,27923.71,2026-07-21 16:23:05.176710+02:00
2026-07-21 14:23:25.192902+00:00,35.98,12.73,868.86,27.81,10.0,16.0,17.0,27809.52,349263.16,349263.16,27809.52,2026-07-21 16:23:25.192902+02:00
2026-07-21 14:23:45.204177+00:00,35.77,12.9,868.85,27.81,10.0,16.0,17.0,27809.52,349263.16,349263.16,27809.52,2026-07-21 16:23:45.204177+02:00
2026-07-21 14:24:05.209513+00:00,36.29,12.62,868.87,27.81,10.0,16.0,17.0,27809.52,346614.38,346614.38,27809.52,2026-07-21 16:24:05.209513+02:00
2026-07-21 14:24:25.228901+00:00,35.84,12.88,868.89,27.81,8.0,14.0,15.0,27809.52,346614.38,346614.38,27809.52,2026-07-21 16:24:25.228901+02:00
2026-07-21 14:24:45.230290+00:00,35.99,12.86,868.88,27.81,8.0,14.0,15.0,27695.65,349263.16,349263.16,27695.65,2026-07-21 16:24:45.230290+02:00
2026-07-21 14:25:05.242655+00:00,36.21,12.63,868.89,27.81,8.0,14.0,15.0,27695.65,346614.38,346614.38,27695.65,2026-07-21 16:25:05.242655+02:00
2026-07-21 14:25:25.319634+00:00,36.03,12.82,868.9,27.81,10.0,15.0,17.0,27695.65,346614.38,346614.38,27695.65,2026-07-21 16:25:25.319634+02:00
2026-07-21 14:25:45.324651+00:00,35.86,12.93,868.89,27.81,10.0,15.0,17.0,27582.09,346614.38,346614.38,27582.09,2026-07-21 16:25:45.324651+02:00
2026-07-21 14:26:05.335976+00:00,35.81,12.97,868.89,27.81,10.0,15.0,17.0,27582.09,346614.38,346614.38,27582.09,2026-07-21 16:26:05.335976+02:00
2026-07-21 14:26:25.368418+00:00,35.97,12.87,868.9,27.81,10.0,15.0,17.0,27695.65,349263.16,349263.16,27695.65,2026-07-21 16:26:25.368418+02:00
2026-07-21 14:26:45.465678+00:00,35.9,12.94,868.91,27.81,10.0,15.0,17.0,27695.65,346614.38,346614.38,27695.65,2026-07-21 16:26:45.465678+02:00
2026-07-21 14:27:05.561546+00:00,35.71,13.02,868.89,27.81,10.0,15.0,17.0,27695.65,346614.38,346614.38,27695.65,2026-07-21 16:27:05.561546+02:00
2026-07-21 14:27:25.644922+00:00,35.79,12.95,868.92,27.81,10.0,16.0,17.0,27695.65,349263.16,349263.16,27695.65,2026-07-21 16:27:25.644922+02:00
2026-07-21 14:27:45.650420+00:00,36.27,12.68,868.92,27.81,10.0,16.0,17.0,27695.65,349263.16,349263.16,27695.65,2026-07-21 16:27:45.650420+02:00
2026-07-21 14:28:05.662474+00:00,36.13,12.76,868.93,27.81,10.0,16.0,17.0,27695.65,349263.16,349263.16,27695.65,2026-07-21 16:28:05.662474+02:00
2026-07-21 14:28:25.761932+00:00,36.01,12.83,868.93,27.81,11.0,16.0,18.0,27582.09,346614.38,346614.38,27582.09,2026-07-21 16:28:25.761932+02:00
2026-07-21 14:28:45.794854+00:00,36.09,12.78,868.94,27.81,10.0,15.0,17.0,27695.65,349263.16,349263.16,27695.65,2026-07-21 16:28:45.794854+02:00
2026-07-21 14:29:05.806837+00:00,36.07,12.75,868.94,27.81,10.0,15.0,17.0,27809.52,349263.16,349263.16,27809.52,2026-07-21 16:29:05.806837+02:00
2026-07-21 14:29:25.814064+00:00,36.24,12.66,868.95,27.81,10.0,15.0,17.0,27809.52,349263.16,349263.16,27809.52,2026-07-21 16:29:25.814064+02:00
2026-07-21 14:29:45.816255+00:00,36.19,12.62,868.89,27.81,10.0,15.0,17.0,27923.71,351947.02,351947.02,27923.71,2026-07-21 16:29:45.816255+02:00
2026-07-21 14:30:05.827661+00:00,36.2,12.71,868.9,27.81,11.0,16.0,18.0,27923.71,351947.02,351947.02,27923.71,2026-07-21 16:30:05.827661+02:00
2026-07-21 14:30:25.856206+00:00,36.19,12.56,868.93,27.81,11.0,15.0,17.0,28038.2,357422.82,357422.82,28038.2,2026-07-21 16:30:25.856206+02:00
2026-07-21 14:30:45.860552+00:00,36.09,12.64,868.95,27.81,11.0,15.0,17.0,28153.01,354666.67,354666.67,28153.01,2026-07-21 16:30:45.860552+02:00
2026-07-21 14:31:05.861462+00:00,36.19,12.63,868.92,27.81,10.0,14.0,16.0,28153.01,354666.67,354666.67,28153.01,2026-07-21 16:31:05.861462+02:00
2026-07-21 14:31:25.869808+00:00,35.94,12.75,868.91,27.81,10.0,15.0,17.0,28268.13,354666.67,354666.67,28268.13,2026-07-21 16:31:25.869808+02:00
2026-07-21 14:31:45.878534+00:00,36.28,12.82,868.92,27.81,10.0,15.0,17.0,28153.01,354666.67,354666.67,28153.01,2026-07-21 16:31:45.878534+02:00
2026-07-21 14:32:05.889277+00:00,35.93,12.76,868.93,27.81,10.0,15.0,17.0,28153.01,354666.67,354666.67,28153.01,2026-07-21 16:32:05.889277+02:00
2026-07-21 14:32:25.905965+00:00,35.94,12.64,868.96,27.81,11.0,16.0,17.0,28268.13,354666.67,354666.67,28268.13,2026-07-21 16:32:25.905965+02:00
2026-07-21 14:32:46.004936+00:00,36.22,12.64,868.91,27.81,11.0,16.0,17.0,28268.13,354666.67,354666.67,28268.13,2026-07-21 16:32:46.004936+02:00
2026-07-21 14:33:06.103256+00:00,36.23,12.63,868.94,27.81,11.0,16.0,17.0,28153.01,354666.67,354666.67,28153.01,2026-07-21 16:33:06.103256+02:00
2026-07-21 14:33:26.130932+00:00,36.37,12.58,868.92,27.81,10.0,14.0,14.0,28153.01,351947.02,351947.02,28153.01,2026-07-21 16:33:26.130932+02:00
2026-07-21 14:33:46.132832+00:00,36.01,12.8,868.96,27.81,10.0,14.0,14.0,28038.2,349263.16,349263.16,28038.2,2026-07-21 16:33:46.132832+02:00
2026-07-21 14:34:06.144759+00:00,35.9,12.92,868.96,27.81,10.0,14.0,14.0,28038.2,349263.16,349263.16,28038.2,2026-07-21 16:34:06.144759+02:00
2026-07-21 14:34:26.146247+00:00,35.93,12.97,868.94,27.81,10.0,15.0,16.0,27923.71,349263.16,349263.16,27923.71,2026-07-21 16:34:26.146247+02:00
2026-07-21 14:34:46.159481+00:00,35.69,13.04,868.95,27.81,10.0,15.0,16.0,28038.2,349263.16,349263.16,28038.2,2026-07-21 16:34:46.159481+02:00
2026-07-21 14:35:06.179546+00:00,35.49,13.2,868.94,27.81,10.0,15.0,16.0,27923.71,349263.16,349263.16,27923.71,2026-07-21 16:35:06.179546+02:00
2026-07-21 14:35:26.258889+00:00,36.01,12.92,868.96,27.81,9.0,14.0,15.0,27923.71,349263.16,349263.16,27923.71,2026-07-21 16:35:26.258889+02:00
2026-07-21 14:35:46.271800+00:00,36.29,12.7,868.93,27.81,10.0,15.0,16.0,28038.2,351947.02,351947.02,28038.2,2026-07-21 16:35:46.271800+02:00
2026-07-21 14:36:06.291072+00:00,35.92,12.92,868.92,27.81,10.0,15.0,16.0,27923.71,351947.02,351947.02,27923.71,2026-07-21 16:36:06.291072+02:00
2026-07-21 14:36:26.293955+00:00,35.98,12.89,869.0,27.81,10.0,15.0,15.0,27923.71,351947.02,351947.02,27923.71,2026-07-21 16:36:26.293955+02:00
2026-07-21 14:36:46.389058+00:00,35.87,12.88,868.98,27.81,10.0,15.0,15.0,27923.71,349263.16,349263.16,27923.71,2026-07-21 16:36:46.389058+02:00
2026-07-21 14:37:06.392240+00:00,36.15,12.73,869.0,27.81,10.0,15.0,15.0,27923.71,351947.02,351947.02,27923.71,2026-07-21 16:37:06.392240+02:00
2026-07-21 14:37:26.413076+00:00,35.87,12.96,868.97,27.81,9.0,15.0,15.0,27923.71,351947.02,351947.02,27923.71,2026-07-21 16:37:26.413076+02:00
2026-07-21 14:37:46.419473+00:00,35.8,13.15,868.95,27.81,9.0,15.0,15.0,27923.71,351947.02,351947.02,27923.71,2026-07-21 16:37:46.419473+02:00
2026-07-21 14:38:06.442244+00:00,36.06,12.83,868.94,27.81,9.0,15.0,15.0,27923.71,354666.67,354666.67,27923.71,2026-07-21 16:38:06.442244+02:00
2026-07-21 14:38:26.468071+00:00,35.94,12.93,868.96,27.81,9.0,14.0,14.0,27923.71,351947.02,351947.02,27923.71,2026-07-21 16:38:26.468071+02:00
2026-07-21 14:38:46.470644+00:00,36.01,12.84,868.97,27.81,9.0,14.0,14.0,27923.71,351947.02,351947.02,27923.71,2026-07-21 16:38:46.470644+02:00
2026-07-21 14:39:06.475142+00:00,35.84,12.98,868.94,27.81,9.0,14.0,14.0,27923.71,351947.02,351947.02,27923.71,2026-07-21 16:39:06.475142+02:00
2026-07-21 14:39:26.475905+00:00,35.81,12.98,868.95,27.81,9.0,14.0,15.0,27923.71,351947.02,351947.02,27923.71,2026-07-21 16:39:26.475905+02:00
2026-07-21 14:39:46.483923+00:00,35.98,12.92,868.95,27.81,9.0,14.0,15.0,27923.71,351947.02,351947.02,27923.71,2026-07-21 16:39:46.483923+02:00
2026-07-21 14:40:06.487401+00:00,35.79,12.91,868.99,27.81,9.0,14.0,15.0,28153.01,351947.02,351947.02,28153.01,2026-07-21 16:40:06.487401+02:00
2026-07-21 14:40:26.508304+00:00,35.67,13.05,869.02,27.81,9.0,14.0,16.0,28038.2,351947.02,351947.02,28038.2,2026-07-21 16:40:26.508304+02:00
2026-07-21 14:40:46.523134+00:00,35.54,13.15,868.97,27.81,9.0,14.0,16.0,28038.2,351947.02,351947.02,28038.2,2026-07-21 16:40:46.523134+02:00
2026-07-21 14:41:06.619643+00:00,35.64,13.14,868.97,27.81,9.0,14.0,16.0,27923.71,351947.02,351947.02,27923.71,2026-07-21 16:41:06.619643+02:00
2026-07-21 14:41:26.699051+00:00,35.98,12.91,868.94,27.81,9.0,14.0,15.0,27923.71,351947.02,351947.02,27923.71,2026-07-21 16:41:26.699051+02:00
2026-07-21 14:41:46.707038+00:00,36.08,12.83,869.01,27.81,9.0,14.0,15.0,27923.71,351947.02,351947.02,27923.71,2026-07-21 16:41:46.707038+02:00
2026-07-21 14:42:06.714013+00:00,35.93,12.98,868.95,27.81,9.0,14.0,15.0,27923.71,351947.02,351947.02,27923.71,2026-07-21 16:42:06.714013+02:00
2026-07-21 14:42:26.735520+00:00,36.33,12.76,868.98,26.92,9.0,14.0,16.0,27923.71,351947.02,351947.02,27923.71,2026-07-21 16:42:26.735520+02:00
2026-07-21 14:42:46.739395+00:00,36.52,12.54,868.95,27.81,9.0,14.0,16.0,28153.01,363047.62,363047.62,28153.01,2026-07-21 16:42:46.739395+02:00
2026-07-21 14:43:06.746081+00:00,36.55,12.4,868.99,26.92,9.0,14.0,16.0,28383.56,363047.62,363047.62,28383.56,2026-07-21 16:43:06.746081+02:00
2026-07-21 14:43:26.767288+00:00,36.45,12.37,868.97,26.92,10.0,15.0,16.0,28499.31,365917.81,365917.81,28499.31,2026-07-21 16:43:26.767288+02:00
2026-07-21 14:43:46.769682+00:00,36.29,12.37,868.97,26.92,10.0,15.0,16.0,28731.77,363047.62,363047.62,28731.77,2026-07-21 16:43:46.769682+02:00
2026-07-21 14:44:06.830371+00:00,36.58,12.35,869.02,26.92,10.0,15.0,16.0,28499.31,363047.62,363047.62,28499.31,2026-07-21 16:44:06.830371+02:00
2026-07-21 14:44:26.840377+00:00,36.32,12.46,869.0,26.92,10.0,14.0,14.0,28499.31,360216.22,360216.22,28499.31,2026-07-21 16:44:26.840377+02:00
2026-07-21 14:44:46.935446+00:00,36.53,12.47,869.0,26.92,10.0,14.0,14.0,28383.56,360216.22,360216.22,28383.56,2026-07-21 16:44:46.935446+02:00
2026-07-21 14:45:07.027629+00:00,36.41,12.46,869.02,26.92,10.0,14.0,14.0,28268.13,357422.82,357422.82,28268.13,2026-07-21 16:45:07.027629+02:00
2026-07-21 14:45:27.110860+00:00,36.3,12.6,868.98,26.92,10.0,14.0,15.0,28383.56,357422.82,357422.82,28383.56,2026-07-21 16:45:27.110860+02:00
2026-07-21 14:45:47.120726+00:00,36.55,12.43,868.98,26.92,10.0,14.0,15.0,28383.56,357422.82,357422.82,28383.56,2026-07-21 16:45:47.120726+02:00
2026-07-21 14:46:07.123702+00:00,36.35,12.62,869.01,26.92,10.0,14.0,15.0,28383.56,357422.82,357422.82,28383.56,2026-07-21 16:46:07.123702+02:00
2026-07-21 14:46:27.134641+00:00,36.55,12.35,868.98,26.92,11.0,15.0,16.0,28499.31,360216.22,360216.22,28499.31,2026-07-21 16:46:27.134641+02:00
2026-07-21 14:46:47.197297+00:00,36.19,12.63,869.02,26.92,11.0,15.0,16.0,28383.56,357422.82,357422.82,28383.56,2026-07-21 16:46:47.197297+02:00
2026-07-21 14:47:07.210106+00:00,36.03,12.8,869.0,26.92,11.0,15.0,16.0,28268.13,357422.82,357422.82,28268.13,2026-07-21 16:47:07.210106+02:00
2026-07-21 14:47:27.227238+00:00,36.27,12.73,869.02,26.92,11.0,14.0,15.0,28268.13,357422.82,357422.82,28268.13,2026-07-21 16:47:27.227238+02:00
2026-07-21 14:47:47.326775+00:00,36.0,12.77,869.05,26.92,11.0,14.0,15.0,28383.56,357422.82,357422.82,28383.56,2026-07-21 16:47:47.326775+02:00
2026-07-21 14:48:07.337508+00:00,35.99,12.84,869.04,26.92,11.0,14.0,15.0,28268.13,357422.82,357422.82,28268.13,2026-07-21 16:48:07.337508+02:00
2026-07-21 14:48:27.353038+00:00,36.32,12.65,869.02,26.92,12.0,15.0,17.0,28268.13,357422.82,357422.82,28268.13,2026-07-21 16:48:27.353038+02:00
2026-07-21 14:48:47.358751+00:00,36.21,12.72,869.01,26.92,12.0,15.0,17.0,28268.13,354666.67,354666.67,28268.13,2026-07-21 16:48:47.358751+02:00
2026-07-21 14:49:07.455326+00:00,36.27,12.67,868.99,26.92,12.0,15.0,17.0,28153.01,357422.82,357422.82,28153.01,2026-07-21 16:49:07.455326+02:00
2026-07-21 14:49:27.502852+00:00,35.99,12.85,869.02,26.92,11.0,14.0,16.0,28153.01,354666.67,354666.67,28153.01,2026-07-21 16:49:27.502852+02:00
2026-07-21 14:49:47.598254+00:00,36.0,12.82,869.08,26.92,11.0,14.0,16.0,28153.01,357422.82,357422.82,28153.01,2026-07-21 16:49:47.598254+02:00
2026-07-21 14:50:07.693917+00:00,35.97,12.91,869.05,26.92,11.0,14.0,16.0,28153.01,357422.82,357422.82,28153.01,2026-07-21 16:50:07.693917+02:00
2026-07-21 14:50:27.714716+00:00,36.19,12.74,869.05,26.92,11.0,15.0,16.0,28153.01,354666.67,354666.67,28153.01,2026-07-21 16:50:27.714716+02:00
2026-07-21 14:50:47.811495+00:00,35.98,12.92,869.04,26.92,12.0,16.0,17.0,28153.01,354666.67,354666.67,28153.01,2026-07-21 16:50:47.811495+02:00
2026-07-21 14:51:07.821344+00:00,36.19,12.78,869.06,26.92,12.0,16.0,17.0,28153.01,357422.82,357422.82,28153.01,2026-07-21 16:51:07.821344+02:00
2026-07-21 14:51:27.821648+00:00,35.94,12.89,869.03,26.92,12.0,16.0,18.0,28153.01,354666.67,354666.67,28153.01,2026-07-21 16:51:27.821648+02:00
2026-07-21 14:51:47.920077+00:00,35.73,13.02,869.03,26.92,12.0,16.0,18.0,28153.01,354666.67,354666.67,28153.01,2026-07-21 16:51:47.920077+02:00
2026-07-21 14:52:07.947391+00:00,36.2,12.69,869.09,27.26,12.0,16.0,18.0,28268.13,360216.22,360216.22,28268.13,2026-07-21 16:52:07.947391+02:00
2026-07-21 14:52:27.967244+00:00,35.95,12.82,869.07,27.26,12.0,16.0,18.0,28383.56,357422.82,357422.82,28383.56,2026-07-21 16:52:27.967244+02:00
2026-07-21 14:52:47.984697+00:00,35.9,12.86,869.09,27.26,12.0,16.0,18.0,28383.56,357422.82,357422.82,28383.56,2026-07-21 16:52:47.984697+02:00
2026-07-21 14:53:07.998782+00:00,35.78,12.97,869.08,27.26,11.0,15.0,17.0,28268.13,357422.82,357422.82,28268.13,2026-07-21 16:53:07.998782+02:00
2026-07-21 14:53:28.023809+00:00,36.09,12.87,869.09,27.26,11.0,16.0,18.0,28268.13,357422.82,357422.82,28268.13,2026-07-21 16:53:28.023809+02:00
2026-07-21 14:53:48.120109+00:00,36.14,12.77,869.1,27.26,11.0,16.0,18.0,28268.13,357422.82,357422.82,28268.13,2026-07-21 16:53:48.120109+02:00
2026-07-21 14:54:08.120565+00:00,36.22,12.72,869.08,27.26,12.0,17.0,19.0,28268.13,357422.82,357422.82,28268.13,2026-07-21 16:54:08.120565+02:00
2026-07-21 14:54:28.134731+00:00,36.35,12.73,869.08,27.26,12.0,18.0,20.0,28268.13,357422.82,357422.82,28268.13,2026-07-21 16:54:28.134731+02:00
2026-07-21 14:54:48.152007+00:00,36.42,12.65,869.07,27.26,12.0,18.0,20.0,28268.13,357422.82,357422.82,28268.13,2026-07-21 16:54:48.152007+02:00
2026-07-21 14:55:08.165719+00:00,36.35,12.73,869.09,27.26,12.0,18.0,20.0,28268.13,357422.82,357422.82,28268.13,2026-07-21 16:55:08.165719+02:00
2026-07-21 14:55:28.198407+00:00,36.64,12.48,869.06,27.26,11.0,17.0,18.0,28383.56,363047.62,363047.62,28383.56,2026-07-21 16:55:28.198407+02:00
2026-07-21 14:55:48.296885+00:00,36.54,12.52,869.08,27.26,11.0,17.0,18.0,28499.31,357422.82,357422.82,28499.31,2026-07-21 16:55:48.296885+02:00
2026-07-21 14:56:08.298479+00:00,36.7,12.43,869.1,27.26,11.0,17.0,18.0,28499.31,360216.22,360216.22,28499.31,2026-07-21 16:56:08.298479+02:00
2026-07-21 14:56:28.313309+00:00,36.5,12.52,869.08,27.26,10.0,16.0,18.0,28499.31,357422.82,357422.82,28499.31,2026-07-21 16:56:28.313309+02:00
2026-07-21 14:56:48.319239+00:00,36.32,12.64,869.08,27.26,10.0,16.0,18.0,28499.31,357422.82,357422.82,28499.31,2026-07-21 16:56:48.319239+02:00
2026-07-21 14:57:08.330240+00:00,36.33,12.73,869.1,27.26,10.0,16.0,18.0,28383.56,360216.22,360216.22,28383.56,2026-07-21 16:57:08.330240+02:00
2026-07-21 14:57:28.348435+00:00,36.22,12.72,869.09,27.26,10.0,17.0,18.0,28499.31,357422.82,357422.82,28499.31,2026-07-21 16:57:28.348435+02:00
2026-07-21 14:57:48.356649+00:00,36.23,12.72,869.13,27.26,11.0,18.0,19.0,28383.56,357422.82,357422.82,28383.56,2026-07-21 16:57:48.356649+02:00
2026-07-21 14:58:08.362979+00:00,36.07,12.87,869.08,27.26,11.0,18.0,19.0,28383.56,357422.82,357422.82,28383.56,2026-07-21 16:58:08.362979+02:00
2026-07-21 14:58:28.368040+00:00,36.07,12.85,869.13,27.26,11.0,16.0,18.0,28383.56,357422.82,357422.82,28383.56,2026-07-21 16:58:28.368040+02:00
2026-07-21 14:58:48.369623+00:00,36.38,12.82,869.11,27.26,10.0,15.0,17.0,28268.13,357422.82,357422.82,28268.13,2026-07-21 16:58:48.369623+02:00
2026-07-21 14:59:08.380541+00:00,36.4,12.72,869.1,27.26,10.0,15.0,17.0,28268.13,357422.82,357422.82,28268.13,2026-07-21 16:59:08.380541+02:00
2026-07-21 14:59:28.381560+00:00,36.16,12.88,869.1,27.26,10.0,15.0,16.0,28268.13,357422.82,357422.82,28268.13,2026-07-21 16:59:28.381560+02:00
2026-07-21 14:59:48.478396+00:00,35.99,12.95,869.09,27.26,10.0,15.0,16.0,28268.13,357422.82,357422.82,28268.13,2026-07-21 16:59:48.478396+02:00
2026-07-21 15:00:08.572103+00:00,36.18,12.8,869.13,27.26,10.0,15.0,16.0,28268.13,360216.22,360216.22,28268.13,2026-07-21 17:00:08.572103+02:00
2026-07-21 15:00:28.584716+00:00,36.13,12.87,869.12,27.26,9.0,15.0,16.0,28383.56,357422.82,357422.82,28383.56,2026-07-21 17:00:28.584716+02:00
2026-07-21 15:00:48.591293+00:00,35.98,12.96,869.13,27.26,9.0,15.0,16.0,28268.13,357422.82,357422.82,28268.13,2026-07-21 17:00:48.591293+02:00
2026-07-21 15:01:08.592979+00:00,36.0,12.98,869.14,27.26,9.0,15.0,16.0,28268.13,357422.82,357422.82,28268.13,2026-07-21 17:01:08.592979+02:00
2026-07-21 15:01:28.608121+00:00,36.14,12.91,869.12,27.26,9.0,14.0,17.0,28268.13,360216.22,360216.22,28268.13,2026-07-21 17:01:28.608121+02:00
2026-07-21 15:01:48.608762+00:00,35.76,13.13,869.13,27.26,9.0,14.0,17.0,28268.13,357422.82,357422.82,28268.13,2026-07-21 17:01:48.608762+02:00
2026-07-21 15:02:08.708494+00:00,36.04,12.97,869.13,27.26,9.0,14.0,17.0,28268.13,357422.82,357422.82,28268.13,2026-07-21 17:02:08.708494+02:00
2026-07-21 15:02:28.743399+00:00,35.97,12.97,869.19,27.26,9.0,14.0,16.0,28268.13,360216.22,360216.22,28268.13,2026-07-21 17:02:28.743399+02:00
2026-07-21 15:02:48.806180+00:00,35.88,13.03,869.13,27.26,9.0,14.0,16.0,28383.56,360216.22,360216.22,28383.56,2026-07-21 17:02:48.806180+02:00
2026-07-21 15:03:08.808591+00:00,35.9,13.04,869.14,27.26,9.0,14.0,16.0,28383.56,357422.82,357422.82,28383.56,2026-07-21 17:03:08.808591+02:00
2026-07-21 15:03:28.834932+00:00,35.74,13.2,869.17,27.26,9.0,13.0,16.0,28268.13,357422.82,357422.82,28268.13,2026-07-21 17:03:28.834932+02:00
2026-07-21 15:03:48.847492+00:00,35.76,13.05,869.14,27.26,9.0,13.0,16.0,28268.13,357422.82,357422.82,28268.13,2026-07-21 17:03:48.847492+02:00
2026-07-21 15:04:08.855041+00:00,35.72,13.31,869.15,27.26,9.0,13.0,16.0,28268.13,357422.82,357422.82,28268.13,2026-07-21 17:04:08.855041+02:00
2026-07-21 15:04:28.861058+00:00,35.99,13.04,869.14,27.26,9.0,13.0,17.0,28268.13,357422.82,357422.82,28268.13,2026-07-21 17:04:28.861058+02:00
2026-07-21 15:04:48.957676+00:00,36.37,12.9,869.15,27.26,9.0,13.0,17.0,28268.13,360216.22,360216.22,28268.13,2026-07-21 17:04:48.957676+02:00
2026-07-21 15:05:09.053410+00:00,36.23,12.94,869.18,27.26,9.0,13.0,17.0,28268.13,360216.22,360216.22,28268.13,2026-07-21 17:05:09.053410+02:00
2026-07-21 15:05:29.125716+00:00,36.37,12.89,869.21,27.26,9.0,12.0,16.0,28268.13,360216.22,360216.22,28268.13,2026-07-21 17:05:29.125716+02:00
2026-07-21 15:05:49.151813+00:00,36.39,12.87,869.18,27.26,10.0,13.0,17.0,28268.13,360216.22,360216.22,28268.13,2026-07-21 17:05:49.151813+02:00
2026-07-21 15:06:09.152192+00:00,36.34,12.73,869.2,27.26,10.0,13.0,17.0,28383.56,360216.22,360216.22,28383.56,2026-07-21 17:06:09.152192+02:00
2026-07-21 15:06:29.153938+00:00,36.45,12.68,869.2,27.26,11.0,14.0,18.0,28499.31,363047.62,363047.62,28499.31,2026-07-21 17:06:29.153938+02:00
2026-07-21 15:06:49.160177+00:00,36.4,12.74,869.23,27.26,10.0,13.0,17.0,28499.31,363047.62,363047.62,28499.31,2026-07-21 17:06:49.160177+02:00
2026-07-21 15:07:09.174203+00:00,36.5,12.66,869.22,27.26,10.0,13.0,17.0,28731.77,365917.81,365917.81,28731.77,2026-07-21 17:07:09.174203+02:00
2026-07-21 15:07:29.193091+00:00,36.74,12.41,869.23,27.26,10.0,13.0,17.0,28731.77,365917.81,365917.81,28731.77,2026-07-21 17:07:29.193091+02:00
2026-07-21 15:07:49.195556+00:00,36.72,12.53,869.22,27.26,10.0,13.0,17.0,28615.38,363047.62,363047.62,28615.38,2026-07-21 17:07:49.195556+02:00
2026-07-21 15:08:09.289106+00:00,36.92,12.34,869.21,27.26,10.0,13.0,17.0,28731.77,363047.62,363047.62,28731.77,2026-07-21 17:08:09.289106+02:00
2026-07-21 15:08:29.292112+00:00,36.94,12.35,869.2,27.26,10.0,13.0,16.0,28731.77,363047.62,363047.62,28731.77,2026-07-21 17:08:29.292112+02:00
2026-07-21 15:08:49.300746+00:00,36.88,12.37,869.19,27.26,10.0,13.0,16.0,28731.77,363047.62,363047.62,28731.77,2026-07-21 17:08:49.300746+02:00
2026-07-21 15:09:09.309501+00:00,36.94,12.37,869.25,27.26,10.0,13.0,16.0,28615.38,363047.62,363047.62,28615.38,2026-07-21 17:09:09.309501+02:00
2026-07-21 15:09:29.323560+00:00,36.84,12.41,869.26,27.26,11.0,14.0,16.0,28615.38,363047.62,363047.62,28615.38,2026-07-21 17:09:29.323560+02:00
2026-07-21 15:09:49.328391+00:00,36.53,12.68,869.21,27.26,11.0,14.0,16.0,28499.31,363047.62,363047.62,28499.31,2026-07-21 17:09:49.328391+02:00
2026-07-21 15:10:09.331570+00:00,36.81,12.38,869.23,27.26,11.0,14.0,16.0,28848.48,365917.81,365917.81,28848.48,2026-07-21 17:10:09.331570+02:00
2026-07-21 15:10:29.359516+00:00,36.34,12.72,869.27,27.26,10.0,13.0,18.0,28731.77,360216.22,360216.22,28731.77,2026-07-21 17:10:29.359516+02:00
2026-07-21 15:10:49.380308+00:00,35.99,12.95,869.23,27.26,10.0,13.0,18.0,28615.38,360216.22,360216.22,28615.38,2026-07-21 17:10:49.380308+02:00
2026-07-21 15:11:09.391223+00:00,36.47,12.71,869.22,27.26,10.0,13.0,18.0,28499.31,363047.62,363047.62,28499.31,2026-07-21 17:11:09.391223+02:00
2026-07-21 15:11:29.405150+00:00,36.12,12.77,869.24,27.26,10.0,13.0,17.0,28615.38,363047.62,363047.62,28615.38,2026-07-21 17:11:29.405150+02:00
2026-07-21 15:11:49.429274+00:00,35.91,13.02,869.22,27.26,10.0,13.0,17.0,28499.31,360216.22,360216.22,28499.31,2026-07-21 17:11:49.429274+02:00
2026-07-21 15:12:09.525863+00:00,35.93,13.07,869.22,27.26,10.0,13.0,17.0,28499.31,360216.22,360216.22,28499.31,2026-07-21 17:12:09.525863+02:00
2026-07-21 15:12:29.549267+00:00,36.04,12.96,869.25,27.26,10.0,14.0,18.0,28499.31,360216.22,360216.22,28499.31,2026-07-21 17:12:29.549267+02:00
2026-07-21 15:12:49.551297+00:00,36.33,12.79,869.24,27.26,10.0,14.0,18.0,28499.31,360216.22,360216.22,28499.31,2026-07-21 17:12:49.551297+02:00
2026-07-21 15:13:09.572017+00:00,36.33,12.94,869.26,27.26,10.0,14.0,18.0,28499.31,360216.22,360216.22,28499.31,2026-07-21 17:13:09.572017+02:00
2026-07-21 15:13:29.600480+00:00,35.94,13.07,869.24,27.26,10.0,14.0,18.0,28499.31,363047.62,363047.62,28499.31,2026-07-21 17:13:29.600480+02:00
2026-07-21 15:13:49.691003+00:00,36.35,12.82,869.28,27.26,11.0,15.0,19.0,28499.31,363047.62,363047.62,28499.31,2026-07-21 17:13:49.691003+02:00
2026-07-21 15:14:09.787644+00:00,36.21,12.88,869.32,27.26,11.0,15.0,19.0,28499.31,363047.62,363047.62,28499.31,2026-07-21 17:14:09.787644+02:00
2026-07-21 15:14:29.788909+00:00,36.37,12.81,869.31,27.26,11.0,15.0,18.0,28499.31,360216.22,360216.22,28499.31,2026-07-21 17:14:29.788909+02:00
2026-07-21 15:14:49.841400+00:00,36.47,12.71,869.31,27.26,11.0,15.0,18.0,28499.31,363047.62,363047.62,28499.31,2026-07-21 17:14:49.841400+02:00
2026-07-21 15:15:09.940442+00:00,36.09,12.93,869.31,27.26,11.0,15.0,18.0,28499.31,360216.22,360216.22,28499.31,2026-07-21 17:15:09.940442+02:00
2026-07-21 15:15:30.019361+00:00,36.07,12.96,869.32,27.26,11.0,15.0,18.0,28499.31,363047.62,363047.62,28499.31,2026-07-21 17:15:30.019361+02:00
2026-07-21 15:15:50.028917+00:00,36.04,12.96,869.31,27.26,11.0,15.0,18.0,28615.38,363047.62,363047.62,28615.38,2026-07-21 17:15:50.028917+02:00
2026-07-21 15:16:10.128719+00:00,35.97,13.03,869.28,27.26,10.0,14.0,17.0,28615.38,363047.62,363047.62,28615.38,2026-07-21 17:16:10.128719+02:00
2026-07-21 15:16:30.151760+00:00,36.28,12.86,869.35,27.26,10.0,14.0,18.0,28615.38,363047.62,363047.62,28615.38,2026-07-21 17:16:30.151760+02:00
2026-07-21 15:16:50.160098+00:00,36.38,12.78,869.34,27.26,10.0,14.0,18.0,28615.38,363047.62,363047.62,28615.38,2026-07-21 17:16:50.160098+02:00
2026-07-21 15:17:10.160911+00:00,36.36,12.85,869.33,27.26,11.0,15.0,19.0,28615.38,365917.81,365917.81,28615.38,2026-07-21 17:17:10.160911+02:00
2026-07-21 15:17:30.192164+00:00,36.4,12.86,869.36,27.26,11.0,15.0,21.0,28615.38,365917.81,365917.81,28615.38,2026-07-21 17:17:30.192164+02:00
2026-07-21 15:17:50.193672+00:00,36.25,12.95,869.32,27.26,11.0,15.0,21.0,28615.38,365917.81,365917.81,28615.38,2026-07-21 17:17:50.193672+02:00
2026-07-21 15:18:10.292434+00:00,36.09,12.93,869.35,27.26,11.0,15.0,21.0,28848.48,368827.59,368827.59,28848.48,2026-07-21 17:18:10.292434+02:00
2026-07-21 15:18:30.320714+00:00,35.81,13.12,869.29,27.26,9.0,14.0,23.0,29082.87,377802.82,377802.82,29082.87,2026-07-21 17:18:30.320714+02:00
2026-07-21 15:18:50.324556+00:00,35.66,13.14,869.26,27.26,9.0,14.0,23.0,29318.56,380879.43,380879.43,29318.56,2026-07-21 17:18:50.324556+02:00
2026-07-21 15:19:10.422780+00:00,36.1,13.04,869.33,27.26,9.0,14.0,23.0,29318.56,374769.23,374769.23,29318.56,2026-07-21 17:19:10.422780+02:00
2026-07-21 15:19:30.428709+00:00,36.24,12.82,869.34,27.26,9.0,15.0,24.0,29200.55,371777.78,371777.78,29200.55,2026-07-21 17:19:30.428709+02:00
2026-07-21 15:19:50.437395+00:00,36.32,12.79,869.33,27.26,9.0,15.0,24.0,29318.56,384000.0,384000.0,29318.56,2026-07-21 17:19:50.437395+02:00
2026-07-21 15:20:10.447754+00:00,36.11,12.79,869.3,27.26,9.0,15.0,24.0,29436.89,377802.82,377802.82,29436.89,2026-07-21 17:20:10.447754+02:00
2026-07-21 15:20:30.465477+00:00,36.03,12.88,869.33,27.26,9.0,15.0,22.0,29555.56,377802.82,377802.82,29555.56,2026-07-21 17:20:30.465477+02:00
2026-07-21 15:20:50.486897+00:00,36.3,12.72,869.34,27.26,9.0,15.0,22.0,29555.56,377802.82,377802.82,29555.56,2026-07-21 17:20:50.486897+02:00
2026-07-21 15:21:10.492212+00:00,36.1,12.77,869.35,27.26,9.0,15.0,22.0,29674.55,377802.82,377802.82,29674.55,2026-07-21 17:21:10.492212+02:00
2026-07-21 15:21:30.507421+00:00,36.14,12.8,869.28,27.26,9.0,14.0,21.0,29674.55,384000.0,384000.0,29674.55,2026-07-21 17:21:30.507421+02:00
2026-07-21 15:21:50.512028+00:00,35.99,12.83,869.32,27.26,9.0,14.0,21.0,29793.87,377802.82,377802.82,29793.87,2026-07-21 17:21:50.512028+02:00
2026-07-21 15:22:10.608383+00:00,36.05,12.79,869.36,27.26,9.0,14.0,21.0,29674.55,374769.23,374769.23,29674.55,2026-07-21 17:22:10.608383+02:00
2026-07-21 15:22:30.628501+00:00,36.17,12.78,869.32,27.26,9.0,15.0,21.0,29555.56,371777.78,371777.78,29555.56,2026-07-21 17:22:30.628501+02:00
2026-07-21 15:22:50.636793+00:00,35.91,12.94,869.32,27.26,10.0,16.0,22.0,29555.56,371777.78,371777.78,29555.56,2026-07-21 17:22:50.636793+02:00
2026-07-21 15:23:10.734934+00:00,35.94,13.11,869.36,27.26,10.0,16.0,22.0,29436.89,380879.43,380879.43,29436.89,2026-07-21 17:23:10.734934+02:00
2026-07-21 15:23:30.751087+00:00,36.1,12.87,869.35,27.26,10.0,15.0,21.0,29436.89,374769.23,374769.23,29436.89,2026-07-21 17:23:30.751087+02:00
2026-07-21 15:23:50.752784+00:00,36.05,12.96,869.32,27.26,10.0,15.0,21.0,29318.56,368827.59,368827.59,29318.56,2026-07-21 17:23:50.752784+02:00
2026-07-21 15:24:10.849184+00:00,36.18,12.95,869.36,27.26,9.0,14.0,20.0,29318.56,368827.59,368827.59,29318.56,2026-07-21 17:24:10.849184+02:00
2026-07-21 15:24:30.948444+00:00,36.34,12.83,869.37,27.26,9.0,14.0,21.0,29200.55,371777.78,371777.78,29200.55,2026-07-21 17:24:30.948444+02:00
2026-07-21 15:24:51.046949+00:00,36.01,12.96,869.34,27.26,9.0,14.0,21.0,29082.87,368827.59,368827.59,29082.87,2026-07-21 17:24:51.046949+02:00
2026-07-21 15:25:11.056411+00:00,35.82,13.1,869.36,27.26,9.0,14.0,21.0,29082.87,368827.59,368827.59,29082.87,2026-07-21 17:25:11.056411+02:00
2026-07-21 15:25:31.129119+00:00,35.91,13.07,869.33,27.26,9.0,14.0,20.0,29082.87,371777.78,371777.78,29082.87,2026-07-21 17:25:31.129119+02:00
2026-07-21 15:25:51.134018+00:00,36.02,12.98,869.32,27.26,9.0,14.0,20.0,29082.87,368827.59,368827.59,29082.87,2026-07-21 17:25:51.134018+02:00
2026-07-21 15:26:11.146212+00:00,36.26,12.85,869.37,27.26,9.0,14.0,20.0,29082.87,371777.78,371777.78,29082.87,2026-07-21 17:26:11.146212+02:00
2026-07-21 15:26:31.162727+00:00,36.19,12.88,869.34,27.26,11.0,16.0,20.0,29082.87,368827.59,368827.59,29082.87,2026-07-21 17:26:31.162727+02:00
2026-07-21 15:26:51.260427+00:00,36.12,13.07,869.35,27.26,11.0,16.0,20.0,28965.52,371777.78,371777.78,28965.52,2026-07-21 17:26:51.260427+02:00
2026-07-21 15:27:11.279183+00:00,36.2,12.93,869.35,27.26,11.0,16.0,20.0,29082.87,371777.78,371777.78,29082.87,2026-07-21 17:27:11.279183+02:00
2026-07-21 15:27:31.296926+00:00,35.95,13.02,869.36,27.26,10.0,14.0,17.0,29082.87,368827.59,368827.59,29082.87,2026-07-21 17:27:31.296926+02:00
2026-07-21 15:27:51.311204+00:00,36.13,12.92,869.37,27.26,10.0,14.0,17.0,29082.87,371777.78,371777.78,29082.87,2026-07-21 17:27:51.311204+02:00
2026-07-21 15:28:11.315257+00:00,36.21,12.85,869.37,27.26,10.0,14.0,17.0,29082.87,371777.78,371777.78,29082.87,2026-07-21 17:28:11.315257+02:00
2026-07-21 15:28:31.323911+00:00,36.24,12.9,869.39,27.26,10.0,15.0,15.0,29082.87,371777.78,371777.78,29082.87,2026-07-21 17:28:31.323911+02:00
2026-07-21 15:28:51.330232+00:00,36.0,13.01,869.38,27.26,10.0,15.0,15.0,28965.52,368827.59,368827.59,28965.52,2026-07-21 17:28:51.330232+02:00
2026-07-21 15:29:11.339304+00:00,36.35,12.86,869.38,27.26,10.0,15.0,15.0,29082.87,371777.78,371777.78,29082.87,2026-07-21 17:29:11.339304+02:00
2026-07-21 15:29:31.340644+00:00,35.88,13.04,869.35,27.26,10.0,14.0,14.0,28965.52,371777.78,371777.78,28965.52,2026-07-21 17:29:31.340644+02:00
2026-07-21 15:29:51.437588+00:00,35.76,13.1,869.38,27.26,11.0,15.0,15.0,29082.87,371777.78,371777.78,29082.87,2026-07-21 17:29:51.437588+02:00
2026-07-21 15:30:11.439323+00:00,35.75,13.18,869.37,27.26,11.0,15.0,15.0,29082.87,371777.78,371777.78,29082.87,2026-07-21 17:30:11.439323+02:00
2026-07-21 15:30:31.469266+00:00,36.03,13.05,869.37,27.26,13.0,17.0,17.0,29082.87,371777.78,371777.78,29082.87,2026-07-21 17:30:31.469266+02:00
2026-07-21 15:30:51.568843+00:00,36.33,12.83,869.38,27.26,13.0,18.0,18.0,29082.87,371777.78,371777.78,29082.87,2026-07-21 17:30:51.568843+02:00
2026-07-21 15:31:11.569082+00:00,36.2,12.9,869.39,27.26,13.0,19.0,21.0,29082.87,371777.78,371777.78,29082.87,2026-07-21 17:31:11.569082+02:00
2026-07-21 15:31:31.666934+00:00,36.55,12.73,869.33,27.26,13.0,19.0,21.0,29082.87,374769.23,374769.23,29082.87,2026-07-21 17:31:31.666934+02:00
2026-07-21 15:31:51.678060+00:00,36.66,12.59,869.35,27.26,13.0,19.0,21.0,29200.55,374769.23,374769.23,29200.55,2026-07-21 17:31:51.678060+02:00
2026-07-21 15:32:11.685656+00:00,36.51,12.69,869.35,27.26,12.0,18.0,20.0,29200.55,374769.23,374769.23,29200.55,2026-07-21 17:32:11.685656+02:00
2026-07-21 15:32:31.711645+00:00,36.7,12.61,869.37,27.26,11.0,17.0,20.0,29318.56,377802.82,377802.82,29318.56,2026-07-21 17:32:31.711645+02:00
2026-07-21 15:32:51.714560+00:00,36.61,12.56,869.32,27.26,11.0,17.0,20.0,29436.89,374769.23,374769.23,29436.89,2026-07-21 17:32:51.714560+02:00
2026-07-21 15:33:11.811249+00:00,36.48,12.63,869.36,27.26,13.0,19.0,21.0,29436.89,374769.23,374769.23,29436.89,2026-07-21 17:33:11.811249+02:00
2026-07-21 15:33:31.844348+00:00,36.66,12.57,869.35,27.26,13.0,20.0,22.0,29555.56,377802.82,377802.82,29555.56,2026-07-21 17:33:31.844348+02:00
2026-07-21 15:33:51.845145+00:00,36.82,12.45,869.37,27.26,11.0,19.0,21.0,29555.56,377802.82,377802.82,29555.56,2026-07-21 17:33:51.845145+02:00
2026-07-21 15:34:11.938370+00:00,36.65,12.57,869.37,27.26,11.0,19.0,21.0,29555.56,374769.23,374769.23,29555.56,2026-07-21 17:34:11.938370+02:00
2026-07-21 15:34:31.939522+00:00,36.52,12.7,869.37,27.26,11.0,18.0,19.0,29555.56,374769.23,374769.23,29555.56,2026-07-21 17:34:31.939522+02:00
2026-07-21 15:34:51.949407+00:00,36.2,12.8,869.41,27.26,11.0,18.0,19.0,29436.89,377802.82,377802.82,29436.89,2026-07-21 17:34:51.949407+02:00
2026-07-21 15:35:12.044020+00:00,36.5,12.73,869.39,27.26,11.0,18.0,19.0,29436.89,377802.82,377802.82,29436.89,2026-07-21 17:35:12.044020+02:00
2026-07-21 15:35:32.129081+00:00,36.21,12.88,869.39,27.26,11.0,18.0,18.0,29436.89,377802.82,377802.82,29436.89,2026-07-21 17:35:32.129081+02:00
2026-07-21 15:35:52.139046+00:00,36.42,12.75,869.39,27.26,11.0,18.0,18.0,29555.56,374769.23,374769.23,29555.56,2026-07-21 17:35:52.139046+02:00
2026-07-21 15:36:12.144933+00:00,36.57,12.71,869.39,27.26,11.0,18.0,18.0,29436.89,374769.23,374769.23,29436.89,2026-07-21 17:36:12.144933+02:00
2026-07-21 15:36:32.151355+00:00,36.12,12.92,869.39,27.26,10.0,18.0,18.0,29436.89,371777.78,371777.78,29436.89,2026-07-21 17:36:32.151355+02:00
2026-07-21 15:36:52.248279+00:00,35.99,13.08,869.38,27.26,10.0,18.0,18.0,29318.56,374769.23,374769.23,29318.56,2026-07-21 17:36:52.248279+02:00
2026-07-21 15:37:12.341345+00:00,36.46,12.8,869.41,27.26,10.0,18.0,18.0,29318.56,377802.82,377802.82,29318.56,2026-07-21 17:37:12.341345+02:00
2026-07-21 15:37:32.366347+00:00,35.86,13.09,869.39,27.26,10.0,18.0,18.0,29318.56,374769.23,374769.23,29318.56,2026-07-21 17:37:32.366347+02:00
2026-07-21 15:37:52.390304+00:00,35.94,13.1,869.37,27.26,10.0,18.0,18.0,29318.56,374769.23,374769.23,29318.56,2026-07-21 17:37:52.390304+02:00
2026-07-21 15:38:12.486989+00:00,36.12,13.02,869.42,27.26,10.0,18.0,18.0,29318.56,371777.78,371777.78,29318.56,2026-07-21 17:38:12.486989+02:00
2026-07-21 15:38:32.506264+00:00,35.97,13.07,869.37,27.26,11.0,19.0,19.0,29318.56,371777.78,371777.78,29318.56,2026-07-21 17:38:32.506264+02:00
2026-07-21 15:38:52.510916+00:00,35.69,13.28,869.39,27.26,11.0,19.0,19.0,29200.55,374769.23,374769.23,29200.55,2026-07-21 17:38:52.510916+02:00
2026-07-21 15:39:12.605260+00:00,35.73,13.28,869.39,27.26,11.0,19.0,19.0,29200.55,371777.78,371777.78,29200.55,2026-07-21 17:39:12.605260+02:00
2026-07-21 15:39:32.610135+00:00,35.77,13.28,869.41,27.26,10.0,18.0,18.0,29200.55,371777.78,371777.78,29200.55,2026-07-21 17:39:32.610135+02:00
2026-07-21 15:39:52.623491+00:00,35.78,13.25,869.37,27.26,10.0,18.0,18.0,29200.55,374769.23,374769.23,29200.55,2026-07-21 17:39:52.623491+02:00
2026-07-21 15:40:12.627414+00:00,35.71,13.22,869.41,27.26,10.0,18.0,18.0,29200.55,374769.23,374769.23,29200.55,2026-07-21 17:40:12.627414+02:00
2026-07-21 15:40:32.644770+00:00,35.89,13.19,869.37,27.26,10.0,17.0,17.0,29200.55,374769.23,374769.23,29200.55,2026-07-21 17:40:32.644770+02:00
2026-07-21 15:40:52.663759+00:00,36.1,13.13,869.41,27.26,10.0,17.0,17.0,29200.55,380879.43,380879.43,29200.55,2026-07-21 17:40:52.663759+02:00
2026-07-21 15:41:12.758067+00:00,35.9,13.17,869.4,27.26,10.0,17.0,17.0,29200.55,377802.82,377802.82,29200.55,2026-07-21 17:41:12.758067+02:00
2026-07-21 15:41:32.761694+00:00,35.97,13.18,869.4,27.26,10.0,16.0,16.0,29200.55,377802.82,377802.82,29200.55,2026-07-21 17:41:32.761694+02:00
2026-07-21 15:41:52.762593+00:00,36.02,13.23,869.42,27.26,10.0,16.0,16.0,29200.55,377802.82,377802.82,29200.55,2026-07-21 17:41:52.762593+02:00
2026-07-21 15:42:12.860303+00:00,35.78,13.25,869.4,27.26,10.0,16.0,16.0,29200.55,374769.23,374769.23,29200.55,2026-07-21 17:42:12.860303+02:00
2026-07-21 15:42:32.887687+00:00,35.96,13.13,869.4,27.26,9.0,16.0,16.0,29200.55,371777.78,371777.78,29200.55,2026-07-21 17:42:32.887687+02:00
2026-07-21 15:42:52.898184+00:00,35.73,13.29,869.41,27.26,9.0,16.0,16.0,29200.55,374769.23,374769.23,29200.55,2026-07-21 17:42:52.898184+02:00
2026-07-21 15:43:12.900604+00:00,35.94,13.19,869.43,27.26,9.0,16.0,16.0,29200.55,374769.23,374769.23,29200.55,2026-07-21 17:43:12.900604+02:00
2026-07-21 15:43:32.920672+00:00,36.09,13.1,869.43,27.26,10.0,16.0,16.0,29200.55,374769.23,374769.23,29200.55,2026-07-21 17:43:32.920672+02:00
2026-07-21 15:43:53.014970+00:00,35.92,13.19,869.4,27.26,10.0,16.0,16.0,29200.55,374769.23,374769.23,29200.55,2026-07-21 17:43:53.014970+02:00
2026-07-21 15:44:13.019383+00:00,35.9,13.19,869.4,27.26,10.0,16.0,16.0,29200.55,374769.23,374769.23,29200.55,2026-07-21 17:44:13.019383+02:00
2026-07-21 15:44:33.023527+00:00,35.8,13.27,869.45,27.26,9.0,15.0,15.0,29200.55,374769.23,374769.23,29200.55,2026-07-21 17:44:33.023527+02:00
2026-07-21 15:44:53.116989+00:00,36.08,13.1,869.45,27.26,9.0,15.0,15.0,29318.56,374769.23,374769.23,29318.56,2026-07-21 17:44:53.116989+02:00
2026-07-21 15:45:13.126280+00:00,35.87,13.28,869.43,27.26,9.0,15.0,15.0,29200.55,374769.23,374769.23,29200.55,2026-07-21 17:45:13.126280+02:00
2026-07-21 15:45:33.203971+00:00,36.05,13.12,869.43,27.26,9.0,15.0,15.0,29200.55,377802.82,377802.82,29200.55,2026-07-21 17:45:33.203971+02:00
2026-07-21 15:45:53.204803+00:00,36.29,13.0,869.46,27.26,10.0,16.0,16.0,29200.55,377802.82,377802.82,29200.55,2026-07-21 17:45:53.204803+02:00
2026-07-21 15:46:13.295627+00:00,36.62,12.8,869.44,27.26,10.0,16.0,16.0,29200.55,377802.82,377802.82,29200.55,2026-07-21 17:46:13.295627+02:00
2026-07-21 15:46:33.316696+00:00,36.7,12.72,869.4,27.26,11.0,17.0,17.0,29318.56,377802.82,377802.82,29318.56,2026-07-21 17:46:33.316696+02:00
2026-07-21 15:46:53.411826+00:00,36.65,12.76,869.42,27.26,11.0,17.0,17.0,29436.89,377802.82,377802.82,29436.89,2026-07-21 17:46:53.411826+02:00
2026-07-21 15:47:13.415886+00:00,36.88,12.64,869.43,27.26,11.0,17.0,17.0,29436.89,377802.82,377802.82,29436.89,2026-07-21 17:47:13.415886+02:00
2026-07-21 15:47:33.432518+00:00,36.87,12.61,869.42,27.26,11.0,18.0,18.0,29436.89,377802.82,377802.82,29436.89,2026-07-21 17:47:33.432518+02:00
2026-07-21 15:47:53.528861+00:00,36.92,12.56,869.42,27.26,11.0,18.0,18.0,29436.89,377802.82,377802.82,29436.89,2026-07-21 17:47:53.528861+02:00
2026-07-21 15:48:13.533318+00:00,36.97,12.57,869.46,27.26,11.0,18.0,18.0,29436.89,377802.82,377802.82,29436.89,2026-07-21 17:48:13.533318+02:00
2026-07-21 15:48:33.545026+00:00,36.39,12.84,869.47,27.26,11.0,17.0,17.0,29436.89,377802.82,377802.82,29436.89,2026-07-21 17:48:33.545026+02:00
2026-07-21 15:48:53.545811+00:00,36.51,12.84,869.47,27.26,11.0,17.0,17.0,29436.89,377802.82,377802.82,29436.89,2026-07-21 17:48:53.545811+02:00
2026-07-21 15:49:13.639950+00:00,36.61,12.76,869.44,27.26,10.0,16.0,16.0,29436.89,377802.82,377802.82,29436.89,2026-07-21 17:49:13.639950+02:00
2026-07-21 15:49:33.640195+00:00,36.56,12.76,869.49,27.26,10.0,16.0,18.0,29436.89,377802.82,377802.82,29436.89,2026-07-21 17:49:33.640195+02:00
2026-07-21 15:49:53.734646+00:00,36.63,12.74,869.45,27.26,10.0,16.0,18.0,29436.89,377802.82,377802.82,29436.89,2026-07-21 17:49:53.734646+02:00
2026-07-21 15:50:13.776345+00:00,36.41,12.89,869.47,27.26,10.0,16.0,18.0,29436.89,377802.82,377802.82,29436.89,2026-07-21 17:50:13.776345+02:00
2026-07-21 15:50:33.869333+00:00,36.65,12.75,869.42,27.26,11.0,17.0,19.0,29436.89,377802.82,377802.82,29436.89,2026-07-21 17:50:33.869333+02:00
2026-07-21 15:50:53.962691+00:00,36.43,12.83,869.47,27.26,11.0,17.0,19.0,29436.89,377802.82,377802.82,29436.89,2026-07-21 17:50:53.962691+02:00
2026-07-21 15:51:14.054398+00:00,36.13,13.08,869.43,27.26,11.0,17.0,19.0,29436.89,377802.82,377802.82,29436.89,2026-07-21 17:51:14.054398+02:00
2026-07-21 15:51:34.149877+00:00,36.27,12.95,869.49,27.26,9.0,16.0,18.0,29436.89,377802.82,377802.82,29436.89,2026-07-21 17:51:34.149877+02:00
2026-07-21 15:51:54.215831+00:00,36.11,13.04,869.44,27.26,9.0,16.0,18.0,29436.89,377802.82,377802.82,29436.89,2026-07-21 17:51:54.215831+02:00
2026-07-21 15:52:14.307160+00:00,35.96,13.06,869.48,27.26,9.0,16.0,18.0,29436.89,377802.82,377802.82,29436.89,2026-07-21 17:52:14.307160+02:00
2026-07-21 15:52:34.337046+00:00,36.1,13.17,869.46,27.26,10.0,16.0,17.0,29436.89,377802.82,377802.82,29436.89,2026-07-21 17:52:34.337046+02:00
2026-07-21 15:52:54.339465+00:00,36.1,13.14,869.46,27.26,11.0,17.0,18.0,29436.89,377802.82,377802.82,29436.89,2026-07-21 17:52:54.339465+02:00
2026-07-21 15:53:14.340427+00:00,36.09,13.1,869.47,27.26,11.0,17.0,18.0,29318.56,377802.82,377802.82,29318.56,2026-07-21 17:53:14.340427+02:00
2026-07-21 15:53:34.379455+00:00,36.06,13.17,869.45,27.26,11.0,17.0,19.0,29318.56,377802.82,377802.82,29318.56,2026-07-21 17:53:34.379455+02:00
2026-07-21 15:53:54.397546+00:00,36.39,12.98,869.46,27.26,11.0,17.0,19.0,29318.56,377802.82,377802.82,29318.56,2026-07-21 17:53:54.397546+02:00
2026-07-21 15:54:14.413555+00:00,36.75,12.7,869.55,27.26,11.0,17.0,19.0,29318.56,374769.23,374769.23,29318.56,2026-07-21 17:54:14.413555+02:00
2026-07-21 15:54:34.426721+00:00,36.64,12.78,869.5,27.26,10.0,17.0,20.0,29318.56,377802.82,377802.82,29318.56,2026-07-21 17:54:34.426721+02:00
2026-07-21 15:54:54.434506+00:00,36.24,13.24,869.47,152.03,10.0,17.0,20.0,28499.31,368827.59,368827.59,28499.31,2026-07-21 17:54:54.434506+02:00
2026-07-21 15:55:14.534265+00:00,36.5,14.21,869.5,0.83,10.0,17.0,20.0,28615.38,329000.0,329000.0,28615.38,2026-07-21 17:55:14.534265+02:00
2026-07-21 17:13:13.048201+00:00,23.61,81.52,681.62,42.55,7.0,11.0,11.0,30153.85,400296.3,400296.3,30153.85,2026-07-21 19:13:13.048201+02:00
2026-07-21 17:13:32.972881+00:00,38.43,11.98,870.41,42.55,7.0,10.0,10.0,30153.85,396941.18,396941.18,30153.85,2026-07-21 19:13:32.972881+02:00
2026-07-21 17:21:43.742617+00:00,23.61,81.52,681.62,42.55,5.0,10.0,10.0,29200.55,384000.0,384000.0,29200.55,2026-07-21 19:21:43.742617+02:00
2026-07-21 17:22:03.672356+00:00,38.61,12.45,870.49,42.55,3.0,7.0,7.0,29200.55,390376.81,390376.81,29200.55,2026-07-21 19:22:03.672356+02:00
2026-07-21 17:22:23.686793+00:00,38.74,11.96,870.48,42.55,4.0,7.0,7.0,29436.89,390376.81,390376.81,29436.89,2026-07-21 19:22:23.686793+02:00
2026-07-21 17:22:43.690628+00:00,38.83,11.87,870.51,42.55,4.0,7.0,7.0,29555.56,390376.81,390376.81,29555.56,2026-07-21 19:22:43.690628+02:00
2026-07-21 17:23:03.753725+00:00,38.58,11.87,870.46,42.88,4.0,6.0,6.0,29674.55,390376.81,390376.81,29674.55,2026-07-21 19:23:03.753725+02:00
2026-07-21 17:23:23.831719+00:00,38.52,11.98,870.54,42.88,5.0,7.0,7.0,29555.56,387165.47,387165.47,29555.56,2026-07-21 19:23:23.831719+02:00
2026-07-21 17:23:43.844306+00:00,38.62,11.85,870.53,45.21,5.0,7.0,7.0,29674.55,390376.81,390376.81,29674.55,2026-07-21 19:23:43.844306+02:00
2026-07-21 17:24:03.857622+00:00,38.67,11.86,870.51,42.55,5.0,7.0,7.0,29674.55,390376.81,390376.81,29674.55,2026-07-21 19:24:03.857622+02:00
2026-07-21 17:24:23.872181+00:00,38.73,11.8,870.48,42.55,5.0,7.0,7.0,29674.55,387165.47,387165.47,29674.55,2026-07-21 19:24:23.872181+02:00
2026-07-21 17:24:43.882502+00:00,38.5,11.88,870.5,42.55,3.0,4.0,6.0,29674.55,390376.81,390376.81,29674.55,2026-07-21 19:24:43.882502+02:00
2026-07-21 17:25:03.884823+00:00,38.15,12.12,870.49,42.55,3.0,4.0,8.0,29674.55,390376.81,390376.81,29674.55,2026-07-21 19:25:03.884823+02:00
2026-07-21 17:25:23.898604+00:00,37.64,12.43,870.55,42.33,4.0,5.0,8.0,29674.55,390376.81,390376.81,29674.55,2026-07-21 19:25:23.898604+02:00
2026-07-21 17:25:43.908312+00:00,37.38,12.92,870.54,49.31,4.0,6.0,9.0,29318.56,387165.47,387165.47,29318.56,2026-07-21 19:25:43.908312+02:00
2026-07-21 17:26:03.931533+00:00,37.13,14.08,870.57,49.31,3.0,5.0,9.0,28965.52,368827.59,368827.59,28965.52,2026-07-21 19:26:03.931533+02:00
2026-07-21 17:47:09.859813+00:00,23.61,81.52,681.62,50.2,4.0,8.0,8.0,28038.2,377802.82,377802.82,28038.2,2026-07-21 19:47:09.859813+02:00
