timestamp_sast,oxidising_index,reducing_index,co_index,no2_index,oxidising_index_trend,reducing_index_trend,co_index_trend,no2_index_trend
2026-07-16 15:31:40+02:00,79.0877192982456,,,79.0877192982456,stable,stable,stable,stable
2026-07-16 15:32:02+02:00,77.6225596529284,,,77.6225596529284,stable,stable,stable,stable
2026-07-16 15:32:24+02:00,72.3333333333333,,,72.3333333333333,falling,stable,stable,falling
2026-07-16 15:32:45+02:00,78.2047930283225,,,78.2047930283225,stable,stable,stable,stable
2026-07-16 15:33:07+02:00,78.4978165938865,,,78.4978165938865,stable,stable,stable,stable
2026-07-16 15:33:29+02:00,80.5853658536586,,,80.5853658536586,rising,stable,stable,rising
2026-07-16 15:33:51+02:00,83.6825396825397,,,83.6825396825397,rising,stable,stable,rising
2026-07-16 15:34:13+02:00,86.2632794457275,,,86.2632794457275,rising,stable,stable,rising
2026-07-16 15:34:34+02:00,88.2622950819672,,,88.2622950819672,rising,stable,stable,rising
2026-07-16 15:34:56+02:00,89.9715639810426,,,89.9715639810426,rising,stable,stable,rising
2026-07-16 15:35:17+02:00,89.2830188679246,,,89.2830188679246,stable,stable,stable,stable
2026-07-16 15:35:40+02:00,90.3182897862233,,,90.3182897862233,stable,stable,stable,stable
2026-07-16 15:36:01+02:00,91.3684210526316,,,91.3684210526316,stable,stable,stable,stable
2026-07-16 15:36:23+02:00,93.5145631067961,,,93.5145631067961,rising,stable,stable,rising
2026-07-16 15:36:45+02:00,94.6112469437653,,,94.6112469437653,rising,stable,stable,rising
2026-07-16 15:37:06+02:00,95.7241379310345,,,95.7241379310345,rising,stable,stable,rising
2026-07-16 15:37:28+02:00,94.6112469437653,,,94.6112469437653,stable,stable,stable,stable
2026-07-16 15:37:49+02:00,94.6112469437653,,,94.6112469437653,stable,stable,stable,stable
2026-07-16 15:38:12+02:00,96.0987654320988,,,96.0987654320988,stable,stable,stable,stable
2026-07-16 15:38:34+02:00,96.8535980148884,,,96.8535980148884,stable,stable,stable,stable
2026-07-16 15:38:57+02:00,97.2338308457711,,,97.2338308457711,stable,stable,stable,stable
2026-07-16 15:39:18+02:00,97.6159600997506,,,97.6159600997506,stable,stable,stable,stable
2026-07-16 15:39:40+02:00,98.0,,,98.0,stable,stable,stable,stable
2026-07-16 15:40:01+02:00,99.5555555555556,,,99.5555555555556,stable,stable,stable,stable
2026-07-16 15:40:23+02:00,101.544757033248,,,101.544757033248,rising,stable,stable,rising
2026-07-16 15:40:45+02:00,101.948717948718,,,101.948717948718,rising,stable,stable,rising
2026-07-16 15:41:06+02:00,101.142857142857,,,101.142857142857,stable,stable,stable,stable
2026-07-16 15:41:28+02:00,102.354755784062,,,102.354755784062,stable,stable,stable,stable
2026-07-16 15:41:49+02:00,102.762886597938,,,102.762886597938,stable,stable,stable,stable
2026-07-16 15:42:12+02:00,101.544757033248,,,101.544757033248,stable,stable,stable,stable
2026-07-16 15:42:34+02:00,101.948717948718,,,101.948717948718,stable,stable,stable,stable
2026-07-16 15:42:55+02:00,101.544757033248,,,101.544757033248,stable,stable,stable,stable
2026-07-16 15:43:18+02:00,101.544757033248,,,101.544757033248,stable,stable,stable,stable
2026-07-16 15:43:39+02:00,100.345177664975,,,100.345177664975,stable,stable,stable,stable
2026-07-16 15:44:01+02:00,100.743002544529,,,100.743002544529,stable,stable,stable,stable
2026-07-16 15:44:22+02:00,101.142857142857,,,101.142857142857,stable,stable,stable,stable
2026-07-16 15:44:44+02:00,101.948717948718,,,101.948717948718,stable,stable,stable,stable
2026-07-16 15:45:06+02:00,104.0,,,104.0,rising,stable,stable,rising
2026-07-16 15:45:29+02:00,104.0,,,104.0,stable,stable,stable,stable
2026-07-16 15:45:50+02:00,104.416666666667,,,104.416666666667,stable,stable,stable,stable
2026-07-16 15:46:12+02:00,105.679790026247,,,105.679790026247,stable,stable,stable,stable
2026-07-16 15:46:34+02:00,106.105263157895,,,106.105263157895,stable,stable,stable,stable
2026-07-16 15:46:56+02:00,107.395225464191,,,107.395225464191,stable,stable,stable,stable
2026-07-16 15:47:18+02:00,104.416666666667,,,104.416666666667,stable,stable,stable,stable
2026-07-16 15:47:39+02:00,104.835509138381,,,104.835509138381,stable,stable,stable,stable
2026-07-16 15:48:01+02:00,104.0,,,104.0,stable,stable,stable,stable
2026-07-16 15:48:23+02:00,105.256544502618,,,105.256544502618,stable,stable,stable,stable
2026-07-16 15:48:45+02:00,103.173126614987,,,103.173126614987,stable,stable,stable,stable
2026-07-16 15:49:06+02:00,102.762886597938,,,102.762886597938,stable,stable,stable,stable
2026-07-16 15:49:28+02:00,101.948717948718,,,101.948717948718,stable,stable,stable,stable
2026-07-16 15:49:50+02:00,101.948717948718,,,101.948717948718,stable,stable,stable,stable
2026-07-16 16:01:02+02:00,101.142857142857,,,101.142857142857,stable,stable,stable,stable
2026-07-16 16:01:23+02:00,101.142857142857,,,101.142857142857,stable,stable,stable,stable
2026-07-16 16:01:43+02:00,100.743002544529,,,100.743002544529,stable,stable,stable,stable
2026-07-16 16:02:04+02:00,100.345177664975,,,100.345177664975,stable,stable,stable,stable
2026-07-16 16:02:25+02:00,98.3859649122807,,,98.3859649122807,stable,stable,stable,stable
2026-07-16 16:02:46+02:00,98.0,,,98.0,stable,stable,stable,stable
2026-07-16 16:03:07+02:00,96.0987654320988,,,96.0987654320988,falling,stable,stable,falling
2026-07-16 16:18:27+02:00,97.2338308457711,1.0,1.0,97.2338308457711,stable,stable,stable,stable
2026-07-16 16:47:25+02:00,87.9252336448598,137.2956,137.2956,87.9252336448598,falling,rising,rising,falling
2026-07-16 16:47:45+02:00,87.5897435897436,137.2956,137.2956,87.5897435897436,falling,rising,rising,falling
2026-07-16 16:48:06+02:00,84.0,137.2956,137.2956,84.0,falling,rising,rising,falling
2026-07-16 16:48:27+02:00,78.4978165938865,110.7054,110.7054,78.4978165938865,falling,rising,rising,falling
2026-07-16 16:48:48+02:00,80.5853658536586,88.5388,88.5388,80.5853658536586,falling,falling,falling,falling
2026-07-16 16:49:08+02:00,88.6009389671361,125.65935,125.65935,88.6009389671361,rising,rising,rising,rising
2026-07-16 16:49:29+02:00,86.92343387471,140.39455,140.39455,86.92343387471,rising,rising,rising,rising
2026-07-16 16:49:50+02:00,84.9610983981694,140.06035,140.06035,84.9610983981694,stable,rising,rising,stable
2026-07-16 16:50:11+02:00,84.9610983981694,140.06035,140.06035,84.9610983981694,stable,rising,rising,stable
2026-07-16 16:50:31+02:00,84.0,140.06035,140.06035,84.0,stable,rising,rising,stable
2026-07-16 16:50:52+02:00,86.2632794457275,140.06035,140.06035,86.2632794457275,stable,stable,stable,stable
2026-07-16 16:51:13+02:00,86.5925925925926,140.06035,140.06035,86.5925925925926,stable,stable,stable,stable
2026-07-16 16:51:34+02:00,87.5897435897436,140.06035,140.06035,87.5897435897436,stable,stable,stable,stable
2026-07-16 16:51:55+02:00,84.0,140.06035,140.06035,84.0,stable,stable,stable,stable
2026-07-16 16:52:15+02:00,85.2844036697248,140.06035,140.06035,85.2844036697248,stable,stable,stable,stable
2026-07-16 16:52:36+02:00,82.1165919282511,139.62285,139.62285,82.1165919282511,falling,stable,stable,falling
2026-07-16 16:52:57+02:00,77.0453563714903,141.39715,141.39715,77.0453563714903,falling,stable,stable,falling
2026-07-16 16:53:18+02:00,78.2047930283225,139.0699,139.0699,78.2047930283225,falling,stable,stable,falling
2026-07-16 16:53:39+02:00,77.0453563714903,138.18275,138.18275,77.0453563714903,falling,stable,stable,falling
2026-07-16 16:53:59+02:00,76.4731182795699,138.51695,138.51695,76.4731182795699,stable,stable,stable,stable
2026-07-16 16:54:20+02:00,76.7586206896552,138.51695,138.51695,76.7586206896552,stable,stable,stable,stable
2026-07-16 16:54:41+02:00,76.1888412017167,137.6298,137.6298,76.1888412017167,stable,stable,stable,stable
2026-07-16 16:55:02+02:00,76.1888412017167,138.51695,138.51695,76.1888412017167,stable,stable,stable,stable
2026-07-16 16:55:23+02:00,74.7855626326964,138.51695,138.51695,74.7855626326964,stable,stable,stable,stable
2026-07-16 16:55:43+02:00,75.9057815845825,138.51695,138.51695,75.9057815845825,stable,stable,stable,stable
2026-07-16 16:56:04+02:00,74.2325581395349,138.51695,138.51695,74.2325581395349,stable,stable,stable,stable
2026-07-16 16:56:25+02:00,75.063829787234,137.6298,137.6298,75.063829787234,stable,stable,stable,stable
2026-07-16 16:56:46+02:00,73.4117647058824,137.6298,137.6298,73.4117647058824,stable,stable,stable,stable
2026-07-16 16:57:07+02:00,71.0103092783505,137.6298,137.6298,71.0103092783505,falling,stable,stable,falling
2026-07-16 16:57:27+02:00,69.4582484725051,137.6298,137.6298,69.4582484725051,falling,stable,stable,falling
2026-07-16 16:57:48+02:00,70.4887063655031,137.6298,137.6298,70.4887063655031,stable,stable,stable,stable
2026-07-16 16:58:09+02:00,72.3333333333333,137.6298,137.6298,72.3333333333333,stable,stable,stable,stable
2026-07-16 16:58:30+02:00,71.0103092783505,137.6298,137.6298,71.0103092783505,stable,stable,stable,stable
2026-07-16 16:58:51+02:00,69.9713701431493,137.6298,137.6298,69.9713701431493,stable,stable,stable,stable
2026-07-16 16:59:11+02:00,72.3333333333333,136.74265,136.74265,72.3333333333333,stable,stable,stable,stable
2026-07-16 16:59:32+02:00,72.3333333333333,137.6298,137.6298,72.3333333333333,stable,stable,stable,stable
2026-07-16 16:59:53+02:00,72.3333333333333,137.6298,137.6298,72.3333333333333,stable,stable,stable,stable
2026-07-16 17:00:14+02:00,73.1404612159329,137.6298,137.6298,73.1404612159329,stable,stable,stable,stable
2026-07-16 17:00:35+02:00,72.0665280665281,137.6298,137.6298,72.0665280665281,stable,stable,stable,stable
2026-07-16 17:00:55+02:00,71.536231884058,137.6298,137.6298,71.536231884058,stable,stable,stable,stable
2026-07-16 17:01:16+02:00,70.2295081967213,137.6298,137.6298,70.2295081967213,stable,stable,stable,stable
2026-07-21 12:39:09.803507+02:00,162439.72,130666.67,130666.67,162439.72,rising,rising,rising,rising
2026-07-21 12:39:10.649859+02:00,1677.9,18576.27,18576.27,1677.9,falling,falling,falling,falling
2026-07-21 12:39:11.650043+02:00,1302.33,51880.91,51880.91,1302.33,falling,rising,rising,falling
2026-07-21 12:39:12.649983+02:00,1249.07,70748.97,70748.97,1249.07,falling,rising,rising,falling
2026-07-21 12:39:13.650166+02:00,1249.07,84639.27,84639.27,1249.07,falling,rising,rising,falling
2026-07-21 12:39:14.650149+02:00,1249.07,96475.25,96475.25,1249.07,falling,rising,rising,falling
2026-07-21 12:39:15.650256+02:00,1302.33,106532.98,106532.98,1302.33,rising,rising,rising,rising
2026-07-21 12:39:16.650463+02:00,1355.68,115587.74,115587.74,1355.68,rising,rising,rising,rising
2026-07-21 12:39:17.650486+02:00,1409.13,124116.96,124116.96,1409.13,rising,rising,rising,rising
2026-07-21 12:39:18.650538+02:00,1462.69,132379.2,132379.2,1462.69,rising,rising,rising,rising
2026-07-21 12:39:19.650669+02:00,1516.34,140178.34,140178.34,1516.34,rising,rising,rising,rising
2026-07-21 12:39:20.650751+02:00,1570.09,147300.33,147300.33,1570.09,rising,rising,rising,rising
2026-07-21 12:39:21.650894+02:00,1570.09,154238.91,154238.91,1570.09,rising,rising,rising,rising
2026-07-21 12:39:22.651037+02:00,1623.95,161667.84,161667.84,1623.95,rising,rising,rising,rising
2026-07-21 12:39:23.651054+02:00,1677.9,168817.52,168817.52,1677.9,rising,rising,rising,rising
2026-07-21 12:39:24.651122+02:00,1731.96,175578.95,175578.95,1731.96,rising,rising,rising,rising
2026-07-21 12:39:25.651265+02:00,1786.12,182759.69,182759.69,1786.12,rising,rising,rising,rising
2026-07-21 12:39:26.651354+02:00,1786.12,189418.33,189418.33,1786.12,rising,rising,rising,rising
2026-07-21 12:39:27.651441+02:00,1840.38,195428.57,195428.57,1840.38,rising,rising,rising,rising
2026-07-21 12:39:28.650993+02:00,1894.74,201740.59,201740.59,1894.74,rising,rising,rising,rising
2026-07-21 12:39:29.651068+02:00,1894.74,208377.68,208377.68,1894.74,rising,rising,rising,rising
2026-07-21 12:39:30.651198+02:00,1949.2,215365.64,215365.64,1949.2,rising,rising,rising,rising
2026-07-21 12:39:31.651356+02:00,2003.77,221477.48,221477.48,2003.77,rising,rising,rising,rising
2026-07-21 12:39:32.651339+02:00,2003.77,227870.97,227870.97,2003.77,rising,rising,rising,rising
2026-07-21 12:39:33.651947+02:00,2058.44,233201.88,233201.88,2058.44,rising,rising,rising,rising
2026-07-21 12:39:34.652021+02:00,2058.44,240153.85,240153.85,2058.44,rising,rising,rising,rising
2026-07-21 12:39:35.652201+02:00,2113.21,245960.78,245960.78,2113.21,rising,rising,rising,rising
2026-07-21 12:39:36.652207+02:00,2168.08,252000.0,252000.0,2168.08,rising,rising,rising,rising
2026-07-21 12:39:37.652212+02:00,2168.08,256690.36,256690.36,2168.08,rising,rising,rising,rising
2026-07-21 12:39:38.652398+02:00,2223.06,263170.98,263170.98,2223.06,rising,rising,rising,rising
2026-07-21 12:39:39.652522+02:00,2223.06,268210.53,268210.53,2223.06,rising,rising,rising,rising
2026-07-21 12:39:40.652631+02:00,2278.15,273411.76,273411.76,2278.15,rising,rising,rising,rising
2026-07-21 12:39:41.652743+02:00,2278.15,278782.61,278782.61,2278.15,rising,rising,rising,rising
2026-07-21 12:39:42.652818+02:00,2333.33,284331.49,284331.49,2333.33,rising,rising,rising,rising
2026-07-21 12:39:43.652851+02:00,2333.33,286222.22,286222.22,2333.33,rising,rising,rising,rising
2026-07-21 12:39:44.652993+02:00,2333.33,292022.6,292022.6,2333.33,rising,rising,rising,rising
2026-07-21 12:39:45.653097+02:00,2388.63,298022.99,298022.99,2388.63,rising,rising,rising,rising
2026-07-21 12:39:46.653224+02:00,2388.63,300069.36,300069.36,2388.63,rising,rising,rising,rising
2026-07-21 12:39:47.653249+02:00,2444.02,302139.53,302139.53,2444.02,rising,rising,rising,rising
2026-07-21 12:39:48.653340+02:00,2444.02,304233.92,304233.92,2444.02,rising,rising,rising,rising
2026-07-21 12:39:49.653569+02:00,2499.53,312862.28,312862.28,2499.53,rising,rising,rising,rising
2026-07-21 12:39:50.653075+02:00,2499.53,317333.33,317333.33,2499.53,rising,rising,rising,rising
2026-07-21 12:39:51.653066+02:00,2499.53,319609.76,319609.76,2499.53,rising,rising,rising,rising
2026-07-21 12:39:52.653230+02:00,2555.13,321914.11,321914.11,2555.13,rising,rising,rising,rising
2026-07-21 12:39:53.653286+02:00,2555.13,329000.0,329000.0,2555.13,rising,rising,rising,rising
2026-07-21 12:39:54.653382+02:00,2610.85,331421.38,331421.38,2610.85,rising,rising,rising,rising
2026-07-21 12:39:55.654047+02:00,2610.85,338871.79,338871.79,2610.85,rising,rising,rising,rising
2026-07-21 12:39:56.654274+02:00,2666.67,344000.0,344000.0,2666.67,rising,rising,rising,rising
2026-07-21 12:39:57.654262+02:00,2722.59,346614.38,346614.38,2722.59,rising,rising,rising,rising
2026-07-21 12:39:58.654293+02:00,2722.59,349263.16,349263.16,2722.59,rising,rising,rising,rising
2026-07-21 12:39:59.654460+02:00,2778.63,351947.02,351947.02,2778.63,rising,rising,rising,rising
2026-07-21 12:40:00.654546+02:00,2778.63,354666.67,354666.67,2778.63,rising,rising,rising,rising
2026-07-21 12:40:01.654623+02:00,2834.77,360216.22,360216.22,2834.77,rising,rising,rising,rising
2026-07-21 12:40:02.654910+02:00,2891.01,363047.62,363047.62,2891.01,rising,rising,rising,rising
2026-07-21 12:40:03.654860+02:00,2891.01,365917.81,365917.81,2891.01,rising,rising,rising,rising
2026-07-21 12:40:04.655848+02:00,2947.37,368827.59,368827.59,2947.37,rising,rising,rising,rising
2026-07-21 12:40:05.655830+02:00,2947.37,371777.78,371777.78,2947.37,rising,rising,rising,rising
2026-07-21 12:40:06.654725+02:00,3003.83,371777.78,371777.78,3003.83,rising,rising,rising,rising
2026-07-21 12:40:07.656017+02:00,3003.83,374769.23,374769.23,3003.83,rising,rising,rising,rising
2026-07-21 12:40:08.654968+02:00,3003.83,377802.82,377802.82,3003.83,rising,rising,rising,rising
2026-07-21 12:40:09.655185+02:00,3060.4,380879.43,380879.43,3060.4,rising,rising,rising,rising
2026-07-21 12:40:10.655780+02:00,3117.08,384000.0,384000.0,3117.08,rising,rising,rising,rising
2026-07-21 12:40:11.655830+02:00,3117.08,387165.47,387165.47,3117.08,rising,rising,rising,rising
2026-07-21 12:40:12.655770+02:00,3173.87,390376.81,390376.81,3173.87,rising,rising,rising,rising
2026-07-21 12:40:13.655948+02:00,3173.87,390376.81,390376.81,3173.87,rising,rising,rising,rising
2026-07-21 12:40:14.656066+02:00,3173.87,393635.04,393635.04,3173.87,rising,rising,rising,rising
2026-07-21 12:40:15.656142+02:00,3230.77,393635.04,393635.04,3230.77,rising,rising,rising,rising
2026-07-21 12:40:16.656182+02:00,3230.77,380879.43,380879.43,3230.77,rising,falling,falling,rising
2026-07-21 12:40:17.656344+02:00,3117.08,354666.67,354666.67,3117.08,falling,falling,falling,falling
2026-07-21 12:40:18.656384+02:00,3117.08,360216.22,360216.22,3117.08,falling,falling,falling,falling
2026-07-21 12:40:19.656506+02:00,3060.4,380879.43,380879.43,3060.4,falling,rising,rising,falling
2026-07-21 12:40:20.656620+02:00,3117.08,396941.18,396941.18,3117.08,falling,rising,rising,falling
2026-07-21 12:40:21.656681+02:00,3173.87,393635.04,393635.04,3173.87,rising,rising,rising,rising
2026-07-21 12:40:22.656722+02:00,3173.87,396941.18,396941.18,3173.87,rising,rising,rising,rising
2026-07-21 12:40:23.656884+02:00,3230.77,396941.18,396941.18,3230.77,rising,rising,rising,rising
2026-07-21 12:40:24.657005+02:00,3287.78,396941.18,396941.18,3287.78,rising,rising,rising,rising
2026-07-21 12:40:25.657072+02:00,3287.78,400296.3,400296.3,3287.78,rising,rising,rising,rising
2026-07-21 12:40:26.657109+02:00,3344.89,403701.49,403701.49,3344.89,rising,rising,rising,rising
2026-07-21 12:40:27.657520+02:00,3344.89,400296.3,400296.3,3344.89,rising,rising,rising,rising
2026-07-21 12:40:28.657613+02:00,3344.89,400296.3,400296.3,3344.89,rising,falling,falling,rising
2026-07-21 12:40:29.657475+02:00,3344.89,403701.49,403701.49,3344.89,rising,rising,rising,rising
2026-07-21 12:40:30.657517+02:00,3344.89,403701.49,403701.49,3344.89,stable,rising,rising,stable
2026-07-21 12:40:31.657610+02:00,3402.12,417846.15,417846.15,3402.12,rising,rising,rising,rising
2026-07-21 12:40:32.657726+02:00,3459.46,417846.15,417846.15,3459.46,rising,rising,rising,rising
2026-07-21 12:40:33.657779+02:00,3516.91,417846.15,417846.15,3516.91,rising,rising,rising,rising
2026-07-21 12:40:34.657907+02:00,3516.91,421519.38,421519.38,3516.91,rising,rising,rising,rising
2026-07-21 12:40:35.658029+02:00,3574.47,421519.38,421519.38,3574.47,rising,rising,rising,rising
2026-07-21 12:40:36.658117+02:00,3574.47,421519.38,421519.38,3574.47,rising,rising,rising,rising
2026-07-21 12:40:37.658189+02:00,3632.14,417846.15,417846.15,3632.14,rising,falling,falling,rising
2026-07-21 12:40:38.658896+02:00,3632.14,421519.38,421519.38,3632.14,rising,rising,rising,rising
2026-07-21 12:40:39.658681+02:00,3632.14,421519.38,421519.38,3632.14,rising,rising,rising,rising
2026-07-21 12:40:40.658467+02:00,3689.92,421519.38,421519.38,3689.92,rising,rising,rising,rising
2026-07-21 12:40:41.658664+02:00,3689.92,417846.15,417846.15,3689.92,rising,falling,falling,rising
2026-07-21 12:40:42.658764+02:00,3689.92,425250.0,425250.0,3689.92,rising,rising,rising,rising
2026-07-21 12:40:43.658908+02:00,3689.92,425250.0,425250.0,3689.92,rising,rising,rising,rising
2026-07-21 12:40:44.658886+02:00,3747.82,425250.0,425250.0,3747.82,rising,rising,rising,rising
2026-07-21 12:40:45.658946+02:00,3747.82,425250.0,425250.0,3747.82,rising,rising,rising,rising
2026-07-21 12:40:46.659074+02:00,3805.83,429039.37,429039.37,3805.83,rising,rising,rising,rising
2026-07-21 12:40:47.659133+02:00,3805.83,429039.37,429039.37,3805.83,rising,rising,rising,rising
2026-07-21 12:40:48.659357+02:00,3805.83,429039.37,429039.37,3805.83,rising,rising,rising,rising
2026-07-21 12:40:49.659384+02:00,3863.95,432888.89,432888.89,3863.95,rising,rising,rising,rising
2026-07-21 12:40:50.659556+02:00,3863.95,432888.89,432888.89,3863.95,rising,rising,rising,rising
2026-07-21 12:40:51.659589+02:00,3922.18,436800.0,436800.0,3922.18,rising,rising,rising,rising
2026-07-21 12:40:52.663866+02:00,3922.18,436800.0,436800.0,3922.18,rising,rising,rising,rising
2026-07-21 12:40:53.659581+02:00,3980.53,436800.0,436800.0,3980.53,rising,rising,rising,rising
2026-07-21 12:40:54.659350+02:00,3980.53,436800.0,436800.0,3980.53,rising,rising,rising,rising
2026-07-21 12:40:55.659529+02:00,4038.99,436800.0,436800.0,4038.99,rising,stable,stable,rising
2026-07-21 12:40:56.659545+02:00,4038.99,436800.0,436800.0,4038.99,rising,stable,stable,rising
2026-07-21 12:40:57.659672+02:00,4038.99,440774.19,440774.19,4038.99,rising,rising,rising,rising
2026-07-21 12:40:58.660334+02:00,4097.56,440774.19,440774.19,4097.56,rising,rising,rising,rising
2026-07-21 12:40:59.660378+02:00,4097.56,440774.19,440774.19,4097.56,rising,rising,rising,rising
2026-07-21 12:41:00.660489+02:00,4156.25,440774.19,440774.19,4156.25,rising,rising,rising,rising
2026-07-21 12:41:01.660644+02:00,4333.01,407157.89,407157.89,4333.01,rising,falling,falling,rising
2026-07-21 12:41:02.660906+02:00,4215.05,377802.82,377802.82,4215.05,rising,falling,falling,rising
2026-07-21 12:41:03.660914+02:00,3922.18,393635.04,393635.04,3922.18,falling,falling,falling,falling
2026-07-21 12:41:04.660871+02:00,3980.53,457333.33,457333.33,3980.53,falling,rising,rising,falling
2026-07-21 12:41:05.661007+02:00,3980.53,448918.03,448918.03,3980.53,falling,rising,rising,falling
2026-07-21 12:41:06.661224+02:00,4038.99,453090.91,453090.91,4038.99,rising,rising,rising,rising
2026-07-21 12:41:07.661267+02:00,4097.56,453090.91,453090.91,4097.56,rising,rising,rising,rising
2026-07-21 12:41:08.661342+02:00,4156.25,453090.91,453090.91,4156.25,rising,falling,falling,rising
2026-07-21 12:41:09.661404+02:00,4156.25,457333.33,457333.33,4156.25,rising,rising,rising,rising
2026-07-21 12:41:10.661554+02:00,4215.05,457333.33,457333.33,4215.05,rising,rising,rising,rising
2026-07-21 12:41:11.661607+02:00,4215.05,457333.33,457333.33,4215.05,rising,rising,rising,rising
2026-07-21 12:41:12.661716+02:00,4273.97,457333.33,457333.33,4273.97,rising,rising,rising,rising
2026-07-21 12:41:13.661773+02:00,4333.01,457333.33,457333.33,4333.01,rising,stable,stable,rising
2026-07-21 12:41:14.661819+02:00,4333.01,457333.33,457333.33,4333.01,rising,stable,stable,rising
2026-07-21 12:41:15.662092+02:00,4392.16,457333.33,457333.33,4392.16,rising,stable,stable,rising
2026-07-21 12:41:16.662068+02:00,4392.16,457333.33,457333.33,4392.16,rising,stable,stable,rising
2026-07-21 12:41:17.662191+02:00,4392.16,457333.33,457333.33,4392.16,rising,stable,stable,rising
2026-07-21 12:41:18.662238+02:00,4451.42,457333.33,457333.33,4451.42,rising,stable,stable,rising
2026-07-21 12:41:19.662322+02:00,4451.42,457333.33,457333.33,4451.42,rising,stable,stable,rising
2026-07-21 12:41:20.662507+02:00,4451.42,457333.33,457333.33,4451.42,rising,stable,stable,rising
2026-07-21 12:41:21.662576+02:00,4510.81,457333.33,457333.33,4510.81,rising,stable,stable,rising
2026-07-21 12:41:22.662766+02:00,4510.81,457333.33,457333.33,4510.81,rising,stable,stable,rising
2026-07-21 12:41:23.662912+02:00,4510.81,457333.33,457333.33,4510.81,rising,stable,stable,rising
2026-07-21 12:41:24.663072+02:00,4570.3,461647.06,461647.06,4570.3,rising,rising,rising,rising
2026-07-21 12:41:25.663060+02:00,4570.3,461647.06,461647.06,4570.3,rising,rising,rising,rising
2026-07-21 12:41:26.663272+02:00,4570.3,466033.9,466033.9,4570.3,rising,rising,rising,rising
2026-07-21 12:41:27.663186+02:00,4629.92,466033.9,466033.9,4629.92,rising,rising,rising,rising
2026-07-21 12:41:28.663365+02:00,4689.66,461647.06,461647.06,4689.66,rising,falling,falling,rising
2026-07-21 12:41:29.663473+02:00,4689.66,461647.06,461647.06,4689.66,rising,falling,falling,rising
2026-07-21 12:41:30.663570+02:00,4689.66,461647.06,461647.06,4689.66,rising,falling,falling,rising
2026-07-21 12:41:31.663627+02:00,4689.66,461647.06,461647.06,4689.66,rising,falling,falling,rising
2026-07-21 12:41:32.663879+02:00,4929.77,479652.17,479652.17,4929.77,rising,rising,rising,rising
2026-07-21 12:41:33.663869+02:00,7439.75,407157.89,407157.89,7439.75,rising,falling,falling,rising
2026-07-21 12:41:34.663986+02:00,7505.15,286222.22,286222.22,7505.15,rising,falling,falling,rising
2026-07-21 12:41:35.664081+02:00,4629.92,403701.49,403701.49,4629.92,falling,falling,falling,falling
2026-07-21 12:41:36.664190+02:00,4570.3,479652.17,479652.17,4570.3,falling,rising,rising,falling
2026-07-21 12:41:37.664295+02:00,4570.3,466033.9,466033.9,4570.3,falling,rising,rising,falling
2026-07-21 12:41:38.664396+02:00,4570.3,466033.9,466033.9,4570.3,falling,rising,rising,falling
2026-07-21 12:41:39.664385+02:00,4570.3,489132.74,489132.74,4570.3,falling,rising,rising,falling
2026-07-21 12:41:40.664636+02:00,4689.66,498954.95,498954.95,4689.66,rising,rising,rising,rising
2026-07-21 12:41:41.664779+02:00,4689.66,494000.0,494000.0,4689.66,rising,rising,rising,rising
2026-07-21 12:41:42.664876+02:00,4749.51,498954.95,498954.95,4749.51,rising,rising,rising,rising
2026-07-21 12:41:43.664907+02:00,4809.48,498954.95,498954.95,4809.48,rising,rising,rising,rising
2026-07-21 12:41:44.665068+02:00,4869.57,494000.0,494000.0,4869.57,rising,falling,falling,rising
2026-07-21 12:41:45.664669+02:00,4929.77,494000.0,494000.0,4929.77,rising,falling,falling,rising
2026-07-21 12:41:46.664766+02:00,4929.77,494000.0,494000.0,4929.77,rising,falling,falling,rising
2026-07-21 12:41:47.664843+02:00,4990.1,498954.95,498954.95,4990.1,rising,rising,rising,rising
2026-07-21 12:41:48.664947+02:00,4990.1,494000.0,494000.0,4990.1,rising,falling,falling,rising
2026-07-21 12:41:49.665069+02:00,5050.55,494000.0,494000.0,5050.55,rising,falling,falling,rising
2026-07-21 12:41:50.665680+02:00,5050.55,489132.74,489132.74,5050.55,rising,falling,falling,rising
2026-07-21 12:41:51.665768+02:00,5050.55,489132.74,489132.74,5050.55,rising,falling,falling,rising
2026-07-21 12:41:52.666491+02:00,5111.11,489132.74,489132.74,5111.11,rising,falling,falling,rising
2026-07-21 12:41:53.665442+02:00,5111.11,484350.88,484350.88,5111.11,rising,falling,falling,rising
2026-07-21 12:41:54.665572+02:00,5111.11,489132.74,489132.74,5111.11,rising,rising,rising,rising
2026-07-21 12:41:55.665655+02:00,5171.8,489132.74,489132.74,5171.8,rising,rising,rising,rising
2026-07-21 12:41:56.665771+02:00,5171.8,489132.74,489132.74,5171.8,rising,rising,rising,rising
2026-07-21 12:41:57.666204+02:00,5171.8,484350.88,484350.88,5171.8,rising,falling,falling,rising
2026-07-21 12:41:58.666956+02:00,5171.8,484350.88,484350.88,5171.8,rising,falling,falling,rising
2026-07-21 12:41:59.666421+02:00,5232.6,489132.74,489132.74,5232.6,rising,rising,rising,rising
2026-07-21 12:52:48.450212+02:00,11248.91,489132.74,489132.74,11248.91,rising,rising,rising,rising
2026-07-21 12:52:49.296370+02:00,11248.91,489132.74,489132.74,11248.91,rising,rising,rising,rising
2026-07-21 12:52:50.297822+02:00,11322.4,489132.74,489132.74,11322.4,rising,rising,rising,rising
2026-07-21 12:52:51.297328+02:00,11322.4,489132.74,489132.74,11322.4,rising,stable,stable,rising
2026-07-21 12:52:52.297131+02:00,11322.4,489132.74,489132.74,11322.4,rising,stable,stable,rising
2026-07-21 12:52:53.296624+02:00,11322.4,494000.0,494000.0,11322.4,rising,rising,rising,rising
2026-07-21 12:52:54.296623+02:00,11322.4,489132.74,489132.74,11322.4,stable,falling,falling,stable
2026-07-21 12:52:55.296726+02:00,11322.4,489132.74,489132.74,11322.4,stable,falling,falling,stable
2026-07-21 12:52:56.297261+02:00,11322.4,489132.74,489132.74,11322.4,stable,falling,falling,stable
2026-07-21 12:52:57.297345+02:00,11396.06,489132.74,489132.74,11396.06,rising,falling,falling,rising
2026-07-21 12:52:58.297473+02:00,11396.06,489132.74,489132.74,11396.06,rising,stable,stable,rising
2026-07-21 12:52:59.297577+02:00,11396.06,489132.74,489132.74,11396.06,rising,stable,stable,rising
2026-07-21 12:53:00.297804+02:00,11396.06,489132.74,489132.74,11396.06,rising,stable,stable,rising
2026-07-21 12:53:01.297846+02:00,11396.06,489132.74,489132.74,11396.06,stable,stable,stable,stable
2026-07-21 12:53:02.297917+02:00,11396.06,489132.74,489132.74,11396.06,stable,stable,stable,stable
2026-07-21 12:53:03.298003+02:00,11396.06,489132.74,489132.74,11396.06,stable,stable,stable,stable
2026-07-21 12:53:04.298019+02:00,11396.06,489132.74,489132.74,11396.06,stable,stable,stable,stable
2026-07-21 12:53:05.298205+02:00,11396.06,489132.74,489132.74,11396.06,stable,stable,stable,stable
2026-07-21 12:53:06.298214+02:00,11396.06,489132.74,489132.74,11396.06,stable,stable,stable,stable
2026-07-21 12:53:07.298345+02:00,11396.06,489132.74,489132.74,11396.06,stable,stable,stable,stable
2026-07-21 12:53:08.298443+02:00,11396.06,484350.88,484350.88,11396.06,stable,falling,falling,stable
2026-07-21 12:53:09.298478+02:00,11396.06,484350.88,484350.88,11396.06,stable,falling,falling,stable
2026-07-21 12:53:10.298579+02:00,11396.06,484350.88,484350.88,11396.06,stable,falling,falling,stable
2026-07-21 12:53:11.298779+02:00,11396.06,484350.88,484350.88,11396.06,stable,falling,falling,stable
2026-07-21 12:53:12.298831+02:00,11396.06,484350.88,484350.88,11396.06,stable,stable,stable,stable
2026-07-21 12:53:13.298934+02:00,11396.06,484350.88,484350.88,11396.06,stable,stable,stable,stable
2026-07-21 12:53:14.298968+02:00,11396.06,484350.88,484350.88,11396.06,stable,stable,stable,stable
2026-07-21 12:53:15.299078+02:00,11396.06,484350.88,484350.88,11396.06,stable,stable,stable,stable
2026-07-21 12:53:16.299190+02:00,11396.06,484350.88,484350.88,11396.06,stable,stable,stable,stable
2026-07-21 12:53:17.299280+02:00,11469.88,484350.88,484350.88,11469.88,rising,stable,stable,rising
2026-07-21 12:53:18.299446+02:00,11396.06,484350.88,484350.88,11396.06,falling,stable,stable,falling
2026-07-21 12:53:19.299521+02:00,11396.06,484350.88,484350.88,11396.06,falling,stable,stable,falling
2026-07-21 12:53:20.299607+02:00,11396.06,484350.88,484350.88,11396.06,falling,stable,stable,falling
2026-07-21 12:53:21.299643+02:00,11396.06,484350.88,484350.88,11396.06,falling,stable,stable,falling
2026-07-21 12:53:22.299821+02:00,11396.06,484350.88,484350.88,11396.06,stable,stable,stable,stable
2026-07-21 12:53:23.300183+02:00,11396.06,484350.88,484350.88,11396.06,stable,stable,stable,stable
2026-07-21 12:53:24.299964+02:00,11396.06,484350.88,484350.88,11396.06,stable,stable,stable,stable
2026-07-21 12:53:25.300118+02:00,11469.88,484350.88,484350.88,11469.88,rising,stable,stable,rising
2026-07-21 12:53:26.300156+02:00,11469.88,484350.88,484350.88,11469.88,rising,stable,stable,rising
2026-07-21 12:53:27.300371+02:00,11469.88,484350.88,484350.88,11469.88,rising,stable,stable,rising
2026-07-21 12:53:28.300438+02:00,11469.88,484350.88,484350.88,11469.88,rising,stable,stable,rising
2026-07-21 12:53:29.300455+02:00,11469.88,484350.88,484350.88,11469.88,stable,stable,stable,stable
2026-07-21 12:53:30.300621+02:00,11469.88,489132.74,489132.74,11469.88,stable,rising,rising,stable
2026-07-21 12:53:31.300636+02:00,11469.88,484350.88,484350.88,11469.88,stable,falling,falling,stable
2026-07-21 12:53:32.300748+02:00,11469.88,489132.74,489132.74,11469.88,stable,rising,rising,stable
2026-07-21 12:53:33.300913+02:00,11469.88,489132.74,489132.74,11469.88,stable,rising,rising,stable
2026-07-21 12:53:34.301136+02:00,11543.86,489132.74,489132.74,11543.86,rising,rising,rising,rising
2026-07-21 12:53:35.301030+02:00,11543.86,489132.74,489132.74,11543.86,rising,rising,rising,rising
2026-07-21 12:53:36.301128+02:00,11543.86,489132.74,489132.74,11543.86,rising,stable,stable,rising
2026-07-21 12:53:37.301248+02:00,11543.86,484350.88,484350.88,11543.86,rising,falling,falling,rising
2026-07-21 12:53:38.301294+02:00,11543.86,484350.88,484350.88,11543.86,stable,falling,falling,stable
2026-07-21 12:53:39.301463+02:00,11543.86,484350.88,484350.88,11543.86,stable,falling,falling,stable
2026-07-21 12:53:40.301503+02:00,11543.86,484350.88,484350.88,11543.86,stable,falling,falling,stable
2026-07-21 12:53:41.301601+02:00,11543.86,484350.88,484350.88,11543.86,stable,stable,stable,stable
2026-07-21 12:53:42.301755+02:00,11543.86,489132.74,489132.74,11543.86,stable,rising,rising,stable
2026-07-21 12:53:43.301815+02:00,11543.86,484350.88,484350.88,11543.86,stable,falling,falling,stable
2026-07-21 12:53:44.302101+02:00,11618.0,489132.74,489132.74,11618.0,rising,rising,rising,rising
2026-07-21 12:53:45.301957+02:00,11618.0,489132.74,489132.74,11618.0,rising,rising,rising,rising
2026-07-21 12:53:46.302101+02:00,11618.0,489132.74,489132.74,11618.0,rising,rising,rising,rising
2026-07-21 12:53:47.302176+02:00,11618.0,489132.74,489132.74,11618.0,rising,rising,rising,rising
2026-07-21 12:53:48.302343+02:00,11618.0,489132.74,489132.74,11618.0,stable,stable,stable,stable
2026-07-21 12:53:49.302402+02:00,11618.0,489132.74,489132.74,11618.0,stable,stable,stable,stable
2026-07-21 12:53:50.302502+02:00,11618.0,489132.74,489132.74,11618.0,stable,stable,stable,stable
2026-07-21 12:53:51.302544+02:00,11618.0,489132.74,489132.74,11618.0,stable,stable,stable,stable
2026-07-21 12:53:52.302668+02:00,11618.0,484350.88,484350.88,11618.0,stable,falling,falling,stable
2026-07-21 12:53:53.302822+02:00,11618.0,489132.74,489132.74,11618.0,stable,rising,rising,stable
2026-07-21 12:53:54.302932+02:00,11618.0,484350.88,484350.88,11618.0,stable,falling,falling,stable
2026-07-21 12:53:55.303052+02:00,11692.31,489132.74,489132.74,11692.31,rising,rising,rising,rising
2026-07-21 12:53:56.303243+02:00,11692.31,489132.74,489132.74,11692.31,rising,rising,rising,rising
2026-07-21 12:53:57.303306+02:00,11692.31,484350.88,484350.88,11692.31,rising,falling,falling,rising
2026-07-21 12:53:58.303477+02:00,11692.31,484350.88,484350.88,11692.31,rising,falling,falling,rising
2026-07-21 12:53:59.303444+02:00,11692.31,484350.88,484350.88,11692.31,stable,falling,falling,stable
2026-07-21 12:54:00.303608+02:00,11692.31,489132.74,489132.74,11692.31,stable,rising,rising,stable
2026-07-21 12:54:01.303638+02:00,11692.31,484350.88,484350.88,11692.31,stable,falling,falling,stable
2026-07-21 12:54:02.303687+02:00,11692.31,489132.74,489132.74,11692.31,stable,rising,rising,stable
2026-07-21 12:54:03.303854+02:00,11692.31,484350.88,484350.88,11692.31,stable,falling,falling,stable
2026-07-21 12:54:04.304002+02:00,11692.31,484350.88,484350.88,11692.31,stable,falling,falling,stable
2026-07-21 12:54:05.304010+02:00,11692.31,484350.88,484350.88,11692.31,stable,falling,falling,stable
2026-07-21 12:54:06.304287+02:00,11692.31,484350.88,484350.88,11692.31,stable,falling,falling,stable
2026-07-21 12:54:07.304223+02:00,11692.31,489132.74,489132.74,11692.31,stable,rising,rising,stable
2026-07-21 12:54:08.304335+02:00,11692.31,489132.74,489132.74,11692.31,stable,rising,rising,stable
2026-07-21 12:54:09.304468+02:00,11692.31,489132.74,489132.74,11692.31,stable,rising,rising,stable
2026-07-21 12:54:10.304521+02:00,11766.78,489132.74,489132.74,11766.78,rising,rising,rising,rising
2026-07-21 12:54:11.304569+02:00,11766.78,489132.74,489132.74,11766.78,rising,stable,stable,rising
2026-07-21 12:54:12.304667+02:00,11766.78,489132.74,489132.74,11766.78,rising,stable,stable,rising
2026-07-21 12:54:13.304779+02:00,11766.78,489132.74,489132.74,11766.78,rising,stable,stable,rising
2026-07-21 12:54:14.304868+02:00,11766.78,489132.74,489132.74,11766.78,stable,stable,stable,stable
2026-07-21 12:54:15.304924+02:00,11766.78,489132.74,489132.74,11766.78,stable,stable,stable,stable
2026-07-21 12:54:16.305065+02:00,11766.78,489132.74,489132.74,11766.78,stable,stable,stable,stable
2026-07-21 12:54:17.305326+02:00,11766.78,489132.74,489132.74,11766.78,stable,stable,stable,stable
2026-07-21 12:54:18.304911+02:00,11766.78,484350.88,484350.88,11766.78,stable,falling,falling,stable
2026-07-21 12:54:19.305341+02:00,11841.41,489132.74,489132.74,11841.41,rising,rising,rising,rising
2026-07-21 12:54:20.305346+02:00,11841.41,489132.74,489132.74,11841.41,rising,rising,rising,rising
2026-07-21 12:54:21.305487+02:00,11841.41,489132.74,489132.74,11841.41,rising,rising,rising,rising
2026-07-21 12:54:22.305663+02:00,11841.41,484350.88,484350.88,11841.41,rising,falling,falling,rising
2026-07-21 12:54:23.305627+02:00,11841.41,484350.88,484350.88,11841.41,stable,falling,falling,stable
2026-07-21 12:54:24.305811+02:00,11841.41,484350.88,484350.88,11841.41,stable,falling,falling,stable
2026-07-21 12:54:25.305944+02:00,11841.41,489132.74,489132.74,11841.41,stable,rising,rising,stable
2026-07-21 12:54:26.305983+02:00,11841.41,484350.88,484350.88,11841.41,stable,falling,falling,stable
2026-07-21 12:54:27.306028+02:00,11841.41,484350.88,484350.88,11841.41,stable,falling,falling,stable
2026-07-21 12:54:28.306185+02:00,11841.41,484350.88,484350.88,11841.41,stable,falling,falling,stable
2026-07-21 12:54:29.306463+02:00,11841.41,489132.74,489132.74,11841.41,stable,rising,rising,stable
2026-07-21 12:54:30.306340+02:00,11841.41,489132.74,489132.74,11841.41,stable,rising,rising,stable
2026-07-21 12:54:31.306419+02:00,11841.41,484350.88,484350.88,11841.41,stable,falling,falling,stable
2026-07-21 12:54:32.306958+02:00,11841.41,484350.88,484350.88,11841.41,stable,falling,falling,stable
2026-07-21 12:54:33.306640+02:00,11841.41,484350.88,484350.88,11841.41,stable,falling,falling,stable
2026-07-21 12:54:34.306859+02:00,11841.41,489132.74,489132.74,11841.41,stable,rising,rising,stable
2026-07-21 12:54:35.306798+02:00,11841.41,489132.74,489132.74,11841.41,stable,rising,rising,stable
2026-07-21 12:54:36.306886+02:00,11841.41,489132.74,489132.74,11841.41,stable,rising,rising,stable
2026-07-21 12:54:37.307000+02:00,11841.41,484350.88,484350.88,11841.41,stable,falling,falling,stable
2026-07-21 12:54:38.307229+02:00,11841.41,484350.88,484350.88,11841.41,stable,falling,falling,stable
2026-07-21 12:54:39.307310+02:00,11916.21,484350.88,484350.88,11916.21,rising,falling,falling,rising
2026-07-21 12:54:40.307462+02:00,11916.21,484350.88,484350.88,11916.21,rising,falling,falling,rising
2026-07-21 12:54:41.307288+02:00,11916.21,484350.88,484350.88,11916.21,rising,stable,stable,rising
2026-07-21 12:54:42.307396+02:00,11841.41,484350.88,484350.88,11841.41,falling,stable,stable,falling
2026-07-21 12:54:43.307582+02:00,11841.41,484350.88,484350.88,11841.41,falling,stable,stable,falling
2026-07-21 12:54:44.307584+02:00,11916.21,484350.88,484350.88,11916.21,rising,stable,stable,rising
2026-07-21 12:54:45.307651+02:00,11916.21,484350.88,484350.88,11916.21,rising,stable,stable,rising
2026-07-21 12:54:46.307734+02:00,11916.21,484350.88,484350.88,11916.21,rising,stable,stable,rising
2026-07-21 12:54:47.307866+02:00,11916.21,484350.88,484350.88,11916.21,rising,stable,stable,rising
2026-07-21 12:54:48.308072+02:00,11916.21,484350.88,484350.88,11916.21,stable,stable,stable,stable
2026-07-21 12:54:49.308098+02:00,11916.21,484350.88,484350.88,11916.21,stable,stable,stable,stable
2026-07-21 12:54:50.308352+02:00,11916.21,484350.88,484350.88,11916.21,stable,stable,stable,stable
2026-07-21 12:54:51.308400+02:00,11916.21,484350.88,484350.88,11916.21,stable,stable,stable,stable
2026-07-21 12:54:52.308266+02:00,11916.21,484350.88,484350.88,11916.21,stable,stable,stable,stable
2026-07-21 12:54:53.308553+02:00,11916.21,484350.88,484350.88,11916.21,stable,stable,stable,stable
2026-07-21 12:54:54.308618+02:00,11916.21,484350.88,484350.88,11916.21,stable,stable,stable,stable
2026-07-21 12:54:55.308630+02:00,11916.21,484350.88,484350.88,11916.21,stable,stable,stable,stable
2026-07-21 12:54:56.308723+02:00,11916.21,484350.88,484350.88,11916.21,stable,stable,stable,stable
2026-07-21 12:54:57.308936+02:00,11916.21,484350.88,484350.88,11916.21,stable,stable,stable,stable
2026-07-21 12:54:58.308937+02:00,11991.17,484350.88,484350.88,11991.17,rising,stable,stable,rising
2026-07-21 12:54:59.309027+02:00,11991.17,484350.88,484350.88,11991.17,rising,stable,stable,rising
2026-07-21 12:55:00.309099+02:00,11991.17,484350.88,484350.88,11991.17,rising,stable,stable,rising
2026-07-21 12:55:01.309198+02:00,11991.17,484350.88,484350.88,11991.17,rising,stable,stable,rising
2026-07-21 12:55:02.309577+02:00,11991.17,484350.88,484350.88,11991.17,stable,stable,stable,stable
2026-07-21 12:55:03.309536+02:00,11991.17,484350.88,484350.88,11991.17,stable,stable,stable,stable
2026-07-21 12:55:04.309617+02:00,11991.17,484350.88,484350.88,11991.17,stable,stable,stable,stable
2026-07-21 12:55:05.309604+02:00,11991.17,484350.88,484350.88,11991.17,stable,stable,stable,stable
2026-07-21 12:55:06.309989+02:00,11991.17,484350.88,484350.88,11991.17,stable,stable,stable,stable
2026-07-21 12:55:07.324505+02:00,12066.3,484350.88,484350.88,12066.3,rising,stable,stable,rising
2026-07-21 12:55:08.313593+02:00,12066.3,484350.88,484350.88,12066.3,rising,stable,stable,rising
2026-07-21 12:55:09.313285+02:00,12066.3,484350.88,484350.88,12066.3,rising,stable,stable,rising
2026-07-21 12:55:10.313701+02:00,12066.3,484350.88,484350.88,12066.3,rising,stable,stable,rising
2026-07-21 12:55:11.314415+02:00,12066.3,484350.88,484350.88,12066.3,stable,stable,stable,stable
2026-07-21 12:55:12.314382+02:00,12066.3,479652.17,479652.17,12066.3,stable,falling,falling,stable
2026-07-21 12:55:13.313734+02:00,12066.3,479652.17,479652.17,12066.3,stable,falling,falling,stable
2026-07-21 12:55:14.314014+02:00,12066.3,479652.17,479652.17,12066.3,stable,falling,falling,stable
2026-07-21 12:55:15.313950+02:00,12066.3,479652.17,479652.17,12066.3,stable,falling,falling,stable
2026-07-21 12:55:16.314752+02:00,12066.3,479652.17,479652.17,12066.3,stable,stable,stable,stable
2026-07-21 12:55:17.315630+02:00,12066.3,479652.17,479652.17,12066.3,stable,stable,stable,stable
2026-07-21 12:55:18.315457+02:00,11991.17,479652.17,479652.17,11991.17,falling,stable,stable,falling
2026-07-21 12:55:19.314373+02:00,11991.17,479652.17,479652.17,11991.17,falling,stable,stable,falling
2026-07-21 12:55:20.314505+02:00,12066.3,479652.17,479652.17,12066.3,rising,stable,stable,rising
2026-07-21 12:55:21.314510+02:00,11991.17,479652.17,479652.17,11991.17,falling,stable,stable,falling
2026-07-21 12:55:22.314641+02:00,11991.17,479652.17,479652.17,11991.17,falling,stable,stable,falling
2026-07-21 12:55:23.315404+02:00,11991.17,479652.17,479652.17,11991.17,falling,stable,stable,falling
2026-07-21 12:55:24.315158+02:00,12066.3,479652.17,479652.17,12066.3,rising,stable,stable,rising
2026-07-21 12:55:25.315115+02:00,11991.17,479652.17,479652.17,11991.17,falling,stable,stable,falling
2026-07-21 12:55:26.315173+02:00,12066.3,479652.17,479652.17,12066.3,rising,stable,stable,rising
2026-07-21 12:55:27.315174+02:00,12066.3,479652.17,479652.17,12066.3,rising,stable,stable,rising
2026-07-21 12:55:28.315177+02:00,12066.3,479652.17,479652.17,12066.3,rising,stable,stable,rising
2026-07-21 12:55:29.315848+02:00,12066.3,479652.17,479652.17,12066.3,rising,stable,stable,rising
2026-07-21 12:55:30.315873+02:00,12066.3,479652.17,479652.17,12066.3,stable,stable,stable,stable
2026-07-21 12:55:31.316966+02:00,12066.3,479652.17,479652.17,12066.3,stable,stable,stable,stable
2026-07-21 12:55:32.321782+02:00,12066.3,479652.17,479652.17,12066.3,stable,stable,stable,stable
2026-07-21 12:55:33.315968+02:00,12066.3,479652.17,479652.17,12066.3,stable,stable,stable,stable
2026-07-21 12:55:34.316770+02:00,12141.59,484350.88,484350.88,12141.59,rising,rising,rising,rising
2026-07-21 12:55:35.316861+02:00,12141.59,484350.88,484350.88,12141.59,rising,rising,rising,rising
2026-07-21 12:55:36.316405+02:00,12141.59,484350.88,484350.88,12141.59,rising,rising,rising,rising
2026-07-21 12:55:37.317097+02:00,12141.59,484350.88,484350.88,12141.59,rising,rising,rising,rising
2026-07-21 12:55:38.316389+02:00,12141.59,484350.88,484350.88,12141.59,stable,stable,stable,stable
2026-07-21 12:55:39.316306+02:00,12217.05,484350.88,484350.88,12217.05,rising,stable,stable,rising
2026-07-21 12:55:40.316383+02:00,12217.05,484350.88,484350.88,12217.05,rising,stable,stable,rising
2026-07-21 12:55:41.316853+02:00,12217.05,484350.88,484350.88,12217.05,rising,stable,stable,rising
2026-07-21 12:55:42.316634+02:00,12217.05,484350.88,484350.88,12217.05,rising,stable,stable,rising
2026-07-21 12:55:43.317325+02:00,12217.05,479652.17,479652.17,12217.05,stable,falling,falling,stable
2026-07-21 12:55:44.317320+02:00,12217.05,479652.17,479652.17,12217.05,stable,falling,falling,stable
2026-07-21 12:55:45.317523+02:00,12217.05,479652.17,479652.17,12217.05,stable,falling,falling,stable
2026-07-21 12:55:46.317574+02:00,12217.05,479652.17,479652.17,12217.05,stable,falling,falling,stable
2026-07-21 12:55:47.318619+02:00,12141.59,475034.48,475034.48,12141.59,falling,falling,falling,falling
2026-07-21 12:55:48.317921+02:00,12141.59,475034.48,475034.48,12141.59,falling,falling,falling,falling
2026-07-21 12:55:49.318229+02:00,12141.59,479652.17,479652.17,12141.59,falling,rising,rising,falling
2026-07-21 12:55:50.317885+02:00,12141.59,479652.17,479652.17,12141.59,falling,rising,rising,falling
2026-07-21 12:55:51.318028+02:00,12141.59,479652.17,479652.17,12141.59,stable,rising,rising,stable
2026-07-21 12:55:52.318135+02:00,12141.59,479652.17,479652.17,12141.59,stable,rising,rising,stable
2026-07-21 12:55:53.318299+02:00,12217.05,484350.88,484350.88,12217.05,rising,rising,rising,rising
2026-07-21 12:55:54.318312+02:00,12217.05,479652.17,479652.17,12217.05,rising,falling,falling,rising
2026-07-21 12:55:55.318403+02:00,12217.05,484350.88,484350.88,12217.05,rising,rising,rising,rising
2026-07-21 12:55:56.318745+02:00,12217.05,484350.88,484350.88,12217.05,rising,rising,rising,rising
2026-07-21 12:55:57.319225+02:00,12217.05,484350.88,484350.88,12217.05,stable,rising,rising,stable
2026-07-21 12:55:58.319504+02:00,12217.05,479652.17,479652.17,12217.05,stable,falling,falling,stable
2026-07-21 12:55:59.319680+02:00,12217.05,484350.88,484350.88,12217.05,stable,rising,rising,stable
2026-07-21 12:56:00.319166+02:00,12217.05,484350.88,484350.88,12217.05,stable,rising,rising,stable
2026-07-21 12:57:15.660224+02:00,12520.58,479652.17,479652.17,12520.58,rising,falling,falling,rising
2026-07-21 12:57:16.500278+02:00,12520.58,475034.48,475034.48,12520.58,rising,falling,falling,rising
2026-07-21 12:57:17.500624+02:00,12520.58,475034.48,475034.48,12520.58,rising,falling,falling,rising
2026-07-21 12:57:18.500760+02:00,12520.58,475034.48,475034.48,12520.58,rising,falling,falling,rising
2026-07-21 12:57:19.500868+02:00,12520.58,479652.17,479652.17,12520.58,stable,rising,rising,stable
2026-07-21 12:57:20.500870+02:00,12596.88,475034.48,475034.48,12596.88,rising,falling,falling,rising
2026-07-21 12:57:21.500951+02:00,12596.88,475034.48,475034.48,12596.88,rising,falling,falling,rising
2026-07-21 12:57:22.501295+02:00,12520.58,475034.48,475034.48,12520.58,falling,falling,falling,falling
2026-07-21 12:57:23.501184+02:00,12520.58,475034.48,475034.48,12520.58,falling,falling,falling,falling
2026-07-21 12:57:24.501266+02:00,12520.58,475034.48,475034.48,12520.58,falling,stable,stable,falling
2026-07-21 12:57:25.501548+02:00,12520.58,475034.48,475034.48,12520.58,falling,stable,stable,falling
2026-07-21 12:57:26.501591+02:00,12520.58,475034.48,475034.48,12520.58,stable,stable,stable,stable
2026-07-21 12:57:27.501712+02:00,12520.58,475034.48,475034.48,12520.58,stable,stable,stable,stable
2026-07-21 12:57:28.501724+02:00,12596.88,475034.48,475034.48,12596.88,rising,stable,stable,rising
2026-07-21 12:57:29.501756+02:00,12596.88,475034.48,475034.48,12596.88,rising,stable,stable,rising
2026-07-21 12:57:30.501842+02:00,12596.88,475034.48,475034.48,12596.88,rising,stable,stable,rising
2026-07-21 12:57:31.502138+02:00,12596.88,475034.48,475034.48,12596.88,rising,stable,stable,rising
2026-07-21 12:57:32.502042+02:00,12596.88,475034.48,475034.48,12596.88,stable,stable,stable,stable
2026-07-21 12:57:33.502178+02:00,12596.88,475034.48,475034.48,12596.88,stable,stable,stable,stable
2026-07-21 12:57:34.502351+02:00,12596.88,475034.48,475034.48,12596.88,stable,stable,stable,stable
2026-07-21 12:57:35.502448+02:00,12596.88,475034.48,475034.48,12596.88,stable,stable,stable,stable
2026-07-21 12:57:36.502485+02:00,12596.88,475034.48,475034.48,12596.88,stable,stable,stable,stable
2026-07-21 12:57:37.502543+02:00,12596.88,475034.48,475034.48,12596.88,stable,stable,stable,stable
2026-07-21 12:57:38.502876+02:00,12596.88,475034.48,475034.48,12596.88,stable,stable,stable,stable
2026-07-21 12:57:39.502842+02:00,12596.88,475034.48,475034.48,12596.88,stable,stable,stable,stable
2026-07-21 12:57:40.503012+02:00,12596.88,475034.48,475034.48,12596.88,stable,stable,stable,stable
2026-07-21 12:57:41.502880+02:00,12596.88,475034.48,475034.48,12596.88,stable,stable,stable,stable
2026-07-21 12:57:42.502970+02:00,12596.88,475034.48,475034.48,12596.88,stable,stable,stable,stable
2026-07-21 12:57:43.503291+02:00,12673.36,475034.48,475034.48,12673.36,rising,stable,stable,rising
2026-07-21 12:57:44.503288+02:00,12673.36,475034.48,475034.48,12673.36,rising,stable,stable,rising
2026-07-21 12:57:45.503332+02:00,12673.36,475034.48,475034.48,12673.36,rising,stable,stable,rising
2026-07-21 12:57:46.503370+02:00,12673.36,475034.48,475034.48,12673.36,rising,stable,stable,rising
2026-07-21 12:57:47.503521+02:00,12673.36,475034.48,475034.48,12673.36,stable,stable,stable,stable
2026-07-21 12:57:48.503550+02:00,12673.36,475034.48,475034.48,12673.36,stable,stable,stable,stable
2026-07-21 12:57:49.503933+02:00,12673.36,475034.48,475034.48,12673.36,stable,stable,stable,stable
2026-07-21 12:57:50.503801+02:00,12673.36,475034.48,475034.48,12673.36,stable,stable,stable,stable
2026-07-21 12:57:51.503896+02:00,12673.36,475034.48,475034.48,12673.36,stable,stable,stable,stable
2026-07-21 12:57:52.504080+02:00,12673.36,475034.48,475034.48,12673.36,stable,stable,stable,stable
2026-07-21 12:57:53.504102+02:00,12673.36,475034.48,475034.48,12673.36,stable,stable,stable,stable
2026-07-21 12:57:54.504267+02:00,12673.36,475034.48,475034.48,12673.36,stable,stable,stable,stable
2026-07-21 12:57:55.504271+02:00,12673.36,479652.17,479652.17,12673.36,stable,rising,rising,stable
2026-07-21 12:57:56.504358+02:00,12750.0,479652.17,479652.17,12750.0,rising,rising,rising,rising
2026-07-21 12:57:57.504497+02:00,12750.0,479652.17,479652.17,12750.0,rising,rising,rising,rising
2026-07-21 12:57:58.504668+02:00,12750.0,479652.17,479652.17,12750.0,rising,rising,rising,rising
2026-07-21 12:57:59.504731+02:00,12750.0,479652.17,479652.17,12750.0,rising,stable,stable,rising
2026-07-21 12:58:00.504889+02:00,12750.0,479652.17,479652.17,12750.0,stable,stable,stable,stable
2026-07-21 12:58:01.504816+02:00,12750.0,479652.17,479652.17,12750.0,stable,stable,stable,stable
2026-07-21 12:58:02.505006+02:00,12750.0,475034.48,475034.48,12750.0,stable,falling,falling,stable
2026-07-21 12:58:03.504991+02:00,12750.0,475034.48,475034.48,12750.0,stable,falling,falling,stable
2026-07-21 12:58:04.505121+02:00,12750.0,475034.48,475034.48,12750.0,stable,falling,falling,stable
2026-07-21 12:58:05.505228+02:00,12750.0,475034.48,475034.48,12750.0,stable,falling,falling,stable
2026-07-21 12:58:06.505294+02:00,12750.0,475034.48,475034.48,12750.0,stable,stable,stable,stable
2026-07-21 12:58:07.505479+02:00,12826.82,475034.48,475034.48,12826.82,rising,stable,stable,rising
2026-07-21 12:58:08.505557+02:00,12750.0,475034.48,475034.48,12750.0,falling,stable,stable,falling
2026-07-21 12:58:09.505628+02:00,12750.0,475034.48,475034.48,12750.0,falling,stable,stable,falling
2026-07-21 12:58:10.505712+02:00,12750.0,475034.48,475034.48,12750.0,falling,stable,stable,falling
2026-07-21 12:58:11.506057+02:00,12750.0,475034.48,475034.48,12750.0,falling,stable,stable,falling
2026-07-21 12:58:12.505849+02:00,12750.0,475034.48,475034.48,12750.0,stable,stable,stable,stable
2026-07-21 12:58:13.505948+02:00,12750.0,475034.48,475034.48,12750.0,stable,stable,stable,stable
2026-07-21 12:58:14.506123+02:00,12750.0,475034.48,475034.48,12750.0,stable,stable,stable,stable
2026-07-21 12:58:15.506280+02:00,12750.0,475034.48,475034.48,12750.0,stable,stable,stable,stable
2026-07-21 12:58:16.506270+02:00,12750.0,475034.48,475034.48,12750.0,stable,stable,stable,stable
2026-07-21 12:58:17.506308+02:00,12750.0,475034.48,475034.48,12750.0,stable,stable,stable,stable
2026-07-21 12:58:18.506423+02:00,12750.0,475034.48,475034.48,12750.0,stable,stable,stable,stable
2026-07-21 12:58:19.506578+02:00,12750.0,475034.48,475034.48,12750.0,stable,stable,stable,stable
2026-07-21 12:58:20.506622+02:00,12750.0,475034.48,475034.48,12750.0,stable,stable,stable,stable
2026-07-21 12:58:21.506741+02:00,12750.0,475034.48,475034.48,12750.0,stable,stable,stable,stable
2026-07-21 12:58:22.506979+02:00,12826.82,475034.48,475034.48,12826.82,rising,stable,stable,rising
2026-07-21 12:58:23.506936+02:00,12826.82,475034.48,475034.48,12826.82,rising,stable,stable,rising
2026-07-21 12:58:24.507059+02:00,12826.82,475034.48,475034.48,12826.82,rising,stable,stable,rising
2026-07-21 12:58:25.507130+02:00,12826.82,475034.48,475034.48,12826.82,rising,stable,stable,rising
2026-07-21 12:58:26.507199+02:00,12826.82,475034.48,475034.48,12826.82,stable,stable,stable,stable
2026-07-21 12:58:27.507367+02:00,12826.82,475034.48,475034.48,12826.82,stable,stable,stable,stable
2026-07-21 12:58:28.507513+02:00,12826.82,475034.48,475034.48,12826.82,stable,stable,stable,stable
2026-07-21 12:58:29.507487+02:00,12826.82,475034.48,475034.48,12826.82,stable,stable,stable,stable
2026-07-21 12:58:30.507702+02:00,12826.82,475034.48,475034.48,12826.82,stable,stable,stable,stable
2026-07-21 12:58:31.507763+02:00,12826.82,475034.48,475034.48,12826.82,stable,stable,stable,stable
2026-07-21 12:58:32.508087+02:00,12826.82,475034.48,475034.48,12826.82,stable,stable,stable,stable
2026-07-21 12:58:33.508106+02:00,12826.82,479652.17,479652.17,12826.82,stable,rising,rising,stable
2026-07-21 12:58:34.508117+02:00,12903.8,479652.17,479652.17,12903.8,rising,rising,rising,rising
2026-07-21 12:58:35.508226+02:00,12903.8,479652.17,479652.17,12903.8,rising,rising,rising,rising
2026-07-21 12:58:36.508347+02:00,12903.8,479652.17,479652.17,12903.8,rising,rising,rising,rising
2026-07-21 12:58:37.508465+02:00,12903.8,479652.17,479652.17,12903.8,rising,stable,stable,rising
2026-07-21 12:58:38.508452+02:00,12903.8,479652.17,479652.17,12903.8,stable,stable,stable,stable
2026-07-21 12:58:39.508536+02:00,12903.8,475034.48,475034.48,12903.8,stable,falling,falling,stable
2026-07-21 12:58:40.508619+02:00,12903.8,475034.48,475034.48,12903.8,stable,falling,falling,stable
2026-07-21 12:58:41.508857+02:00,12903.8,475034.48,475034.48,12903.8,stable,falling,falling,stable
2026-07-21 12:58:42.508843+02:00,12903.8,475034.48,475034.48,12903.8,stable,falling,falling,stable
2026-07-21 12:58:43.509015+02:00,12903.8,475034.48,475034.48,12903.8,stable,stable,stable,stable
2026-07-21 12:58:44.509407+02:00,12903.8,475034.48,475034.48,12903.8,stable,stable,stable,stable
2026-07-21 12:58:45.509153+02:00,12903.8,475034.48,475034.48,12903.8,stable,stable,stable,stable
2026-07-21 12:58:46.509313+02:00,12903.8,470495.73,470495.73,12903.8,stable,falling,falling,stable
2026-07-21 12:58:47.509415+02:00,12903.8,470495.73,470495.73,12903.8,stable,falling,falling,stable
2026-07-21 12:58:48.509624+02:00,12903.8,470495.73,470495.73,12903.8,stable,falling,falling,stable
2026-07-21 12:58:49.509659+02:00,12903.8,470495.73,470495.73,12903.8,stable,falling,falling,stable
2026-07-21 12:58:50.509715+02:00,12903.8,470495.73,470495.73,12903.8,stable,stable,stable,stable
2026-07-21 12:58:51.509811+02:00,12903.8,470495.73,470495.73,12903.8,stable,stable,stable,stable
2026-07-21 12:58:52.510079+02:00,12903.8,475034.48,475034.48,12903.8,stable,rising,rising,stable
2026-07-21 12:58:53.510097+02:00,12903.8,475034.48,475034.48,12903.8,stable,rising,rising,stable
2026-07-21 12:58:54.510177+02:00,12903.8,475034.48,475034.48,12903.8,stable,rising,rising,stable
2026-07-21 12:58:55.510580+02:00,12980.96,475034.48,475034.48,12980.96,rising,rising,rising,rising
2026-07-21 12:58:56.510436+02:00,12980.96,475034.48,475034.48,12980.96,rising,stable,stable,rising
2026-07-21 12:58:57.510467+02:00,12980.96,475034.48,475034.48,12980.96,rising,stable,stable,rising
2026-07-21 12:58:58.510621+02:00,12980.96,475034.48,475034.48,12980.96,rising,stable,stable,rising
2026-07-21 12:58:59.510281+02:00,12980.96,475034.48,475034.48,12980.96,stable,stable,stable,stable
2026-07-21 12:59:00.510291+02:00,12980.96,475034.48,475034.48,12980.96,stable,stable,stable,stable
2026-07-21 12:59:01.510316+02:00,12980.96,475034.48,475034.48,12980.96,stable,stable,stable,stable
2026-07-21 12:59:02.510408+02:00,12980.96,475034.48,475034.48,12980.96,stable,stable,stable,stable
2026-07-21 12:59:03.510481+02:00,12980.96,475034.48,475034.48,12980.96,stable,stable,stable,stable
2026-07-21 12:59:04.511201+02:00,13058.3,475034.48,475034.48,13058.3,rising,stable,stable,rising
2026-07-21 12:59:05.511201+02:00,13058.3,475034.48,475034.48,13058.3,rising,stable,stable,rising
2026-07-21 12:59:06.511510+02:00,13058.3,475034.48,475034.48,13058.3,rising,stable,stable,rising
2026-07-21 12:59:07.511432+02:00,13058.3,470495.73,470495.73,13058.3,rising,falling,falling,rising
2026-07-21 12:59:08.511497+02:00,13058.3,475034.48,475034.48,13058.3,stable,rising,rising,stable
2026-07-21 12:59:09.511619+02:00,12980.96,475034.48,475034.48,12980.96,falling,rising,rising,falling
2026-07-21 12:59:10.511786+02:00,13058.3,475034.48,475034.48,13058.3,rising,rising,rising,rising
2026-07-21 12:59:11.511837+02:00,12980.96,475034.48,475034.48,12980.96,falling,rising,rising,falling
2026-07-21 12:59:12.511952+02:00,12980.96,475034.48,475034.48,12980.96,falling,stable,stable,falling
2026-07-21 12:59:13.512099+02:00,12980.96,475034.48,475034.48,12980.96,falling,stable,stable,falling
2026-07-21 12:59:14.512208+02:00,13058.3,475034.48,475034.48,13058.3,rising,stable,stable,rising
2026-07-21 12:59:15.512332+02:00,13058.3,475034.48,475034.48,13058.3,rising,stable,stable,rising
2026-07-21 12:59:16.512435+02:00,13058.3,475034.48,475034.48,13058.3,rising,stable,stable,rising
2026-07-21 12:59:17.512618+02:00,13058.3,475034.48,475034.48,13058.3,rising,stable,stable,rising
2026-07-21 12:59:18.512777+02:00,13058.3,475034.48,475034.48,13058.3,stable,stable,stable,stable
2026-07-21 12:59:19.512727+02:00,13058.3,475034.48,475034.48,13058.3,stable,stable,stable,stable
2026-07-21 12:59:20.512788+02:00,13058.3,475034.48,475034.48,13058.3,stable,stable,stable,stable
2026-07-21 12:59:21.513036+02:00,13058.3,475034.48,475034.48,13058.3,stable,stable,stable,stable
2026-07-21 12:59:22.513043+02:00,13058.3,475034.48,475034.48,13058.3,stable,stable,stable,stable
2026-07-21 12:59:23.513202+02:00,13058.3,475034.48,475034.48,13058.3,stable,stable,stable,stable
2026-07-21 12:59:24.513244+02:00,13058.3,475034.48,475034.48,13058.3,stable,stable,stable,stable
2026-07-21 12:59:25.513410+02:00,13058.3,475034.48,475034.48,13058.3,stable,stable,stable,stable
2026-07-21 12:59:26.513343+02:00,13135.8,475034.48,475034.48,13135.8,rising,stable,stable,rising
2026-07-21 12:59:27.513506+02:00,13135.8,475034.48,475034.48,13135.8,rising,stable,stable,rising
2026-07-21 12:59:28.513591+02:00,13135.8,475034.48,475034.48,13135.8,rising,stable,stable,rising
2026-07-21 12:59:29.513706+02:00,13135.8,475034.48,475034.48,13135.8,rising,stable,stable,rising
2026-07-21 12:59:30.514099+02:00,13135.8,475034.48,475034.48,13135.8,stable,stable,stable,stable
2026-07-21 12:59:31.513947+02:00,13135.8,475034.48,475034.48,13135.8,stable,stable,stable,stable
2026-07-21 12:59:32.514011+02:00,13135.8,475034.48,475034.48,13135.8,stable,stable,stable,stable
2026-07-21 12:59:33.514098+02:00,13135.8,475034.48,475034.48,13135.8,stable,stable,stable,stable
2026-07-21 12:59:34.514176+02:00,13135.8,475034.48,475034.48,13135.8,stable,stable,stable,stable
2026-07-21 12:59:35.514292+02:00,13135.8,475034.48,475034.48,13135.8,stable,stable,stable,stable
2026-07-21 12:59:36.514464+02:00,13135.8,475034.48,475034.48,13135.8,stable,stable,stable,stable
2026-07-21 12:59:37.513985+02:00,13213.48,479652.17,479652.17,13213.48,rising,rising,rising,rising
2026-07-21 12:59:38.514097+02:00,13213.48,475034.48,475034.48,13213.48,rising,falling,falling,rising
2026-07-21 12:59:39.514191+02:00,13213.48,475034.48,475034.48,13213.48,rising,falling,falling,rising
2026-07-21 12:59:40.514291+02:00,13213.48,475034.48,475034.48,13213.48,rising,falling,falling,rising
2026-07-21 12:59:41.515651+02:00,13213.48,475034.48,475034.48,13213.48,stable,falling,falling,stable
2026-07-21 12:59:42.515220+02:00,13213.48,475034.48,475034.48,13213.48,stable,stable,stable,stable
2026-07-21 12:59:43.515168+02:00,13213.48,475034.48,475034.48,13213.48,stable,stable,stable,stable
2026-07-21 12:59:44.515340+02:00,13213.48,475034.48,475034.48,13213.48,stable,stable,stable,stable
2026-07-21 12:59:45.515417+02:00,13213.48,475034.48,475034.48,13213.48,stable,stable,stable,stable
2026-07-21 12:59:46.515425+02:00,13213.48,475034.48,475034.48,13213.48,stable,stable,stable,stable
2026-07-21 12:59:47.515612+02:00,13213.48,475034.48,475034.48,13213.48,stable,stable,stable,stable
2026-07-21 12:59:48.515636+02:00,13213.48,475034.48,475034.48,13213.48,stable,stable,stable,stable
2026-07-21 12:59:49.515696+02:00,13213.48,475034.48,475034.48,13213.48,stable,stable,stable,stable
2026-07-21 12:59:50.515967+02:00,13213.48,475034.48,475034.48,13213.48,stable,stable,stable,stable
2026-07-21 12:59:51.516014+02:00,13213.48,475034.48,475034.48,13213.48,stable,stable,stable,stable
2026-07-21 12:59:52.516159+02:00,13213.48,475034.48,475034.48,13213.48,stable,stable,stable,stable
2026-07-21 12:59:53.516352+02:00,13291.34,475034.48,475034.48,13291.34,rising,stable,stable,rising
2026-07-21 12:59:54.516174+02:00,13291.34,475034.48,475034.48,13291.34,rising,stable,stable,rising
2026-07-21 12:59:55.516360+02:00,13291.34,475034.48,475034.48,13291.34,rising,stable,stable,rising
2026-07-21 12:59:56.516520+02:00,13291.34,475034.48,475034.48,13291.34,rising,stable,stable,rising
2026-07-21 12:59:57.516506+02:00,13291.34,475034.48,475034.48,13291.34,stable,stable,stable,stable
2026-07-21 12:59:58.516578+02:00,13291.34,475034.48,475034.48,13291.34,stable,stable,stable,stable
2026-07-21 12:59:59.518812+02:00,13291.34,475034.48,475034.48,13291.34,stable,stable,stable,stable
2026-07-21 13:00:00.516281+02:00,13291.34,475034.48,475034.48,13291.34,stable,stable,stable,stable
2026-07-21 13:00:01.516491+02:00,13291.34,479652.17,479652.17,13291.34,stable,rising,rising,stable
2026-07-21 13:00:02.516478+02:00,13369.37,479652.17,479652.17,13369.37,rising,rising,rising,rising
2026-07-21 13:00:03.516899+02:00,13369.37,479652.17,479652.17,13369.37,rising,rising,rising,rising
2026-07-21 13:00:04.517433+02:00,13369.37,475034.48,475034.48,13369.37,rising,falling,falling,rising
2026-07-21 13:00:05.518974+02:00,13369.37,475034.48,475034.48,13369.37,rising,falling,falling,rising
2026-07-21 13:36:27.704893+02:00,19955.61,479652.17,479652.17,19955.61,rising,rising,rising,rising
2026-07-21 13:36:47.626644+02:00,20049.38,489132.74,489132.74,20049.38,rising,rising,rising,rising
2026-07-21 13:37:07.635486+02:00,20049.38,479652.17,479652.17,20049.38,rising,falling,falling,rising
2026-07-21 13:37:27.733129+02:00,20049.38,484350.88,484350.88,20049.38,rising,rising,rising,rising
2026-07-21 13:37:47.744600+02:00,20049.38,479652.17,479652.17,20049.38,rising,falling,falling,rising
2026-07-21 13:38:07.750328+02:00,20332.09,484350.88,484350.88,20332.09,rising,rising,rising,rising
2026-07-21 13:38:27.759179+02:00,20426.8,484350.88,484350.88,20426.8,rising,rising,rising,rising
2026-07-21 13:38:47.842029+02:00,20332.09,479652.17,479652.17,20332.09,rising,falling,falling,rising
2026-07-21 13:39:07.847247+02:00,20237.62,479652.17,479652.17,20237.62,falling,falling,falling,falling
2026-07-21 13:39:27.945793+02:00,20143.39,475034.48,475034.48,20143.39,falling,falling,falling,falling
2026-07-21 13:39:48.043263+02:00,20049.38,470495.73,470495.73,20049.38,falling,falling,falling,falling
2026-07-21 13:40:08.136261+02:00,19862.07,466033.9,466033.9,19862.07,falling,falling,falling,falling
2026-07-21 13:40:28.146723+02:00,19768.76,466033.9,466033.9,19768.76,falling,falling,falling,falling
2026-07-21 13:40:48.164386+02:00,19675.68,457333.33,457333.33,19675.68,falling,falling,falling,falling
2026-07-21 13:41:08.263101+02:00,19862.07,475034.48,475034.48,19862.07,rising,rising,rising,rising
2026-07-21 13:41:28.271086+02:00,20616.92,484350.88,484350.88,20616.92,rising,rising,rising,rising
2026-07-21 13:41:48.291684+02:00,21096.37,494000.0,494000.0,21096.37,rising,rising,rising,rising
2026-07-21 13:42:08.306767+02:00,21484.28,498954.95,498954.95,21484.28,rising,rising,rising,rising
2026-07-21 13:42:28.312927+02:00,21777.78,498954.95,498954.95,21777.78,rising,rising,rising,rising
2026-07-21 13:42:48.331710+02:00,21974.68,489132.74,489132.74,21974.68,rising,falling,falling,rising
2026-07-21 13:43:08.427301+02:00,21581.86,494000.0,494000.0,21581.86,stable,falling,falling,stable
2026-07-21 13:43:28.442425+02:00,21679.7,489132.74,489132.74,21679.7,falling,falling,falling,falling
2026-07-21 13:43:48.529698+02:00,21000.0,494000.0,494000.0,21000.0,falling,rising,rising,falling
2026-07-21 13:44:08.533915+02:00,21484.28,494000.0,494000.0,21484.28,falling,rising,rising,falling
2026-07-21 13:44:28.609679+02:00,21876.11,498954.95,498954.95,21876.11,rising,rising,rising,rising
2026-07-21 13:44:48.640613+02:00,22271.92,498954.95,498954.95,22271.92,rising,rising,rising,rising
2026-07-21 13:45:08.738457+02:00,22471.34,498954.95,498954.95,22471.34,rising,rising,rising,rising
2026-07-21 13:45:28.835995+02:00,22571.43,498954.95,498954.95,22571.43,rising,rising,rising,rising
2026-07-21 13:45:48.870966+02:00,22571.43,504000.0,504000.0,22571.43,rising,rising,rising,rising
2026-07-21 13:46:08.877497+02:00,22772.38,504000.0,504000.0,22772.38,rising,rising,rising,rising
2026-07-21 13:46:28.974627+02:00,22671.78,504000.0,504000.0,22671.78,rising,rising,rising,rising
2026-07-21 13:46:48.976045+02:00,23075.74,509137.61,509137.61,23075.74,rising,rising,rising,rising
2026-07-21 13:47:09.071667+02:00,23177.38,509137.61,509137.61,23177.38,rising,rising,rising,rising
2026-07-21 13:47:29.081818+02:00,23381.44,509137.61,509137.61,23381.44,rising,rising,rising,rising
2026-07-21 13:47:49.104468+02:00,23483.87,509137.61,509137.61,23483.87,rising,rising,rising,rising
2026-07-21 13:48:09.203040+02:00,23586.56,509137.61,509137.61,23586.56,rising,stable,stable,rising
2026-07-21 13:48:29.291029+02:00,23586.56,509137.61,509137.61,23586.56,rising,stable,stable,rising
2026-07-21 13:48:49.297444+02:00,23586.56,509137.61,509137.61,23586.56,rising,stable,stable,rising
2026-07-21 13:49:09.307412+02:00,23586.56,509137.61,509137.61,23586.56,rising,stable,stable,rising
2026-07-21 13:49:29.316587+02:00,23689.52,509137.61,509137.61,23689.52,rising,stable,stable,rising
2026-07-21 13:49:49.334189+02:00,23792.75,509137.61,509137.61,23792.75,rising,stable,stable,rising
2026-07-21 13:50:09.347719+02:00,23792.75,504000.0,504000.0,23792.75,rising,falling,falling,rising
2026-07-21 13:50:29.447543+02:00,23896.24,498954.95,498954.95,23896.24,rising,falling,falling,rising
2026-07-21 13:50:49.474338+02:00,23896.24,498954.95,498954.95,23896.24,rising,falling,falling,rising
2026-07-21 13:51:09.573675+02:00,24000.0,504000.0,504000.0,24000.0,rising,rising,rising,rising
2026-07-21 13:51:29.593730+02:00,24104.03,498954.95,498954.95,24104.03,rising,falling,falling,rising
2026-07-21 13:51:49.693046+02:00,23792.75,475034.48,475034.48,23792.75,falling,falling,falling,falling
2026-07-21 13:52:09.702811+02:00,22873.24,489132.74,489132.74,22873.24,falling,falling,falling,falling
2026-07-21 13:52:29.712954+02:00,23279.28,484350.88,484350.88,23279.28,falling,falling,falling,falling
2026-07-21 13:52:49.725887+02:00,23381.44,484350.88,484350.88,23381.44,falling,falling,falling,falling
2026-07-21 13:53:09.822898+02:00,23279.28,479652.17,479652.17,23279.28,falling,falling,falling,falling
2026-07-21 13:53:29.917439+02:00,23177.38,479652.17,479652.17,23177.38,falling,falling,falling,falling
2026-07-21 13:53:49.939894+02:00,23075.74,466033.9,466033.9,23075.74,falling,falling,falling,falling
2026-07-21 13:54:09.942831+02:00,23075.74,475034.48,475034.48,23075.74,falling,falling,falling,falling
2026-07-21 13:54:30.040064+02:00,23075.74,479652.17,479652.17,23075.74,falling,rising,rising,falling
2026-07-21 13:54:50.079411+02:00,22571.43,470495.73,470495.73,22571.43,falling,falling,falling,falling
2026-07-21 13:55:10.099468+02:00,22073.51,461647.06,461647.06,22073.51,falling,falling,falling,falling
2026-07-21 13:55:30.104760+02:00,21581.86,453090.91,453090.91,21581.86,falling,falling,falling,falling
2026-07-21 13:55:50.116265+02:00,21876.11,461647.06,461647.06,21876.11,falling,falling,falling,falling
2026-07-21 13:56:10.135899+02:00,22073.51,466033.9,466033.9,22073.51,rising,rising,rising,rising
2026-07-21 13:56:30.140227+02:00,22172.59,466033.9,466033.9,22172.59,rising,rising,rising,rising
2026-07-21 13:56:50.141686+02:00,22271.92,470495.73,470495.73,22271.92,rising,rising,rising,rising
2026-07-21 13:57:10.146953+02:00,22271.92,466033.9,466033.9,22271.92,rising,falling,falling,rising
2026-07-21 13:57:30.147732+02:00,22371.5,466033.9,466033.9,22371.5,rising,falling,falling,rising
2026-07-21 13:57:50.232755+02:00,22772.38,475034.48,475034.48,22772.38,rising,rising,rising,rising
2026-07-21 13:58:10.235572+02:00,23177.38,479652.17,479652.17,23177.38,rising,rising,rising,rising
2026-07-21 13:58:30.334489+02:00,23586.56,484350.88,484350.88,23586.56,rising,rising,rising,rising
2026-07-21 13:58:50.362859+02:00,23792.75,484350.88,484350.88,23792.75,rising,rising,rising,rising
2026-07-21 13:59:10.365164+02:00,23896.24,484350.88,484350.88,23896.24,rising,rising,rising,rising
2026-07-21 13:59:30.463839+02:00,24000.0,484350.88,484350.88,24000.0,rising,rising,rising,rising
2026-07-21 13:59:50.490949+02:00,24104.03,484350.88,484350.88,24104.03,rising,stable,stable,rising
2026-07-21 14:00:10.492330+02:00,24208.33,484350.88,484350.88,24208.33,rising,stable,stable,rising
2026-07-21 14:00:30.504881+02:00,24312.91,484350.88,484350.88,24312.91,rising,stable,stable,rising
2026-07-21 14:00:50.543083+02:00,24208.33,479652.17,479652.17,24208.33,rising,falling,falling,rising
2026-07-21 14:01:10.544779+02:00,24208.33,484350.88,484350.88,24208.33,stable,rising,rising,stable
2026-07-21 14:01:30.549009+02:00,24208.33,489132.74,489132.74,24208.33,falling,rising,rising,falling
2026-07-21 14:01:50.571852+02:00,23689.52,479652.17,479652.17,23689.52,falling,falling,falling,falling
2026-07-21 14:02:10.581759+02:00,23279.28,470495.73,470495.73,23279.28,falling,falling,falling,falling
2026-07-21 14:02:30.589266+02:00,22772.38,461647.06,461647.06,22772.38,falling,falling,falling,falling
2026-07-21 14:02:50.660235+02:00,22671.78,461647.06,461647.06,22671.78,falling,falling,falling,falling
2026-07-21 14:03:10.759177+02:00,18216.87,64547.95,64547.95,18216.87,falling,falling,falling,falling
2026-07-21 14:03:30.775714+02:00,17508.35,200666.67,200666.67,17508.35,falling,falling,falling,falling
2026-07-21 14:03:50.832160+02:00,16985.78,102354.76,102354.76,16985.78,falling,falling,falling,falling
2026-07-21 14:04:10.853273+02:00,16131.15,107829.79,107829.79,16131.15,falling,falling,falling,falling
2026-07-21 14:04:30.862844+02:00,16131.15,196459.02,196459.02,16131.15,falling,rising,rising,falling
2026-07-21 14:04:50.869186+02:00,16131.15,151407.41,151407.41,16131.15,falling,falling,falling,falling
2026-07-21 14:05:10.875379+02:00,16727.27,233201.88,233201.88,16727.27,rising,rising,rising,rising
2026-07-21 14:05:30.897287+02:00,17333.33,365917.81,365917.81,17333.33,rising,rising,rising,rising
2026-07-21 14:05:50.899371+02:00,17684.21,346614.38,346614.38,17684.21,rising,rising,rising,rising
2026-07-21 14:06:10.901074+02:00,17772.46,338871.79,338871.79,17772.46,rising,rising,rising,rising
2026-07-21 14:06:31.000090+02:00,18127.56,448918.03,448918.03,18127.56,rising,rising,rising,rising
2026-07-21 14:06:51.030619+02:00,18216.87,384000.0,384000.0,18216.87,rising,rising,rising,rising
2026-07-21 14:07:11.037870+02:00,18306.39,371777.78,371777.78,18306.39,rising,falling,falling,rising
2026-07-21 14:07:31.050303+02:00,18396.14,380879.43,380879.43,18396.14,rising,falling,falling,rising
2026-07-21 14:07:51.139103+02:00,18486.09,440774.19,440774.19,18486.09,rising,rising,rising,rising
2026-07-21 14:08:11.235809+02:00,18396.14,417846.15,417846.15,18396.14,rising,rising,rising,rising
2026-07-21 14:08:31.245883+02:00,18486.09,417846.15,417846.15,18486.09,rising,rising,rising,rising
2026-07-21 14:08:51.271010+02:00,18486.09,425250.0,425250.0,18486.09,rising,rising,rising,rising
2026-07-21 14:09:11.370850+02:00,18486.09,417846.15,417846.15,18486.09,rising,falling,falling,rising
2026-07-21 14:09:31.469684+02:00,18486.09,400296.3,400296.3,18486.09,rising,falling,falling,rising
2026-07-21 14:09:51.488647+02:00,18486.09,444813.01,444813.01,18486.09,stable,rising,rising,stable
2026-07-21 14:10:11.503978+02:00,18396.14,407157.89,407157.89,18396.14,falling,falling,falling,falling
2026-07-21 14:10:31.510267+02:00,18396.14,384000.0,384000.0,18396.14,falling,falling,falling,falling
2026-07-21 14:10:51.541377+02:00,18486.09,425250.0,425250.0,18486.09,rising,rising,rising,rising
2026-07-21 14:11:11.554360+02:00,18396.14,403701.49,403701.49,18396.14,falling,falling,falling,falling
2026-07-21 14:11:31.554094+02:00,18576.27,400296.3,400296.3,18576.27,rising,falling,falling,rising
2026-07-21 14:11:51.572147+02:00,18576.27,407157.89,407157.89,18576.27,rising,rising,rising,rising
2026-07-21 14:12:11.596376+02:00,18666.67,393635.04,393635.04,18666.67,rising,falling,falling,rising
2026-07-21 14:12:31.623727+02:00,18757.28,400296.3,400296.3,18757.28,rising,falling,falling,rising
2026-07-21 14:12:51.716089+02:00,18848.12,421519.38,421519.38,18848.12,rising,rising,rising,rising
2026-07-21 14:13:11.811477+02:00,18848.12,414229.01,414229.01,18848.12,rising,rising,rising,rising
2026-07-21 14:13:31.820674+02:00,18757.28,380879.43,380879.43,18757.28,falling,falling,falling,falling
2026-07-21 14:13:51.842303+02:00,18848.12,417846.15,417846.15,18848.12,rising,rising,rising,rising
2026-07-21 14:14:11.843336+02:00,18848.12,403701.49,403701.49,18848.12,rising,falling,falling,rising
2026-07-21 14:14:31.846045+02:00,18848.12,387165.47,387165.47,18848.12,rising,falling,falling,rising
2026-07-21 14:14:51.869536+02:00,18939.17,400296.3,400296.3,18939.17,rising,rising,rising,rising
2026-07-21 14:15:11.885531+02:00,18848.12,410666.67,410666.67,18848.12,falling,rising,rising,falling
2026-07-21 14:15:31.981796+02:00,18757.28,396941.18,396941.18,18757.28,falling,falling,falling,falling
2026-07-21 14:15:51.990474+02:00,18848.12,384000.0,384000.0,18848.12,stable,falling,falling,stable
2026-07-21 14:16:12.002943+02:00,18939.17,380879.43,380879.43,18939.17,rising,falling,falling,rising
2026-07-21 14:16:32.005808+02:00,19030.45,377802.82,377802.82,19030.45,rising,falling,falling,rising
2026-07-21 14:16:52.011598+02:00,19121.95,387165.47,387165.47,19121.95,rising,rising,rising,rising
2026-07-21 14:17:12.110355+02:00,19121.95,380879.43,380879.43,19121.95,rising,falling,falling,rising
2026-07-21 14:17:32.110476+02:00,18939.17,387165.47,387165.47,18939.17,falling,rising,rising,falling
2026-07-21 14:17:52.182481+02:00,18939.17,387165.47,387165.47,18939.17,falling,rising,rising,falling
2026-07-21 14:18:12.279974+02:00,18757.28,396941.18,396941.18,18757.28,falling,rising,rising,falling
2026-07-21 14:18:32.303960+02:00,18757.28,387165.47,387165.47,18757.28,falling,falling,falling,falling
2026-07-21 14:18:52.324127+02:00,19490.2,410666.67,410666.67,19490.2,rising,rising,rising,rising
2026-07-21 14:19:12.327413+02:00,20521.74,425250.0,425250.0,20521.74,rising,rising,rising,rising
2026-07-21 14:19:32.335656+02:00,21096.37,425250.0,425250.0,21096.37,rising,rising,rising,rising
2026-07-21 14:19:52.336905+02:00,21386.93,448918.03,448918.03,21386.93,rising,rising,rising,rising
2026-07-21 14:20:12.428606+02:00,21777.78,429039.37,429039.37,21777.78,rising,rising,rising,rising
2026-07-21 14:20:32.465929+02:00,21974.68,436800.0,436800.0,21974.68,rising,rising,rising,rising
2026-07-21 14:20:52.492479+02:00,22073.51,440774.19,440774.19,22073.51,rising,rising,rising,rising
2026-07-21 14:21:12.508029+02:00,22271.92,432888.89,432888.89,22271.92,rising,falling,falling,rising
2026-07-21 14:21:32.512322+02:00,22271.92,425250.0,425250.0,22271.92,rising,falling,falling,rising
2026-07-21 14:21:52.542563+02:00,22371.5,432888.89,432888.89,22371.5,rising,falling,falling,rising
2026-07-21 14:22:12.585700+02:00,22271.92,436800.0,436800.0,22271.92,rising,rising,rising,rising
2026-07-21 14:22:32.609897+02:00,22772.38,429039.37,429039.37,22772.38,rising,falling,falling,rising
2026-07-21 14:22:52.681990+02:00,22772.38,436800.0,436800.0,22772.38,rising,rising,rising,rising
2026-07-21 14:23:12.781127+02:00,22772.38,429039.37,429039.37,22772.38,rising,falling,falling,rising
2026-07-21 14:23:32.781824+02:00,22471.34,440774.19,440774.19,22471.34,falling,rising,rising,falling
2026-07-21 14:23:52.829302+02:00,22371.5,429039.37,429039.37,22371.5,falling,falling,falling,falling
2026-07-21 14:24:12.844552+02:00,22571.43,432888.89,432888.89,22571.43,falling,falling,falling,falling
2026-07-21 14:24:32.854899+02:00,22671.78,425250.0,425250.0,22671.78,rising,falling,falling,rising
2026-07-21 14:24:52.882659+02:00,22873.24,429039.37,429039.37,22873.24,rising,falling,falling,rising
2026-07-21 14:25:12.980231+02:00,22974.36,425250.0,425250.0,22974.36,rising,falling,falling,rising
2026-07-21 14:25:33.077816+02:00,23075.74,448918.03,448918.03,23075.74,rising,rising,rising,rising
2026-07-21 14:25:53.084745+02:00,23279.28,436800.0,436800.0,23279.28,rising,rising,rising,rising
2026-07-21 14:26:13.095576+02:00,23075.74,429039.37,429039.37,23075.74,rising,falling,falling,rising
2026-07-21 14:26:33.105134+02:00,22873.24,421519.38,421519.38,22873.24,falling,falling,falling,falling
2026-07-21 14:26:53.129899+02:00,22873.24,425250.0,425250.0,22873.24,falling,falling,falling,falling
2026-07-21 14:27:13.132071+02:00,22873.24,417846.15,417846.15,22873.24,falling,falling,falling,falling
2026-07-21 14:27:33.229231+02:00,22471.34,425250.0,425250.0,22471.34,falling,rising,rising,falling
2026-07-21 14:27:53.324797+02:00,22271.92,421519.38,421519.38,22271.92,falling,falling,falling,falling
2026-07-21 14:28:13.325755+02:00,22172.59,410666.67,410666.67,22172.59,falling,falling,falling,falling
2026-07-21 14:28:33.337155+02:00,22073.51,414229.01,414229.01,22073.51,falling,falling,falling,falling
2026-07-21 14:28:53.366518+02:00,21974.68,407157.89,407157.89,21974.68,falling,falling,falling,falling
2026-07-21 14:29:13.462925+02:00,21974.68,407157.89,407157.89,21974.68,falling,falling,falling,falling
2026-07-21 14:29:33.472989+02:00,21974.68,403701.49,403701.49,21974.68,falling,falling,falling,falling
2026-07-21 14:29:53.514538+02:00,21876.11,403701.49,403701.49,21876.11,falling,falling,falling,falling
2026-07-21 14:30:13.529344+02:00,21777.78,403701.49,403701.49,21777.78,falling,falling,falling,falling
2026-07-21 14:30:33.627423+02:00,21777.78,403701.49,403701.49,21777.78,falling,falling,falling,falling
2026-07-21 14:30:53.662308+02:00,21777.78,403701.49,403701.49,21777.78,falling,stable,stable,falling
2026-07-21 14:31:13.694575+02:00,21777.78,410666.67,410666.67,21777.78,falling,rising,rising,falling
2026-07-21 14:31:33.675900+02:00,21777.78,410666.67,410666.67,21777.78,stable,rising,rising,stable
2026-07-21 14:31:53.695209+02:00,21876.11,410666.67,410666.67,21876.11,rising,rising,rising,rising
2026-07-21 14:32:13.713284+02:00,21974.68,407157.89,407157.89,21974.68,rising,falling,falling,rising
2026-07-21 14:32:33.721038+02:00,21974.68,417846.15,417846.15,21974.68,rising,rising,rising,rising
2026-07-21 14:32:53.809345+02:00,21974.68,414229.01,414229.01,21974.68,rising,rising,rising,rising
2026-07-21 14:33:13.816804+02:00,22073.51,414229.01,414229.01,22073.51,rising,rising,rising,rising
2026-07-21 14:33:33.833555+02:00,22073.51,414229.01,414229.01,22073.51,rising,rising,rising,rising
2026-07-21 14:33:53.852207+02:00,22172.59,421519.38,421519.38,22172.59,rising,rising,rising,rising
2026-07-21 14:34:13.863647+02:00,22172.59,414229.01,414229.01,22172.59,rising,falling,falling,rising
2026-07-21 14:34:33.885981+02:00,22271.92,414229.01,414229.01,22271.92,rising,falling,falling,rising
2026-07-21 14:34:53.895117+02:00,22271.92,417846.15,417846.15,22271.92,rising,rising,rising,rising
2026-07-21 14:35:13.908260+02:00,22271.92,414229.01,414229.01,22271.92,rising,falling,falling,rising
2026-07-21 14:35:34.004073+02:00,22271.92,414229.01,414229.01,22271.92,rising,falling,falling,rising
2026-07-21 14:35:54.006045+02:00,22271.92,414229.01,414229.01,22271.92,stable,falling,falling,stable
2026-07-21 14:36:14.104909+02:00,22271.92,410666.67,410666.67,22271.92,stable,falling,falling,stable
2026-07-21 14:36:34.114731+02:00,22271.92,410666.67,410666.67,22271.92,stable,falling,falling,stable
2026-07-21 14:36:54.120316+02:00,22271.92,410666.67,410666.67,22271.92,stable,falling,falling,stable
2026-07-21 14:37:14.218361+02:00,22371.5,414229.01,414229.01,22371.5,rising,rising,rising,rising
2026-07-21 14:37:34.222364+02:00,22271.92,410666.67,410666.67,22271.92,falling,falling,falling,falling
2026-07-21 14:37:54.310061+02:00,22371.5,410666.67,410666.67,22371.5,rising,falling,falling,rising
2026-07-21 14:38:14.400269+02:00,22271.92,410666.67,410666.67,22271.92,falling,falling,falling,falling
2026-07-21 14:38:34.496908+02:00,22271.92,407157.89,407157.89,22271.92,falling,falling,falling,falling
2026-07-21 14:38:54.504393+02:00,22271.92,417846.15,417846.15,22271.92,falling,rising,rising,falling
2026-07-21 14:39:14.512856+02:00,22371.5,414229.01,414229.01,22371.5,rising,rising,rising,rising
2026-07-21 14:39:34.612371+02:00,22271.92,410666.67,410666.67,22271.92,falling,falling,falling,falling
2026-07-21 14:39:54.695221+02:00,22271.92,410666.67,410666.67,22271.92,falling,falling,falling,falling
2026-07-21 14:40:14.702683+02:00,22271.92,414229.01,414229.01,22271.92,falling,rising,rising,falling
2026-07-21 14:40:34.702893+02:00,22271.92,414229.01,414229.01,22271.92,falling,rising,rising,falling
2026-07-21 14:40:54.785038+02:00,22271.92,410666.67,410666.67,22271.92,stable,falling,falling,stable
2026-07-21 14:41:14.882333+02:00,22371.5,410666.67,410666.67,22371.5,rising,falling,falling,rising
2026-07-21 14:41:34.980570+02:00,22371.5,410666.67,410666.67,22371.5,rising,falling,falling,rising
2026-07-21 14:41:54.984323+02:00,22271.92,410666.67,410666.67,22271.92,falling,falling,falling,falling
2026-07-21 14:42:14.996159+02:00,22371.5,410666.67,410666.67,22371.5,rising,stable,stable,rising
2026-07-21 14:42:35.005952+02:00,22371.5,407157.89,407157.89,22371.5,rising,falling,falling,rising
2026-07-21 14:42:55.091580+02:00,22371.5,410666.67,410666.67,22371.5,rising,rising,rising,rising
2026-07-21 14:43:15.191965+02:00,22271.92,410666.67,410666.67,22271.92,falling,rising,rising,falling
2026-07-21 14:43:35.198470+02:00,22371.5,410666.67,410666.67,22371.5,rising,rising,rising,rising
2026-07-21 14:43:55.209012+02:00,22371.5,410666.67,410666.67,22371.5,rising,rising,rising,rising
2026-07-21 14:44:15.216604+02:00,22371.5,414229.01,414229.01,22371.5,rising,rising,rising,rising
2026-07-21 14:44:35.230468+02:00,22471.34,414229.01,414229.01,22471.34,rising,rising,rising,rising
2026-07-21 14:44:55.233694+02:00,22471.34,414229.01,414229.01,22471.34,rising,rising,rising,rising
2026-07-21 14:45:15.332558+02:00,22571.43,417846.15,417846.15,22571.43,rising,rising,rising,rising
2026-07-21 14:45:35.427754+02:00,22671.78,417846.15,417846.15,22671.78,rising,rising,rising,rising
2026-07-21 14:45:55.442868+02:00,22671.78,417846.15,417846.15,22671.78,rising,rising,rising,rising
2026-07-21 14:46:15.541119+02:00,22671.78,414229.01,414229.01,22671.78,rising,falling,falling,rising
2026-07-21 14:46:35.635752+02:00,22571.43,417846.15,417846.15,22571.43,falling,rising,rising,falling
2026-07-21 14:46:55.670695+02:00,22571.43,410666.67,410666.67,22571.43,falling,falling,falling,falling
2026-07-21 14:47:15.671772+02:00,22571.43,410666.67,410666.67,22571.43,falling,falling,falling,falling
2026-07-21 14:47:35.766226+02:00,22571.43,410666.67,410666.67,22571.43,falling,falling,falling,falling
2026-07-21 14:47:55.842230+02:00,22671.78,414229.01,414229.01,22671.78,rising,rising,rising,rising
2026-07-21 14:48:15.847531+02:00,22671.78,414229.01,414229.01,22671.78,rising,rising,rising,rising
2026-07-21 14:48:35.859316+02:00,22671.78,414229.01,414229.01,22671.78,rising,rising,rising,rising
2026-07-21 14:48:55.888347+02:00,22671.78,414229.01,414229.01,22671.78,rising,rising,rising,rising
2026-07-21 14:49:15.896971+02:00,22671.78,410666.67,410666.67,22671.78,stable,falling,falling,stable
2026-07-21 14:49:35.915572+02:00,22571.43,410666.67,410666.67,22571.43,falling,falling,falling,falling
2026-07-21 14:49:55.929245+02:00,22671.78,410666.67,410666.67,22671.78,rising,falling,falling,rising
2026-07-21 14:50:15.936837+02:00,22671.78,414229.01,414229.01,22671.78,rising,rising,rising,rising
2026-07-21 14:50:35.937058+02:00,22571.43,414229.01,414229.01,22571.43,falling,rising,rising,falling
2026-07-21 14:50:55.957480+02:00,22671.78,414229.01,414229.01,22671.78,rising,rising,rising,rising
2026-07-21 14:51:15.965560+02:00,22671.78,414229.01,414229.01,22671.78,rising,rising,rising,rising
2026-07-21 14:51:36.064665+02:00,22671.78,414229.01,414229.01,22671.78,rising,stable,stable,rising
2026-07-21 14:51:56.077209+02:00,22671.78,417846.15,417846.15,22671.78,rising,rising,rising,rising
2026-07-21 14:52:16.079825+02:00,22772.38,417846.15,417846.15,22772.38,rising,rising,rising,rising
2026-07-21 14:52:36.178095+02:00,22772.38,414229.01,414229.01,22772.38,rising,falling,falling,rising
2026-07-21 14:52:56.262579+02:00,22873.24,421519.38,421519.38,22873.24,rising,rising,rising,rising
2026-07-21 14:53:16.357103+02:00,22974.36,421519.38,421519.38,22974.36,rising,rising,rising,rising
2026-07-21 14:53:36.454565+02:00,22974.36,421519.38,421519.38,22974.36,rising,rising,rising,rising
2026-07-21 14:53:56.470499+02:00,23075.74,429039.37,429039.37,23075.74,rising,rising,rising,rising
2026-07-21 14:54:16.569516+02:00,23075.74,429039.37,429039.37,23075.74,rising,rising,rising,rising
2026-07-21 14:54:36.581748+02:00,23075.74,421519.38,421519.38,23075.74,rising,falling,falling,rising
2026-07-21 14:54:56.596680+02:00,23075.74,421519.38,421519.38,23075.74,rising,falling,falling,rising
2026-07-21 14:55:16.694772+02:00,23075.74,421519.38,421519.38,23075.74,stable,falling,falling,stable
2026-07-21 14:55:36.702305+02:00,23075.74,421519.38,421519.38,23075.74,stable,falling,falling,stable
2026-07-21 14:55:56.742672+02:00,22974.36,414229.01,414229.01,22974.36,falling,falling,falling,falling
2026-07-21 14:56:16.753994+02:00,23075.74,414229.01,414229.01,23075.74,rising,falling,falling,rising
2026-07-21 14:56:36.848256+02:00,22974.36,414229.01,414229.01,22974.36,falling,falling,falling,falling
2026-07-21 14:56:56.864156+02:00,22974.36,407157.89,407157.89,22974.36,falling,falling,falling,falling
2026-07-21 14:57:16.871249+02:00,23075.74,407157.89,407157.89,23075.74,rising,falling,falling,rising
2026-07-21 14:57:36.967635+02:00,23177.38,407157.89,407157.89,23177.38,rising,falling,falling,rising
2026-07-21 14:57:57.041393+02:00,23279.28,407157.89,407157.89,23279.28,rising,falling,falling,rising
2026-07-21 14:58:17.046691+02:00,23279.28,407157.89,407157.89,23279.28,rising,stable,stable,rising
2026-07-21 14:58:37.143493+02:00,23381.44,410666.67,410666.67,23381.44,rising,rising,rising,rising
2026-07-21 14:58:57.157684+02:00,23279.28,407157.89,407157.89,23279.28,stable,falling,falling,stable
2026-07-21 14:59:17.252111+02:00,23279.28,407157.89,407157.89,23279.28,falling,falling,falling,falling
2026-07-21 14:59:37.253710+02:00,23279.28,407157.89,407157.89,23279.28,falling,falling,falling,falling
2026-07-21 14:59:57.292182+02:00,23381.44,407157.89,407157.89,23381.44,rising,falling,falling,rising
2026-07-21 15:00:17.389544+02:00,23381.44,407157.89,407157.89,23381.44,rising,stable,stable,rising
2026-07-21 15:00:37.395498+02:00,23279.28,403701.49,403701.49,23279.28,falling,falling,falling,falling
2026-07-21 15:00:57.415076+02:00,23381.44,400296.3,400296.3,23381.44,rising,falling,falling,rising
2026-07-21 15:01:17.418212+02:00,23381.44,400296.3,400296.3,23381.44,rising,falling,falling,rising
2026-07-21 15:01:37.424838+02:00,23279.28,400296.3,400296.3,23279.28,falling,falling,falling,falling
2026-07-21 15:01:57.472850+02:00,23381.44,396941.18,396941.18,23381.44,rising,falling,falling,rising
2026-07-21 15:02:17.478291+02:00,23279.28,393635.04,393635.04,23279.28,falling,falling,falling,falling
2026-07-21 15:02:37.577444+02:00,23279.28,390376.81,390376.81,23279.28,falling,falling,falling,falling
2026-07-21 15:02:57.661275+02:00,23279.28,390376.81,390376.81,23279.28,falling,falling,falling,falling
2026-07-21 15:03:17.673138+02:00,23279.28,387165.47,387165.47,23279.28,falling,falling,falling,falling
2026-07-21 15:03:37.676724+02:00,23279.28,387165.47,387165.47,23279.28,stable,falling,falling,stable
2026-07-21 15:03:57.698378+02:00,23177.38,384000.0,384000.0,23177.38,falling,falling,falling,falling
2026-07-21 15:04:17.699123+02:00,23177.38,380879.43,380879.43,23177.38,falling,falling,falling,falling
2026-07-21 15:04:37.714821+02:00,23075.74,380879.43,380879.43,23075.74,falling,falling,falling,falling
2026-07-21 15:04:57.723267+02:00,23075.74,377802.82,377802.82,23075.74,falling,falling,falling,falling
2026-07-21 15:05:17.821037+02:00,23177.38,384000.0,384000.0,23177.38,rising,rising,rising,rising
2026-07-21 15:05:37.919114+02:00,23177.38,377802.82,377802.82,23177.38,rising,falling,falling,rising
2026-07-21 15:05:57.942917+02:00,23177.38,374769.23,374769.23,23177.38,rising,falling,falling,rising
2026-07-21 15:06:17.953850+02:00,23177.38,374769.23,374769.23,23177.38,rising,falling,falling,rising
2026-07-21 15:06:37.965513+02:00,23075.74,377802.82,377802.82,23075.74,falling,falling,falling,falling
2026-07-21 15:06:58.002379+02:00,23177.38,371777.78,371777.78,23177.38,rising,falling,falling,rising
2026-07-21 15:07:18.012068+02:00,23075.74,371777.78,371777.78,23075.74,falling,falling,falling,falling
2026-07-21 15:07:38.018454+02:00,23075.74,368827.59,368827.59,23075.74,falling,falling,falling,falling
2026-07-21 15:07:58.103364+02:00,23075.74,368827.59,368827.59,23075.74,falling,falling,falling,falling
2026-07-21 15:08:18.114022+02:00,23075.74,368827.59,368827.59,23075.74,falling,falling,falling,falling
2026-07-21 15:08:38.118698+02:00,22974.36,368827.59,368827.59,22974.36,falling,falling,falling,falling
2026-07-21 15:08:58.142153+02:00,22974.36,368827.59,368827.59,22974.36,falling,stable,stable,falling
2026-07-21 15:09:18.144465+02:00,23075.74,371777.78,371777.78,23075.74,rising,rising,rising,rising
2026-07-21 15:09:38.154673+02:00,23075.74,374769.23,374769.23,23075.74,rising,rising,rising,rising
2026-07-21 15:09:58.185206+02:00,23177.38,374769.23,374769.23,23177.38,rising,rising,rising,rising
2026-07-21 15:10:18.187166+02:00,23177.38,374769.23,374769.23,23177.38,rising,rising,rising,rising
2026-07-21 15:10:38.196804+02:00,23177.38,377802.82,377802.82,23177.38,rising,rising,rising,rising
2026-07-21 15:10:58.247049+02:00,23279.28,377802.82,377802.82,23279.28,rising,rising,rising,rising
2026-07-21 15:11:18.261437+02:00,23279.28,374769.23,374769.23,23279.28,rising,falling,falling,rising
2026-07-21 15:11:38.272942+02:00,23279.28,374769.23,374769.23,23279.28,rising,falling,falling,rising
2026-07-21 15:11:58.281562+02:00,23279.28,377802.82,377802.82,23279.28,rising,rising,rising,rising
2026-07-21 15:12:18.378572+02:00,23381.44,377802.82,377802.82,23381.44,rising,rising,rising,rising
2026-07-21 15:12:38.385533+02:00,23381.44,377802.82,377802.82,23381.44,rising,rising,rising,rising
2026-07-21 15:12:58.413149+02:00,23381.44,368827.59,368827.59,23381.44,rising,falling,falling,rising
2026-07-21 15:13:18.440729+02:00,23381.44,374769.23,374769.23,23381.44,rising,falling,falling,rising
2026-07-21 15:13:38.539976+02:00,23279.28,371777.78,371777.78,23279.28,falling,falling,falling,falling
2026-07-21 15:13:58.546124+02:00,23279.28,371777.78,371777.78,23279.28,falling,falling,falling,falling
2026-07-21 15:14:18.559537+02:00,23177.38,371777.78,371777.78,23177.38,falling,falling,falling,falling
2026-07-21 15:14:38.565989+02:00,23177.38,371777.78,371777.78,23177.38,falling,falling,falling,falling
2026-07-21 15:14:58.590909+02:00,23177.38,368827.59,368827.59,23177.38,falling,falling,falling,falling
2026-07-21 15:15:18.681778+02:00,23177.38,365917.81,365917.81,23177.38,falling,falling,falling,falling
2026-07-21 15:15:38.692557+02:00,23177.38,368827.59,368827.59,23177.38,stable,falling,falling,stable
2026-07-21 15:15:58.715328+02:00,23177.38,368827.59,368827.59,23177.38,stable,falling,falling,stable
2026-07-21 15:16:18.719556+02:00,23075.74,368827.59,368827.59,23075.74,falling,rising,rising,falling
2026-07-21 15:16:38.727037+02:00,23075.74,368827.59,368827.59,23075.74,falling,rising,rising,falling
2026-07-21 15:16:58.751650+02:00,23075.74,368827.59,368827.59,23075.74,falling,stable,stable,falling
2026-07-21 15:17:18.767017+02:00,23075.74,360216.22,360216.22,23075.74,falling,falling,falling,falling
2026-07-21 15:17:38.828501+02:00,23075.74,357422.82,357422.82,23075.74,stable,falling,falling,stable
2026-07-21 15:17:58.847625+02:00,23075.74,363047.62,363047.62,23075.74,stable,falling,falling,stable
2026-07-21 15:18:18.863739+02:00,23075.74,363047.62,363047.62,23075.74,stable,rising,rising,stable
2026-07-21 15:18:38.959167+02:00,22974.36,360216.22,360216.22,22974.36,falling,falling,falling,falling
2026-07-21 15:18:58.991258+02:00,23075.74,363047.62,363047.62,23075.74,rising,rising,rising,rising
2026-07-21 15:19:19.090592+02:00,22974.36,360216.22,360216.22,22974.36,falling,falling,falling,falling
2026-07-21 15:19:39.096569+02:00,22974.36,357422.82,357422.82,22974.36,falling,falling,falling,falling
2026-07-21 15:19:59.172042+02:00,22974.36,360216.22,360216.22,22974.36,falling,falling,falling,falling
2026-07-21 15:20:19.181005+02:00,22974.36,357422.82,357422.82,22974.36,falling,falling,falling,falling
2026-07-21 15:20:39.182897+02:00,22974.36,357422.82,357422.82,22974.36,stable,falling,falling,stable
2026-07-21 15:20:59.198151+02:00,22974.36,357422.82,357422.82,22974.36,stable,falling,falling,stable
2026-07-21 15:21:19.206065+02:00,22974.36,357422.82,357422.82,22974.36,stable,falling,falling,stable
2026-07-21 15:21:39.216977+02:00,22974.36,357422.82,357422.82,22974.36,stable,stable,stable,stable
2026-07-21 15:21:59.230019+02:00,23075.74,357422.82,357422.82,23075.74,rising,stable,stable,rising
2026-07-21 15:22:19.325119+02:00,23075.74,360216.22,360216.22,23075.74,rising,rising,rising,rising
2026-07-21 15:22:39.424607+02:00,23075.74,360216.22,360216.22,23075.74,rising,rising,rising,rising
2026-07-21 15:22:59.456941+02:00,23075.74,360216.22,360216.22,23075.74,rising,rising,rising,rising
2026-07-21 15:23:19.474716+02:00,23177.38,357422.82,357422.82,23177.38,rising,falling,falling,rising
2026-07-21 15:23:39.488374+02:00,23075.74,357422.82,357422.82,23075.74,falling,falling,falling,falling
2026-07-21 15:23:59.564644+02:00,23177.38,360216.22,360216.22,23177.38,rising,rising,rising,rising
2026-07-21 15:24:19.572308+02:00,23177.38,360216.22,360216.22,23177.38,rising,rising,rising,rising
2026-07-21 15:24:39.602499+02:00,23279.28,354666.67,354666.67,23279.28,rising,falling,falling,rising
2026-07-21 15:24:59.643792+02:00,23279.28,360216.22,360216.22,23279.28,rising,rising,rising,rising
2026-07-21 15:25:19.741251+02:00,23381.44,363047.62,363047.62,23381.44,rising,rising,rising,rising
2026-07-21 15:25:39.741893+02:00,23381.44,363047.62,363047.62,23381.44,rising,rising,rising,rising
2026-07-21 15:25:59.770000+02:00,23279.28,360216.22,360216.22,23279.28,falling,falling,falling,falling
2026-07-21 15:26:19.779945+02:00,23279.28,357422.82,357422.82,23279.28,falling,falling,falling,falling
2026-07-21 15:26:39.782440+02:00,23279.28,354666.67,354666.67,23279.28,falling,falling,falling,falling
2026-07-21 15:26:59.784036+02:00,23279.28,354666.67,354666.67,23279.28,falling,falling,falling,falling
2026-07-21 15:27:19.794743+02:00,23279.28,354666.67,354666.67,23279.28,stable,falling,falling,stable
2026-07-21 15:27:39.802352+02:00,23279.28,357422.82,357422.82,23279.28,stable,rising,rising,stable
2026-07-21 15:27:59.814847+02:00,23279.28,354666.67,354666.67,23279.28,stable,falling,falling,stable
2026-07-21 15:28:19.817800+02:00,23279.28,351947.02,351947.02,23279.28,stable,falling,falling,stable
2026-07-21 15:28:39.914231+02:00,23279.28,351947.02,351947.02,23279.28,stable,falling,falling,stable
2026-07-21 15:28:59.940641+02:00,23279.28,354666.67,354666.67,23279.28,stable,rising,rising,stable
2026-07-21 15:29:20.040643+02:00,23279.28,351947.02,351947.02,23279.28,stable,falling,falling,stable
2026-07-21 15:29:40.137639+02:00,23279.28,349263.16,349263.16,23279.28,stable,falling,falling,stable
2026-07-21 15:30:00.145954+02:00,23279.28,346614.38,346614.38,23279.28,stable,falling,falling,stable
2026-07-21 15:30:20.163269+02:00,23381.44,351947.02,351947.02,23381.44,rising,rising,rising,rising
2026-07-21 15:30:40.170040+02:00,23381.44,351947.02,351947.02,23381.44,rising,rising,rising,rising
2026-07-21 15:31:00.196983+02:00,23381.44,354666.67,354666.67,23381.44,rising,rising,rising,rising
2026-07-21 15:31:20.197567+02:00,23381.44,349263.16,349263.16,23381.44,rising,falling,falling,rising
2026-07-21 15:31:40.206051+02:00,23483.87,354666.67,354666.67,23483.87,rising,rising,rising,rising
2026-07-21 15:32:00.241868+02:00,23381.44,351947.02,351947.02,23381.44,falling,falling,falling,falling
2026-07-21 15:32:20.246112+02:00,23381.44,351947.02,351947.02,23381.44,falling,falling,falling,falling
2026-07-21 15:32:40.252801+02:00,23381.44,349263.16,349263.16,23381.44,falling,falling,falling,falling
2026-07-21 15:33:00.263129+02:00,23381.44,346614.38,346614.38,23381.44,falling,falling,falling,falling
2026-07-21 15:33:20.269519+02:00,23381.44,349263.16,349263.16,23381.44,stable,falling,falling,stable
2026-07-21 15:33:40.287835+02:00,23381.44,349263.16,349263.16,23381.44,stable,falling,falling,stable
2026-07-21 15:34:00.367178+02:00,23279.28,349263.16,349263.16,23279.28,falling,rising,rising,falling
2026-07-21 15:34:20.384121+02:00,23279.28,349263.16,349263.16,23279.28,falling,rising,rising,falling
2026-07-21 15:34:40.392723+02:00,23279.28,349263.16,349263.16,23279.28,falling,stable,stable,falling
2026-07-21 15:35:00.470368+02:00,23279.28,346614.38,346614.38,23279.28,falling,falling,falling,falling
2026-07-21 15:35:20.476195+02:00,23279.28,349263.16,349263.16,23279.28,stable,rising,rising,stable
2026-07-21 15:35:40.480974+02:00,23279.28,346614.38,346614.38,23279.28,stable,falling,falling,stable
2026-07-21 15:36:00.499261+02:00,23279.28,349263.16,349263.16,23279.28,stable,rising,rising,stable
2026-07-21 15:36:20.516865+02:00,23279.28,349263.16,349263.16,23279.28,stable,rising,rising,stable
2026-07-21 15:36:40.611303+02:00,23279.28,346614.38,346614.38,23279.28,stable,falling,falling,stable
2026-07-21 15:37:00.621473+02:00,23279.28,349263.16,349263.16,23279.28,stable,rising,rising,stable
2026-07-21 15:37:20.717860+02:00,23279.28,349263.16,349263.16,23279.28,stable,rising,rising,stable
2026-07-21 15:37:40.817140+02:00,23279.28,346614.38,346614.38,23279.28,stable,falling,falling,stable
2026-07-21 15:38:00.820803+02:00,23279.28,346614.38,346614.38,23279.28,stable,falling,falling,stable
2026-07-21 15:38:20.835629+02:00,23381.44,349263.16,349263.16,23381.44,rising,rising,rising,rising
2026-07-21 15:38:40.842211+02:00,23381.44,349263.16,349263.16,23381.44,rising,rising,rising,rising
2026-07-21 15:39:00.857948+02:00,23381.44,349263.16,349263.16,23381.44,rising,rising,rising,rising
2026-07-21 15:39:20.866825+02:00,23381.44,349263.16,349263.16,23381.44,rising,rising,rising,rising
2026-07-21 15:39:40.868740+02:00,23381.44,349263.16,349263.16,23381.44,stable,stable,stable,stable
2026-07-21 15:40:00.922146+02:00,23483.87,349263.16,349263.16,23483.87,rising,stable,stable,rising
2026-07-21 15:40:20.937177+02:00,23483.87,349263.16,349263.16,23483.87,rising,stable,stable,rising
2026-07-21 15:40:40.953679+02:00,23483.87,346614.38,346614.38,23483.87,rising,falling,falling,rising
2026-07-21 15:41:00.985204+02:00,23483.87,346614.38,346614.38,23483.87,rising,falling,falling,rising
2026-07-21 15:41:20.996801+02:00,23381.44,344000.0,344000.0,23381.44,falling,falling,falling,falling
2026-07-21 15:41:41.005720+02:00,23483.87,344000.0,344000.0,23483.87,rising,falling,falling,rising
2026-07-21 15:42:01.044210+02:00,23381.44,344000.0,344000.0,23381.44,falling,falling,falling,falling
2026-07-21 15:42:21.052757+02:00,23381.44,344000.0,344000.0,23381.44,falling,falling,falling,falling
2026-07-21 15:42:41.064923+02:00,23381.44,344000.0,344000.0,23381.44,falling,stable,stable,falling
2026-07-21 15:43:01.084426+02:00,23381.44,341419.35,341419.35,23381.44,falling,falling,falling,falling
2026-07-21 15:43:21.085396+02:00,23381.44,344000.0,344000.0,23381.44,stable,rising,rising,stable
2026-07-21 15:43:41.183935+02:00,23381.44,341419.35,341419.35,23381.44,stable,falling,falling,stable
2026-07-21 15:44:01.204490+02:00,23381.44,344000.0,344000.0,23381.44,stable,rising,rising,stable
2026-07-21 15:44:21.206537+02:00,23381.44,344000.0,344000.0,23381.44,stable,rising,rising,stable
2026-07-21 15:44:41.219317+02:00,23381.44,341419.35,341419.35,23381.44,stable,falling,falling,stable
2026-07-21 15:45:01.312445+02:00,23381.44,344000.0,344000.0,23381.44,stable,rising,rising,stable
2026-07-21 15:45:21.326193+02:00,23381.44,344000.0,344000.0,23381.44,stable,rising,rising,stable
2026-07-21 15:45:41.424745+02:00,23381.44,338871.79,338871.79,23381.44,stable,falling,falling,stable
2026-07-21 15:46:01.440023+02:00,23381.44,344000.0,344000.0,23381.44,stable,rising,rising,stable
2026-07-21 15:46:21.453240+02:00,23381.44,341419.35,341419.35,23381.44,stable,falling,falling,stable
2026-07-21 15:46:41.468000+02:00,23381.44,341419.35,341419.35,23381.44,stable,falling,falling,stable
2026-07-21 15:47:01.492452+02:00,23381.44,338871.79,338871.79,23381.44,stable,falling,falling,stable
2026-07-21 15:47:21.495925+02:00,23381.44,341419.35,341419.35,23381.44,stable,falling,falling,stable
2026-07-21 15:47:41.593472+02:00,23483.87,344000.0,344000.0,23483.87,rising,rising,rising,rising
2026-07-21 15:48:01.642154+02:00,23483.87,344000.0,344000.0,23483.87,rising,rising,rising,rising
2026-07-21 15:48:21.644212+02:00,23586.56,341419.35,341419.35,23586.56,rising,falling,falling,rising
2026-07-21 15:48:41.661151+02:00,23689.52,331421.38,331421.38,23689.52,rising,falling,falling,rising
2026-07-21 15:49:01.675281+02:00,23792.75,341419.35,341419.35,23792.75,rising,rising,rising,rising
2026-07-21 15:49:21.680364+02:00,24312.91,319609.76,319609.76,24312.91,rising,falling,falling,rising
2026-07-21 15:49:41.687497+02:00,24628.27,321914.11,321914.11,24628.27,rising,falling,falling,rising
2026-07-21 15:50:01.760503+02:00,24946.12,324246.91,324246.91,24946.12,rising,falling,falling,rising
2026-07-21 15:50:21.764691+02:00,25159.42,324246.91,324246.91,25159.42,rising,falling,falling,rising
2026-07-21 15:50:41.864253+02:00,25481.48,319609.76,319609.76,25481.48,rising,falling,falling,rising
2026-07-21 15:51:01.880499+02:00,25697.61,315084.34,315084.34,25697.61,rising,falling,falling,rising
2026-07-21 15:51:21.885955+02:00,25806.11,315084.34,315084.34,25806.11,rising,falling,falling,rising
2026-07-21 15:51:41.895001+02:00,26023.97,315084.34,315084.34,26023.97,rising,falling,falling,rising
2026-07-21 15:52:01.914948+02:00,26133.33,319609.76,319609.76,26133.33,rising,rising,rising,rising
2026-07-21 15:52:21.922353+02:00,26242.99,319609.76,319609.76,26242.99,rising,rising,rising,rising
2026-07-21 15:52:41.925627+02:00,26352.94,321914.11,321914.11,26352.94,rising,rising,rising,rising
2026-07-21 15:53:01.940111+02:00,26463.19,324246.91,324246.91,26463.19,rising,rising,rising,rising
2026-07-21 15:53:21.951138+02:00,26573.73,319609.76,319609.76,26573.73,rising,falling,falling,rising
2026-07-21 15:53:41.956793+02:00,26795.7,319609.76,319609.76,26795.7,rising,falling,falling,rising
2026-07-21 15:54:02.036307+02:00,26795.7,321914.11,321914.11,26795.7,rising,rising,rising,rising
2026-07-21 15:54:22.136103+02:00,26907.13,319609.76,319609.76,26907.13,rising,falling,falling,rising
2026-07-21 15:54:42.229743+02:00,27018.87,319609.76,319609.76,27018.87,rising,falling,falling,rising
2026-07-21 15:55:02.243557+02:00,27130.9,321914.11,321914.11,27130.9,rising,rising,rising,rising
2026-07-21 15:55:22.244024+02:00,27130.9,321914.11,321914.11,27130.9,rising,rising,rising,rising
2026-07-21 15:55:42.250098+02:00,27355.89,324246.91,324246.91,27355.89,rising,rising,rising,rising
2026-07-21 15:56:02.251904+02:00,27355.89,321914.11,321914.11,27355.89,rising,falling,falling,rising
2026-07-21 15:56:22.351019+02:00,27355.89,324246.91,324246.91,27355.89,rising,rising,rising,rising
2026-07-21 15:56:42.352038+02:00,27468.83,329000.0,329000.0,27468.83,rising,rising,rising,rising
2026-07-21 15:57:02.358409+02:00,27582.09,331421.38,331421.38,27582.09,rising,rising,rising,rising
2026-07-21 15:57:22.458123+02:00,27695.65,336356.69,336356.69,27695.65,rising,rising,rising,rising
2026-07-21 15:57:42.551752+02:00,27695.65,333873.42,333873.42,27695.65,rising,rising,rising,rising
2026-07-21 15:58:02.563840+02:00,27695.65,331421.38,331421.38,27695.65,rising,falling,falling,rising
2026-07-21 15:58:22.569662+02:00,27809.52,336356.69,336356.69,27809.52,rising,rising,rising,rising
2026-07-21 15:58:42.667625+02:00,27809.52,333873.42,333873.42,27809.52,rising,falling,falling,rising
2026-07-21 15:59:02.673096+02:00,27809.52,338871.79,338871.79,27809.52,rising,rising,rising,rising
2026-07-21 15:59:22.780621+02:00,27923.71,336356.69,336356.69,27923.71,rising,rising,rising,rising
2026-07-21 15:59:42.784744+02:00,28153.01,338871.79,338871.79,28153.01,rising,rising,rising,rising
2026-07-21 16:00:02.861534+02:00,28153.01,341419.35,341419.35,28153.01,rising,rising,rising,rising
2026-07-21 16:00:22.897944+02:00,28153.01,346614.38,346614.38,28153.01,rising,rising,rising,rising
2026-07-21 16:00:42.934108+02:00,28153.01,346614.38,346614.38,28153.01,rising,rising,rising,rising
2026-07-21 16:01:02.955060+02:00,28153.01,346614.38,346614.38,28153.01,stable,rising,rising,stable
2026-07-21 16:01:22.960662+02:00,28038.2,341419.35,341419.35,28038.2,falling,falling,falling,falling
2026-07-21 16:01:42.968382+02:00,28038.2,346614.38,346614.38,28038.2,falling,rising,rising,falling
2026-07-21 16:02:02.987947+02:00,28038.2,344000.0,344000.0,28038.2,falling,falling,falling,falling
2026-07-21 16:02:22.999200+02:00,27582.09,344000.0,344000.0,27582.09,falling,falling,falling,falling
2026-07-21 16:02:43.010316+02:00,26907.13,341419.35,341419.35,26907.13,falling,falling,falling,falling
2026-07-21 16:03:03.033635+02:00,26242.99,338871.79,338871.79,26242.99,falling,falling,falling,falling
2026-07-21 16:03:23.130773+02:00,25266.49,341419.35,341419.35,25266.49,falling,falling,falling,falling
2026-07-21 16:03:43.147563+02:00,25266.49,338871.79,338871.79,25266.49,falling,falling,falling,falling
2026-07-21 16:04:03.156897+02:00,24839.9,333873.42,333873.42,24839.9,falling,falling,falling,falling
2026-07-21 16:04:23.170422+02:00,24417.75,331421.38,331421.38,24417.75,falling,falling,falling,falling
2026-07-21 16:04:43.266907+02:00,24417.75,329000.0,329000.0,24417.75,falling,falling,falling,falling
2026-07-21 16:05:03.277531+02:00,25159.42,341419.35,341419.35,25159.42,rising,rising,rising,rising
2026-07-21 16:05:23.282094+02:00,26023.97,357422.82,357422.82,26023.97,rising,rising,rising,rising
2026-07-21 16:05:43.379048+02:00,26795.7,354666.67,354666.67,26795.7,rising,rising,rising,rising
2026-07-21 16:06:03.401806+02:00,27355.89,349263.16,349263.16,27355.89,rising,rising,rising,rising
2026-07-21 16:06:23.406827+02:00,27582.09,360216.22,360216.22,27582.09,rising,rising,rising,rising
2026-07-21 16:06:43.406297+02:00,27809.52,363047.62,363047.62,27809.52,rising,rising,rising,rising
2026-07-21 16:07:03.427549+02:00,27923.71,363047.62,363047.62,27923.71,rising,rising,rising,rising
2026-07-21 16:07:23.428697+02:00,28038.2,363047.62,363047.62,28038.2,rising,rising,rising,rising
2026-07-21 16:07:43.527943+02:00,27923.71,357422.82,357422.82,27923.71,rising,falling,falling,rising
2026-07-21 16:08:03.544353+02:00,28038.2,357422.82,357422.82,28038.2,rising,falling,falling,rising
2026-07-21 16:08:23.554739+02:00,28038.2,354666.67,354666.67,28038.2,rising,falling,falling,rising
2026-07-21 16:08:43.558777+02:00,27923.71,351947.02,351947.02,27923.71,falling,falling,falling,falling
2026-07-21 16:09:03.570599+02:00,27809.52,346614.38,346614.38,27809.52,falling,falling,falling,falling
2026-07-21 16:09:23.669828+02:00,27809.52,349263.16,349263.16,27809.52,falling,falling,falling,falling
2026-07-21 16:09:43.672233+02:00,27809.52,349263.16,349263.16,27809.52,falling,falling,falling,falling
2026-07-21 16:10:03.754820+02:00,27695.65,344000.0,344000.0,27695.65,falling,falling,falling,falling
2026-07-21 16:10:23.854660+02:00,27695.65,346614.38,346614.38,27695.65,falling,falling,falling,falling
2026-07-21 16:10:43.855202+02:00,27695.65,351947.02,351947.02,27695.65,falling,rising,rising,falling
2026-07-21 16:11:03.869746+02:00,27695.65,349263.16,349263.16,27695.65,falling,rising,rising,falling
2026-07-21 16:11:23.968082+02:00,27809.52,349263.16,349263.16,27809.52,rising,rising,rising,rising
2026-07-21 16:11:44.063905+02:00,27809.52,351947.02,351947.02,27809.52,rising,rising,rising,rising
2026-07-21 16:12:04.080505+02:00,27809.52,349263.16,349263.16,27809.52,rising,falling,falling,rising
2026-07-21 16:12:24.083971+02:00,27809.52,349263.16,349263.16,27809.52,rising,falling,falling,rising
2026-07-21 16:12:44.093348+02:00,27809.52,349263.16,349263.16,27809.52,stable,falling,falling,stable
2026-07-21 16:13:04.110535+02:00,27695.65,346614.38,346614.38,27695.65,falling,falling,falling,falling
2026-07-21 16:13:24.111351+02:00,27695.65,346614.38,346614.38,27695.65,falling,falling,falling,falling
2026-07-21 16:13:44.112270+02:00,27695.65,346614.38,346614.38,27695.65,falling,falling,falling,falling
2026-07-21 16:14:04.119937+02:00,27923.71,351947.02,351947.02,27923.71,rising,rising,rising,rising
2026-07-21 16:14:24.219480+02:00,27695.65,346614.38,346614.38,27695.65,falling,falling,falling,falling
2026-07-21 16:14:44.313553+02:00,27695.65,346614.38,346614.38,27695.65,falling,falling,falling,falling
2026-07-21 16:15:04.397994+02:00,27695.65,346614.38,346614.38,27695.65,falling,falling,falling,falling
2026-07-21 16:15:24.425405+02:00,27695.65,344000.0,344000.0,27695.65,falling,falling,falling,falling
2026-07-21 16:15:44.522036+02:00,27695.65,346614.38,346614.38,27695.65,stable,rising,rising,stable
2026-07-21 16:16:04.527937+02:00,27695.65,351947.02,351947.02,27695.65,stable,rising,rising,stable
2026-07-21 16:16:24.548699+02:00,27809.52,349263.16,349263.16,27809.52,rising,rising,rising,rising
2026-07-21 16:16:44.552735+02:00,27809.52,349263.16,349263.16,27809.52,rising,rising,rising,rising
2026-07-21 16:17:04.557414+02:00,27923.71,351947.02,351947.02,27923.71,rising,rising,rising,rising
2026-07-21 16:17:24.565878+02:00,27809.52,346614.38,346614.38,27809.52,stable,falling,falling,stable
2026-07-21 16:17:44.665810+02:00,27809.52,346614.38,346614.38,27809.52,falling,falling,falling,falling
2026-07-21 16:18:04.701036+02:00,27809.52,349263.16,349263.16,27809.52,falling,rising,rising,falling
2026-07-21 16:18:24.717783+02:00,27809.52,346614.38,346614.38,27809.52,falling,falling,falling,falling
2026-07-21 16:18:44.747458+02:00,27809.52,351947.02,351947.02,27809.52,stable,rising,rising,stable
2026-07-21 16:19:04.752590+02:00,27923.71,349263.16,349263.16,27923.71,rising,rising,rising,rising
2026-07-21 16:19:24.754374+02:00,27923.71,349263.16,349263.16,27923.71,rising,falling,falling,rising
2026-07-21 16:19:44.854514+02:00,27923.71,349263.16,349263.16,27923.71,rising,falling,falling,rising
2026-07-21 16:20:04.890105+02:00,28038.2,351947.02,351947.02,28038.2,rising,rising,rising,rising
2026-07-21 16:20:24.896386+02:00,28153.01,351947.02,351947.02,28153.01,rising,rising,rising,rising
2026-07-21 16:20:44.902477+02:00,27923.71,349263.16,349263.16,27923.71,falling,falling,falling,falling
2026-07-21 16:21:04.916863+02:00,27923.71,349263.16,349263.16,27923.71,falling,falling,falling,falling
2026-07-21 16:21:24.935645+02:00,27923.71,349263.16,349263.16,27923.71,falling,falling,falling,falling
2026-07-21 16:21:44.947802+02:00,28038.2,351947.02,351947.02,28038.2,rising,rising,rising,rising
2026-07-21 16:22:05.044328+02:00,28038.2,351947.02,351947.02,28038.2,rising,rising,rising,rising
2026-07-21 16:22:25.071290+02:00,28038.2,349263.16,349263.16,28038.2,rising,falling,falling,rising
2026-07-21 16:22:45.079401+02:00,28038.2,351947.02,351947.02,28038.2,rising,rising,rising,rising
2026-07-21 16:23:05.176710+02:00,27923.71,349263.16,349263.16,27923.71,falling,falling,falling,falling
2026-07-21 16:23:25.192902+02:00,27809.52,349263.16,349263.16,27809.52,falling,falling,falling,falling
2026-07-21 16:23:45.204177+02:00,27809.52,349263.16,349263.16,27809.52,falling,falling,falling,falling
2026-07-21 16:24:05.209513+02:00,27809.52,346614.38,346614.38,27809.52,falling,falling,falling,falling
2026-07-21 16:24:25.228901+02:00,27809.52,346614.38,346614.38,27809.52,falling,falling,falling,falling
2026-07-21 16:24:45.230290+02:00,27695.65,349263.16,349263.16,27695.65,falling,rising,rising,falling
2026-07-21 16:25:05.242655+02:00,27695.65,346614.38,346614.38,27695.65,falling,falling,falling,falling
2026-07-21 16:25:25.319634+02:00,27695.65,346614.38,346614.38,27695.65,falling,falling,falling,falling
2026-07-21 16:25:45.324651+02:00,27582.09,346614.38,346614.38,27582.09,falling,falling,falling,falling
2026-07-21 16:26:05.335976+02:00,27582.09,346614.38,346614.38,27582.09,falling,falling,falling,falling
2026-07-21 16:26:25.368418+02:00,27695.65,349263.16,349263.16,27695.65,rising,rising,rising,rising
2026-07-21 16:26:45.465678+02:00,27695.65,346614.38,346614.38,27695.65,rising,falling,falling,rising
2026-07-21 16:27:05.561546+02:00,27695.65,346614.38,346614.38,27695.65,rising,falling,falling,rising
2026-07-21 16:27:25.644922+02:00,27695.65,349263.16,349263.16,27695.65,rising,rising,rising,rising
2026-07-21 16:27:45.650420+02:00,27695.65,349263.16,349263.16,27695.65,stable,rising,rising,stable
2026-07-21 16:28:05.662474+02:00,27695.65,349263.16,349263.16,27695.65,stable,rising,rising,stable
2026-07-21 16:28:25.761932+02:00,27582.09,346614.38,346614.38,27582.09,falling,falling,falling,falling
2026-07-21 16:28:45.794854+02:00,27695.65,349263.16,349263.16,27695.65,rising,rising,rising,rising
2026-07-21 16:29:05.806837+02:00,27809.52,349263.16,349263.16,27809.52,rising,rising,rising,rising
2026-07-21 16:29:25.814064+02:00,27809.52,349263.16,349263.16,27809.52,rising,rising,rising,rising
2026-07-21 16:29:45.816255+02:00,27923.71,351947.02,351947.02,27923.71,rising,rising,rising,rising
2026-07-21 16:30:05.827661+02:00,27923.71,351947.02,351947.02,27923.71,rising,rising,rising,rising
2026-07-21 16:30:25.856206+02:00,28038.2,357422.82,357422.82,28038.2,rising,rising,rising,rising
2026-07-21 16:30:45.860552+02:00,28153.01,354666.67,354666.67,28153.01,rising,rising,rising,rising
2026-07-21 16:31:05.861462+02:00,28153.01,354666.67,354666.67,28153.01,rising,rising,rising,rising
2026-07-21 16:31:25.869808+02:00,28268.13,354666.67,354666.67,28268.13,rising,falling,falling,rising
2026-07-21 16:31:45.878534+02:00,28153.01,354666.67,354666.67,28153.01,stable,falling,falling,stable
2026-07-21 16:32:05.889277+02:00,28153.01,354666.67,354666.67,28153.01,falling,stable,stable,falling
2026-07-21 16:32:25.905965+02:00,28268.13,354666.67,354666.67,28268.13,rising,stable,stable,rising
2026-07-21 16:32:46.004936+02:00,28268.13,354666.67,354666.67,28268.13,rising,stable,stable,rising
2026-07-21 16:33:06.103256+02:00,28153.01,354666.67,354666.67,28153.01,falling,stable,stable,falling
2026-07-21 16:33:26.130932+02:00,28153.01,351947.02,351947.02,28153.01,falling,falling,falling,falling
2026-07-21 16:33:46.132832+02:00,28038.2,349263.16,349263.16,28038.2,falling,falling,falling,falling
2026-07-21 16:34:06.144759+02:00,28038.2,349263.16,349263.16,28038.2,falling,falling,falling,falling
2026-07-21 16:34:26.146247+02:00,27923.71,349263.16,349263.16,27923.71,falling,falling,falling,falling
2026-07-21 16:34:46.159481+02:00,28038.2,349263.16,349263.16,28038.2,stable,falling,falling,stable
2026-07-21 16:35:06.179546+02:00,27923.71,349263.16,349263.16,27923.71,falling,stable,stable,falling
2026-07-21 16:35:26.258889+02:00,27923.71,349263.16,349263.16,27923.71,falling,stable,stable,falling
2026-07-21 16:35:46.271800+02:00,28038.2,351947.02,351947.02,28038.2,rising,rising,rising,rising
2026-07-21 16:36:06.291072+02:00,27923.71,351947.02,351947.02,27923.71,falling,rising,rising,falling
2026-07-21 16:36:26.293955+02:00,27923.71,351947.02,351947.02,27923.71,falling,rising,rising,falling
2026-07-21 16:36:46.389058+02:00,27923.71,349263.16,349263.16,27923.71,falling,falling,falling,falling
2026-07-21 16:37:06.392240+02:00,27923.71,351947.02,351947.02,27923.71,falling,rising,rising,falling
2026-07-21 16:37:26.413076+02:00,27923.71,351947.02,351947.02,27923.71,stable,rising,rising,stable
2026-07-21 16:37:46.419473+02:00,27923.71,351947.02,351947.02,27923.71,stable,rising,rising,stable
2026-07-21 16:38:06.442244+02:00,27923.71,354666.67,354666.67,27923.71,stable,rising,rising,stable
2026-07-21 16:38:26.468071+02:00,27923.71,351947.02,351947.02,27923.71,stable,falling,falling,stable
2026-07-21 16:38:46.470644+02:00,27923.71,351947.02,351947.02,27923.71,stable,falling,falling,stable
2026-07-21 16:39:06.475142+02:00,27923.71,351947.02,351947.02,27923.71,stable,falling,falling,stable
2026-07-21 16:39:26.475905+02:00,27923.71,351947.02,351947.02,27923.71,stable,falling,falling,stable
2026-07-21 16:39:46.483923+02:00,27923.71,351947.02,351947.02,27923.71,stable,stable,stable,stable
2026-07-21 16:40:06.487401+02:00,28153.01,351947.02,351947.02,28153.01,rising,stable,stable,rising
2026-07-21 16:40:26.508304+02:00,28038.2,351947.02,351947.02,28038.2,rising,stable,stable,rising
2026-07-21 16:40:46.523134+02:00,28038.2,351947.02,351947.02,28038.2,rising,stable,stable,rising
2026-07-21 16:41:06.619643+02:00,27923.71,351947.02,351947.02,27923.71,falling,stable,stable,falling
2026-07-21 16:41:26.699051+02:00,27923.71,351947.02,351947.02,27923.71,falling,stable,stable,falling
2026-07-21 16:41:46.707038+02:00,27923.71,351947.02,351947.02,27923.71,falling,stable,stable,falling
2026-07-21 16:42:06.714013+02:00,27923.71,351947.02,351947.02,27923.71,falling,stable,stable,falling
2026-07-21 16:42:26.735520+02:00,27923.71,351947.02,351947.02,27923.71,stable,stable,stable,stable
2026-07-21 16:42:46.739395+02:00,28153.01,363047.62,363047.62,28153.01,rising,rising,rising,rising
2026-07-21 16:43:06.746081+02:00,28383.56,363047.62,363047.62,28383.56,rising,rising,rising,rising
2026-07-21 16:43:26.767288+02:00,28499.31,365917.81,365917.81,28499.31,rising,rising,rising,rising
2026-07-21 16:43:46.769682+02:00,28731.77,363047.62,363047.62,28731.77,rising,rising,rising,rising
2026-07-21 16:44:06.830371+02:00,28499.31,363047.62,363047.62,28499.31,rising,falling,falling,rising
2026-07-21 16:44:26.840377+02:00,28499.31,360216.22,360216.22,28499.31,falling,falling,falling,falling
2026-07-21 16:44:46.935446+02:00,28383.56,360216.22,360216.22,28383.56,falling,falling,falling,falling
2026-07-21 16:45:07.027629+02:00,28268.13,357422.82,357422.82,28268.13,falling,falling,falling,falling
2026-07-21 16:45:27.110860+02:00,28383.56,357422.82,357422.82,28383.56,falling,falling,falling,falling
2026-07-21 16:45:47.120726+02:00,28383.56,357422.82,357422.82,28383.56,stable,falling,falling,stable
2026-07-21 16:46:07.123702+02:00,28383.56,357422.82,357422.82,28383.56,rising,falling,falling,rising
2026-07-21 16:46:27.134641+02:00,28499.31,360216.22,360216.22,28499.31,rising,rising,rising,rising
2026-07-21 16:46:47.197297+02:00,28383.56,357422.82,357422.82,28383.56,falling,falling,falling,falling
2026-07-21 16:47:07.210106+02:00,28268.13,357422.82,357422.82,28268.13,falling,falling,falling,falling
2026-07-21 16:47:27.227238+02:00,28268.13,357422.82,357422.82,28268.13,falling,falling,falling,falling
2026-07-21 16:47:47.326775+02:00,28383.56,357422.82,357422.82,28383.56,rising,falling,falling,rising
2026-07-21 16:48:07.337508+02:00,28268.13,357422.82,357422.82,28268.13,falling,stable,stable,falling
2026-07-21 16:48:27.353038+02:00,28268.13,357422.82,357422.82,28268.13,falling,stable,stable,falling
2026-07-21 16:48:47.358751+02:00,28268.13,354666.67,354666.67,28268.13,falling,falling,falling,falling
2026-07-21 16:49:07.455326+02:00,28153.01,357422.82,357422.82,28153.01,falling,rising,rising,falling
2026-07-21 16:49:27.502852+02:00,28153.01,354666.67,354666.67,28153.01,falling,falling,falling,falling
2026-07-21 16:49:47.598254+02:00,28153.01,357422.82,357422.82,28153.01,falling,rising,rising,falling
2026-07-21 16:50:07.693917+02:00,28153.01,357422.82,357422.82,28153.01,falling,rising,rising,falling
2026-07-21 16:50:27.714716+02:00,28153.01,354666.67,354666.67,28153.01,stable,falling,falling,stable
2026-07-21 16:50:47.811495+02:00,28153.01,354666.67,354666.67,28153.01,stable,falling,falling,stable
2026-07-21 16:51:07.821344+02:00,28153.01,357422.82,357422.82,28153.01,stable,rising,rising,stable
2026-07-21 16:51:27.821648+02:00,28153.01,354666.67,354666.67,28153.01,stable,falling,falling,stable
2026-07-21 16:51:47.920077+02:00,28153.01,354666.67,354666.67,28153.01,stable,falling,falling,stable
2026-07-21 16:52:07.947391+02:00,28268.13,360216.22,360216.22,28268.13,rising,rising,rising,rising
2026-07-21 16:52:27.967244+02:00,28383.56,357422.82,357422.82,28383.56,rising,rising,rising,rising
2026-07-21 16:52:47.984697+02:00,28383.56,357422.82,357422.82,28383.56,rising,rising,rising,rising
2026-07-21 16:53:07.998782+02:00,28268.13,357422.82,357422.82,28268.13,falling,falling,falling,falling
2026-07-21 16:53:28.023809+02:00,28268.13,357422.82,357422.82,28268.13,falling,falling,falling,falling
2026-07-21 16:53:48.120109+02:00,28268.13,357422.82,357422.82,28268.13,falling,stable,stable,falling
2026-07-21 16:54:08.120565+02:00,28268.13,357422.82,357422.82,28268.13,falling,stable,stable,falling
2026-07-21 16:54:28.134731+02:00,28268.13,357422.82,357422.82,28268.13,stable,stable,stable,stable
2026-07-21 16:54:48.152007+02:00,28268.13,357422.82,357422.82,28268.13,stable,stable,stable,stable
2026-07-21 16:55:08.165719+02:00,28268.13,357422.82,357422.82,28268.13,stable,stable,stable,stable
2026-07-21 16:55:28.198407+02:00,28383.56,363047.62,363047.62,28383.56,rising,rising,rising,rising
2026-07-21 16:55:48.296885+02:00,28499.31,357422.82,357422.82,28499.31,rising,falling,falling,rising
2026-07-21 16:56:08.298479+02:00,28499.31,360216.22,360216.22,28499.31,rising,rising,rising,rising
2026-07-21 16:56:28.313309+02:00,28499.31,357422.82,357422.82,28499.31,rising,falling,falling,rising
2026-07-21 16:56:48.319239+02:00,28499.31,357422.82,357422.82,28499.31,rising,falling,falling,rising
2026-07-21 16:57:08.330240+02:00,28383.56,360216.22,360216.22,28383.56,falling,rising,rising,falling
2026-07-21 16:57:28.348435+02:00,28499.31,357422.82,357422.82,28499.31,rising,falling,falling,rising
2026-07-21 16:57:48.356649+02:00,28383.56,357422.82,357422.82,28383.56,falling,falling,falling,falling
2026-07-21 16:58:08.362979+02:00,28383.56,357422.82,357422.82,28383.56,falling,falling,falling,falling
2026-07-21 16:58:28.368040+02:00,28383.56,357422.82,357422.82,28383.56,falling,falling,falling,falling
2026-07-21 16:58:48.369623+02:00,28268.13,357422.82,357422.82,28268.13,falling,stable,stable,falling
2026-07-21 16:59:08.380541+02:00,28268.13,357422.82,357422.82,28268.13,falling,stable,stable,falling
2026-07-21 16:59:28.381560+02:00,28268.13,357422.82,357422.82,28268.13,falling,stable,stable,falling
2026-07-21 16:59:48.478396+02:00,28268.13,357422.82,357422.82,28268.13,falling,stable,stable,falling
2026-07-21 17:00:08.572103+02:00,28268.13,360216.22,360216.22,28268.13,stable,rising,rising,stable
2026-07-21 17:00:28.584716+02:00,28383.56,357422.82,357422.82,28383.56,rising,falling,falling,rising
2026-07-21 17:00:48.591293+02:00,28268.13,357422.82,357422.82,28268.13,falling,falling,falling,falling
2026-07-21 17:01:08.592979+02:00,28268.13,357422.82,357422.82,28268.13,falling,falling,falling,falling
2026-07-21 17:01:28.608121+02:00,28268.13,360216.22,360216.22,28268.13,falling,rising,rising,falling
2026-07-21 17:01:48.608762+02:00,28268.13,357422.82,357422.82,28268.13,falling,falling,falling,falling
2026-07-21 17:02:08.708494+02:00,28268.13,357422.82,357422.82,28268.13,stable,falling,falling,stable
2026-07-21 17:02:28.743399+02:00,28268.13,360216.22,360216.22,28268.13,stable,rising,rising,stable
2026-07-21 17:02:48.806180+02:00,28383.56,360216.22,360216.22,28383.56,rising,rising,rising,rising
2026-07-21 17:03:08.808591+02:00,28383.56,357422.82,357422.82,28383.56,rising,falling,falling,rising
2026-07-21 17:03:28.834932+02:00,28268.13,357422.82,357422.82,28268.13,falling,falling,falling,falling
2026-07-21 17:03:48.847492+02:00,28268.13,357422.82,357422.82,28268.13,falling,falling,falling,falling
2026-07-21 17:04:08.855041+02:00,28268.13,357422.82,357422.82,28268.13,falling,falling,falling,falling
2026-07-21 17:04:28.861058+02:00,28268.13,357422.82,357422.82,28268.13,falling,stable,stable,falling
2026-07-21 17:04:48.957676+02:00,28268.13,360216.22,360216.22,28268.13,stable,rising,rising,stable
2026-07-21 17:05:09.053410+02:00,28268.13,360216.22,360216.22,28268.13,stable,rising,rising,stable
2026-07-21 17:05:29.125716+02:00,28268.13,360216.22,360216.22,28268.13,stable,rising,rising,stable
2026-07-21 17:05:49.151813+02:00,28268.13,360216.22,360216.22,28268.13,stable,rising,rising,stable
2026-07-21 17:06:09.152192+02:00,28383.56,360216.22,360216.22,28383.56,rising,stable,stable,rising
2026-07-21 17:06:29.153938+02:00,28499.31,363047.62,363047.62,28499.31,rising,rising,rising,rising
2026-07-21 17:06:49.160177+02:00,28499.31,363047.62,363047.62,28499.31,rising,rising,rising,rising
2026-07-21 17:07:09.174203+02:00,28731.77,365917.81,365917.81,28731.77,rising,rising,rising,rising
2026-07-21 17:07:29.193091+02:00,28731.77,365917.81,365917.81,28731.77,rising,rising,rising,rising
2026-07-21 17:07:49.195556+02:00,28615.38,363047.62,363047.62,28615.38,stable,falling,falling,stable
2026-07-21 17:08:09.289106+02:00,28731.77,363047.62,363047.62,28731.77,rising,falling,falling,rising
2026-07-21 17:08:29.292112+02:00,28731.77,363047.62,363047.62,28731.77,rising,falling,falling,rising
2026-07-21 17:08:49.300746+02:00,28731.77,363047.62,363047.62,28731.77,rising,falling,falling,rising
2026-07-21 17:09:09.309501+02:00,28615.38,363047.62,363047.62,28615.38,falling,stable,stable,falling
2026-07-21 17:09:29.323560+02:00,28615.38,363047.62,363047.62,28615.38,falling,stable,stable,falling
2026-07-21 17:09:49.328391+02:00,28499.31,363047.62,363047.62,28499.31,falling,stable,stable,falling
2026-07-21 17:10:09.331570+02:00,28848.48,365917.81,365917.81,28848.48,rising,rising,rising,rising
2026-07-21 17:10:29.359516+02:00,28731.77,360216.22,360216.22,28731.77,rising,falling,falling,rising
2026-07-21 17:10:49.380308+02:00,28615.38,360216.22,360216.22,28615.38,falling,falling,falling,falling
2026-07-21 17:11:09.391223+02:00,28499.31,363047.62,363047.62,28499.31,falling,rising,rising,falling
2026-07-21 17:11:29.405150+02:00,28615.38,363047.62,363047.62,28615.38,falling,rising,rising,falling
2026-07-21 17:11:49.429274+02:00,28499.31,360216.22,360216.22,28499.31,falling,falling,falling,falling
2026-07-21 17:12:09.525863+02:00,28499.31,360216.22,360216.22,28499.31,falling,falling,falling,falling
2026-07-21 17:12:29.549267+02:00,28499.31,360216.22,360216.22,28499.31,falling,falling,falling,falling
2026-07-21 17:12:49.551297+02:00,28499.31,360216.22,360216.22,28499.31,falling,falling,falling,falling
2026-07-21 17:13:09.572017+02:00,28499.31,360216.22,360216.22,28499.31,stable,stable,stable,stable
2026-07-21 17:13:29.600480+02:00,28499.31,363047.62,363047.62,28499.31,stable,rising,rising,stable
2026-07-21 17:13:49.691003+02:00,28499.31,363047.62,363047.62,28499.31,stable,rising,rising,stable
2026-07-21 17:14:09.787644+02:00,28499.31,363047.62,363047.62,28499.31,stable,rising,rising,stable
2026-07-21 17:14:29.788909+02:00,28499.31,360216.22,360216.22,28499.31,stable,falling,falling,stable
2026-07-21 17:14:49.841400+02:00,28499.31,363047.62,363047.62,28499.31,stable,rising,rising,stable
2026-07-21 17:15:09.940442+02:00,28499.31,360216.22,360216.22,28499.31,stable,falling,falling,stable
2026-07-21 17:15:30.019361+02:00,28499.31,363047.62,363047.62,28499.31,stable,rising,rising,stable
2026-07-21 17:15:50.028917+02:00,28615.38,363047.62,363047.62,28615.38,rising,rising,rising,rising
2026-07-21 17:16:10.128719+02:00,28615.38,363047.62,363047.62,28615.38,rising,rising,rising,rising
2026-07-21 17:16:30.151760+02:00,28615.38,363047.62,363047.62,28615.38,rising,rising,rising,rising
2026-07-21 17:16:50.160098+02:00,28615.38,363047.62,363047.62,28615.38,rising,stable,stable,rising
2026-07-21 17:17:10.160911+02:00,28615.38,365917.81,365917.81,28615.38,stable,rising,rising,stable
2026-07-21 17:17:30.192164+02:00,28615.38,365917.81,365917.81,28615.38,stable,rising,rising,stable
2026-07-21 17:17:50.193672+02:00,28615.38,365917.81,365917.81,28615.38,stable,rising,rising,stable
2026-07-21 17:18:10.292434+02:00,28848.48,368827.59,368827.59,28848.48,rising,rising,rising,rising
2026-07-21 17:18:30.320714+02:00,29082.87,377802.82,377802.82,29082.87,rising,rising,rising,rising
2026-07-21 17:18:50.324556+02:00,29318.56,380879.43,380879.43,29318.56,rising,rising,rising,rising
2026-07-21 17:19:10.422780+02:00,29318.56,374769.23,374769.23,29318.56,rising,rising,rising,rising
2026-07-21 17:19:30.428709+02:00,29200.55,371777.78,371777.78,29200.55,rising,falling,falling,rising
2026-07-21 17:19:50.437395+02:00,29318.56,384000.0,384000.0,29318.56,rising,rising,rising,rising
2026-07-21 17:20:10.447754+02:00,29436.89,377802.82,377802.82,29436.89,rising,falling,falling,rising
2026-07-21 17:20:30.465477+02:00,29555.56,377802.82,377802.82,29555.56,rising,rising,rising,rising
2026-07-21 17:20:50.486897+02:00,29555.56,377802.82,377802.82,29555.56,rising,falling,falling,rising
2026-07-21 17:21:10.492212+02:00,29674.55,377802.82,377802.82,29674.55,rising,falling,falling,rising
2026-07-21 17:21:30.507421+02:00,29674.55,384000.0,384000.0,29674.55,rising,rising,rising,rising
2026-07-21 17:21:50.512028+02:00,29793.87,377802.82,377802.82,29793.87,rising,falling,falling,rising
2026-07-21 17:22:10.608383+02:00,29674.55,374769.23,374769.23,29674.55,stable,falling,falling,stable
2026-07-21 17:22:30.628501+02:00,29555.56,371777.78,371777.78,29555.56,falling,falling,falling,falling
2026-07-21 17:22:50.636793+02:00,29555.56,371777.78,371777.78,29555.56,falling,falling,falling,falling
2026-07-21 17:23:10.734934+02:00,29436.89,380879.43,380879.43,29436.89,falling,rising,rising,falling
2026-07-21 17:23:30.751087+02:00,29436.89,374769.23,374769.23,29436.89,falling,falling,falling,falling
2026-07-21 17:23:50.752784+02:00,29318.56,368827.59,368827.59,29318.56,falling,falling,falling,falling
2026-07-21 17:24:10.849184+02:00,29318.56,368827.59,368827.59,29318.56,falling,falling,falling,falling
2026-07-21 17:24:30.948444+02:00,29200.55,371777.78,371777.78,29200.55,falling,falling,falling,falling
2026-07-21 17:24:51.046949+02:00,29082.87,368827.59,368827.59,29082.87,falling,falling,falling,falling
2026-07-21 17:25:11.056411+02:00,29082.87,368827.59,368827.59,29082.87,falling,falling,falling,falling
2026-07-21 17:25:31.129119+02:00,29082.87,371777.78,371777.78,29082.87,falling,rising,rising,falling
2026-07-21 17:25:51.134018+02:00,29082.87,368827.59,368827.59,29082.87,falling,falling,falling,falling
2026-07-21 17:26:11.146212+02:00,29082.87,371777.78,371777.78,29082.87,stable,rising,rising,stable
2026-07-21 17:26:31.162727+02:00,29082.87,368827.59,368827.59,29082.87,stable,falling,falling,stable
2026-07-21 17:26:51.260427+02:00,28965.52,371777.78,371777.78,28965.52,falling,rising,rising,falling
2026-07-21 17:27:11.279183+02:00,29082.87,371777.78,371777.78,29082.87,rising,rising,rising,rising
2026-07-21 17:27:31.296926+02:00,29082.87,368827.59,368827.59,29082.87,rising,falling,falling,rising
2026-07-21 17:27:51.311204+02:00,29082.87,371777.78,371777.78,29082.87,rising,rising,rising,rising
2026-07-21 17:28:11.315257+02:00,29082.87,371777.78,371777.78,29082.87,rising,rising,rising,rising
2026-07-21 17:28:31.323911+02:00,29082.87,371777.78,371777.78,29082.87,stable,rising,rising,stable
2026-07-21 17:28:51.330232+02:00,28965.52,368827.59,368827.59,28965.52,falling,falling,falling,falling
2026-07-21 17:29:11.339304+02:00,29082.87,371777.78,371777.78,29082.87,rising,rising,rising,rising
2026-07-21 17:29:31.340644+02:00,28965.52,371777.78,371777.78,28965.52,falling,rising,rising,falling
2026-07-21 17:29:51.437588+02:00,29082.87,371777.78,371777.78,29082.87,rising,rising,rising,rising
2026-07-21 17:30:11.439323+02:00,29082.87,371777.78,371777.78,29082.87,rising,rising,rising,rising
2026-07-21 17:30:31.469266+02:00,29082.87,371777.78,371777.78,29082.87,rising,stable,stable,rising
2026-07-21 17:30:51.568843+02:00,29082.87,371777.78,371777.78,29082.87,rising,stable,stable,rising
2026-07-21 17:31:11.569082+02:00,29082.87,371777.78,371777.78,29082.87,stable,stable,stable,stable
2026-07-21 17:31:31.666934+02:00,29082.87,374769.23,374769.23,29082.87,stable,rising,rising,stable
2026-07-21 17:31:51.678060+02:00,29200.55,374769.23,374769.23,29200.55,rising,rising,rising,rising
2026-07-21 17:32:11.685656+02:00,29200.55,374769.23,374769.23,29200.55,rising,rising,rising,rising
2026-07-21 17:32:31.711645+02:00,29318.56,377802.82,377802.82,29318.56,rising,rising,rising,rising
2026-07-21 17:32:51.714560+02:00,29436.89,374769.23,374769.23,29436.89,rising,falling,falling,rising
2026-07-21 17:33:11.811249+02:00,29436.89,374769.23,374769.23,29436.89,rising,falling,falling,rising
2026-07-21 17:33:31.844348+02:00,29555.56,377802.82,377802.82,29555.56,rising,rising,rising,rising
2026-07-21 17:33:51.845145+02:00,29555.56,377802.82,377802.82,29555.56,rising,rising,rising,rising
2026-07-21 17:34:11.938370+02:00,29555.56,374769.23,374769.23,29555.56,rising,falling,falling,rising
2026-07-21 17:34:31.939522+02:00,29555.56,374769.23,374769.23,29555.56,rising,falling,falling,rising
2026-07-21 17:34:51.949407+02:00,29436.89,377802.82,377802.82,29436.89,falling,rising,rising,falling
2026-07-21 17:35:12.044020+02:00,29436.89,377802.82,377802.82,29436.89,falling,rising,rising,falling
2026-07-21 17:35:32.129081+02:00,29436.89,377802.82,377802.82,29436.89,falling,rising,rising,falling
2026-07-21 17:35:52.139046+02:00,29555.56,374769.23,374769.23,29555.56,rising,falling,falling,rising
2026-07-21 17:36:12.144933+02:00,29436.89,374769.23,374769.23,29436.89,falling,falling,falling,falling
2026-07-21 17:36:32.151355+02:00,29436.89,371777.78,371777.78,29436.89,falling,falling,falling,falling
2026-07-21 17:36:52.248279+02:00,29318.56,374769.23,374769.23,29318.56,falling,falling,falling,falling
2026-07-21 17:37:12.341345+02:00,29318.56,377802.82,377802.82,29318.56,falling,rising,rising,falling
2026-07-21 17:37:32.366347+02:00,29318.56,374769.23,374769.23,29318.56,falling,falling,falling,falling
2026-07-21 17:37:52.390304+02:00,29318.56,374769.23,374769.23,29318.56,falling,falling,falling,falling
2026-07-21 17:38:12.486989+02:00,29318.56,371777.78,371777.78,29318.56,stable,falling,falling,stable
2026-07-21 17:38:32.506264+02:00,29318.56,371777.78,371777.78,29318.56,stable,falling,falling,stable
2026-07-21 17:38:52.510916+02:00,29200.55,374769.23,374769.23,29200.55,falling,rising,rising,falling
2026-07-21 17:39:12.605260+02:00,29200.55,371777.78,371777.78,29200.55,falling,falling,falling,falling
2026-07-21 17:39:32.610135+02:00,29200.55,371777.78,371777.78,29200.55,falling,falling,falling,falling
2026-07-21 17:39:52.623491+02:00,29200.55,374769.23,374769.23,29200.55,falling,rising,rising,falling
2026-07-21 17:40:12.627414+02:00,29200.55,374769.23,374769.23,29200.55,stable,rising,rising,stable
2026-07-21 17:40:32.644770+02:00,29200.55,374769.23,374769.23,29200.55,stable,rising,rising,stable
2026-07-21 17:40:52.663759+02:00,29200.55,380879.43,380879.43,29200.55,stable,rising,rising,stable
2026-07-21 17:41:12.758067+02:00,29200.55,377802.82,377802.82,29200.55,stable,rising,rising,stable
2026-07-21 17:41:32.761694+02:00,29200.55,377802.82,377802.82,29200.55,stable,rising,rising,stable
2026-07-21 17:41:52.762593+02:00,29200.55,377802.82,377802.82,29200.55,stable,falling,falling,stable
2026-07-21 17:42:12.860303+02:00,29200.55,374769.23,374769.23,29200.55,stable,falling,falling,stable
2026-07-21 17:42:32.887687+02:00,29200.55,371777.78,371777.78,29200.55,stable,falling,falling,stable
2026-07-21 17:42:52.898184+02:00,29200.55,374769.23,374769.23,29200.55,stable,falling,falling,stable
2026-07-21 17:43:12.900604+02:00,29200.55,374769.23,374769.23,29200.55,stable,falling,falling,stable
2026-07-21 17:43:32.920672+02:00,29200.55,374769.23,374769.23,29200.55,stable,rising,rising,stable
2026-07-21 17:43:53.014970+02:00,29200.55,374769.23,374769.23,29200.55,stable,rising,rising,stable
2026-07-21 17:44:13.019383+02:00,29200.55,374769.23,374769.23,29200.55,stable,stable,stable,stable
2026-07-21 17:44:33.023527+02:00,29200.55,374769.23,374769.23,29200.55,stable,stable,stable,stable
2026-07-21 17:44:53.116989+02:00,29318.56,374769.23,374769.23,29318.56,rising,stable,stable,rising
2026-07-21 17:45:13.126280+02:00,29200.55,374769.23,374769.23,29200.55,falling,stable,stable,falling
2026-07-21 17:45:33.203971+02:00,29200.55,377802.82,377802.82,29200.55,falling,rising,rising,falling
2026-07-21 17:45:53.204803+02:00,29200.55,377802.82,377802.82,29200.55,falling,rising,rising,falling
2026-07-21 17:46:13.295627+02:00,29200.55,377802.82,377802.82,29200.55,falling,rising,rising,falling
2026-07-21 17:46:33.316696+02:00,29318.56,377802.82,377802.82,29318.56,rising,rising,rising,rising
2026-07-21 17:46:53.411826+02:00,29436.89,377802.82,377802.82,29436.89,rising,stable,stable,rising
2026-07-21 17:47:13.415886+02:00,29436.89,377802.82,377802.82,29436.89,rising,stable,stable,rising
2026-07-21 17:47:33.432518+02:00,29436.89,377802.82,377802.82,29436.89,rising,stable,stable,rising
2026-07-21 17:47:53.528861+02:00,29436.89,377802.82,377802.82,29436.89,rising,stable,stable,rising
2026-07-21 17:48:13.533318+02:00,29436.89,377802.82,377802.82,29436.89,stable,stable,stable,stable
2026-07-21 17:48:33.545026+02:00,29436.89,377802.82,377802.82,29436.89,stable,stable,stable,stable
2026-07-21 17:48:53.545811+02:00,29436.89,377802.82,377802.82,29436.89,stable,stable,stable,stable
2026-07-21 17:49:13.639950+02:00,29436.89,377802.82,377802.82,29436.89,stable,stable,stable,stable
2026-07-21 17:49:33.640195+02:00,29436.89,377802.82,377802.82,29436.89,stable,stable,stable,stable
2026-07-21 17:49:53.734646+02:00,29436.89,377802.82,377802.82,29436.89,stable,stable,stable,stable
2026-07-21 17:50:13.776345+02:00,29436.89,377802.82,377802.82,29436.89,stable,stable,stable,stable
2026-07-21 17:50:33.869333+02:00,29436.89,377802.82,377802.82,29436.89,stable,stable,stable,stable
2026-07-21 17:50:53.962691+02:00,29436.89,377802.82,377802.82,29436.89,stable,stable,stable,stable
2026-07-21 17:51:14.054398+02:00,29436.89,377802.82,377802.82,29436.89,stable,stable,stable,stable
2026-07-21 17:51:34.149877+02:00,29436.89,377802.82,377802.82,29436.89,stable,stable,stable,stable
2026-07-21 17:51:54.215831+02:00,29436.89,377802.82,377802.82,29436.89,stable,stable,stable,stable
2026-07-21 17:52:14.307160+02:00,29436.89,377802.82,377802.82,29436.89,stable,stable,stable,stable
2026-07-21 17:52:34.337046+02:00,29436.89,377802.82,377802.82,29436.89,stable,stable,stable,stable
2026-07-21 17:52:54.339465+02:00,29436.89,377802.82,377802.82,29436.89,stable,stable,stable,stable
2026-07-21 17:53:14.340427+02:00,29318.56,377802.82,377802.82,29318.56,falling,stable,stable,falling
2026-07-21 17:53:34.379455+02:00,29318.56,377802.82,377802.82,29318.56,falling,stable,stable,falling
2026-07-21 17:53:54.397546+02:00,29318.56,377802.82,377802.82,29318.56,falling,stable,stable,falling
2026-07-21 17:54:14.413555+02:00,29318.56,374769.23,374769.23,29318.56,falling,falling,falling,falling
2026-07-21 17:54:34.426721+02:00,29318.56,377802.82,377802.82,29318.56,stable,rising,rising,stable
2026-07-21 17:54:54.434506+02:00,28499.31,368827.59,368827.59,28499.31,falling,falling,falling,falling
2026-07-21 17:55:14.534265+02:00,28615.38,329000.0,329000.0,28615.38,falling,falling,falling,falling
2026-07-21 19:13:13.048201+02:00,30153.85,400296.3,400296.3,30153.85,rising,rising,rising,rising
2026-07-21 19:13:32.972881+02:00,30153.85,396941.18,396941.18,30153.85,rising,rising,rising,rising
2026-07-21 19:21:43.742617+02:00,29200.55,384000.0,384000.0,29200.55,falling,rising,rising,falling
2026-07-21 19:22:03.672356+02:00,29200.55,390376.81,390376.81,29200.55,falling,rising,rising,falling
2026-07-21 19:22:23.686793+02:00,29436.89,390376.81,390376.81,29436.89,falling,falling,falling,falling
2026-07-21 19:22:43.690628+02:00,29555.56,390376.81,390376.81,29555.56,rising,falling,falling,rising
2026-07-21 19:23:03.753725+02:00,29674.55,390376.81,390376.81,29674.55,rising,rising,rising,rising
2026-07-21 19:23:23.831719+02:00,29555.56,387165.47,387165.47,29555.56,rising,falling,falling,rising
2026-07-21 19:23:43.844306+02:00,29674.55,390376.81,390376.81,29674.55,rising,rising,rising,rising
2026-07-21 19:24:03.857622+02:00,29674.55,390376.81,390376.81,29674.55,rising,rising,rising,rising
2026-07-21 19:24:23.872181+02:00,29674.55,387165.47,387165.47,29674.55,rising,falling,falling,rising
2026-07-21 19:24:43.882502+02:00,29674.55,390376.81,390376.81,29674.55,rising,rising,rising,rising
2026-07-21 19:25:03.884823+02:00,29674.55,390376.81,390376.81,29674.55,stable,rising,rising,stable
2026-07-21 19:25:23.898604+02:00,29674.55,390376.81,390376.81,29674.55,stable,rising,rising,stable
2026-07-21 19:25:43.908312+02:00,29318.56,387165.47,387165.47,29318.56,falling,falling,falling,falling
2026-07-21 19:26:03.931533+02:00,28965.52,368827.59,368827.59,28965.52,falling,falling,falling,falling
2026-07-21 19:47:09.859813+02:00,28038.2,377802.82,377802.82,28038.2,falling,falling,falling,falling
