timestamp_sast,timestamp_utc,entry_id,temperature_c,humidity_pct,pressure_hpa,pm1_0,pm2_5,pm10,oxidising_index,reducing_index,status,light_lux,oxidising_raw,reducing_raw,nh3_raw,nh3_index,co_index,no2_index
2026-10-09 11:00:00.366145+02:00,2026-10-09 09:00:00.366145+00:00,,57.83,12.53,863.75,1.0,1.0,1.0,0.0,57.7,"{""atmo"":1,""ts"":""2026-10-09T09:00:00.366145+00:00"",""lux"":32.06,""ox"":3922.18,""red"":84639.27,""nh3"":7050.15,""nh3i"":96.5,""fs"":1791536400,""fe"":1791544345}",32.06,3922.18,84639.27,7050.15,96.5,57.7,0.0
2026-10-09 11:00:20.379862+02:00,2026-10-09 09:00:20.379862+00:00,,57.91,12.03,863.65,1.0,1.0,1.0,0.0,52.5,"{""atmo"":1,""ts"":""2026-10-09T09:00:20.379862+00:00"",""lux"":47.05,""ox"":4038.99,""red"":94980.39,""nh3"":7702.17,""nh3i"":96.1,""fs"":1791536400,""fe"":1791544345}",47.05,4038.99,94980.39,7702.17,96.1,52.5,0.0
2026-10-09 11:00:40.393238+02:00,2026-10-09 09:00:40.393238+00:00,,57.98,12.19,863.7,1.0,1.0,1.0,0.0,57.0,"{""atmo"":1,""ts"":""2026-10-09T09:00:40.393238+00:00"",""lux"":50.84,""ox"":3922.18,""red"":85935.48,""nh3"":7050.15,""nh3i"":96.5,""fs"":1791536400,""fe"":1791544345}",50.84,3922.18,85935.48,7050.15,96.5,57.0,0.0
2026-10-09 11:01:00.406300+02:00,2026-10-09 09:01:00.406300+00:00,,57.97,10.17,862.11,0.0,1.0,1.0,0.0,40.5,"{""atmo"":1,""ts"":""2026-10-09T09:01:00.406300+00:00"",""lux"":59.2,""ox"":4273.97,""red"":119000.0,""nh3"":8910.43,""nh3i"":95.5,""fs"":1791536400,""fe"":1791544345}",59.2,4273.97,119000.0,8910.43,95.5,40.5,0.0
2026-10-09 11:01:20.419728+02:00,2026-10-09 09:01:20.419728+00:00,,58.61,10.58,855.89,0.0,1.0,1.0,0.0,54.8,"{""atmo"":1,""ts"":""2026-10-09T09:01:20.419728+00:00"",""lux"":85.03,""ox"":4038.99,""red"":90318.29,""nh3"":7244.35,""nh3i"":96.4,""fs"":1791536400,""fe"":1791544345}",85.03,4038.99,90318.29,7244.35,96.4,54.8,0.0
2026-10-09 11:01:40.433263+02:00,2026-10-09 09:01:40.433263+00:00,,59.19,9.89,851.67,0.0,1.0,1.0,0.0,55.9,"{""atmo"":1,""ts"":""2026-10-09T09:01:40.433263+00:00"",""lux"":52.44,""ox"":3980.53,""red"":88262.3,""nh3"":6985.69,""nh3i"":96.5,""fs"":1791536400,""fe"":1791544345}",52.44,3980.53,88262.3,6985.69,96.5,55.9,0.0
2026-10-09 11:02:00.447407+02:00,2026-10-09 09:02:00.447407+00:00,,59.77,9.02,846.19,1.0,2.0,2.0,0.0,55.5,"{""atmo"":1,""ts"":""2026-10-09T09:02:00.447407+00:00"",""lux"":90.66,""ox"":3980.53,""red"":88941.18,""nh3"":6985.69,""nh3i"":96.5,""fs"":1791536400,""fe"":1791544345}",90.66,3980.53,88941.18,6985.69,96.5,55.5,0.0
2026-10-09 11:02:20.461059+02:00,2026-10-09 09:02:20.461059+00:00,,60.24,8.46,839.32,1.0,2.0,2.0,0.0,55.7,"{""atmo"":1,""ts"":""2026-10-09T09:02:20.461059+00:00"",""lux"":77.51,""ox"":3980.53,""red"":88600.94,""nh3"":6985.69,""nh3i"":96.5,""fs"":1791536400,""fe"":1791544345}",77.51,3980.53,88600.94,6985.69,96.5,55.7,0.0
2026-10-09 11:02:40.473623+02:00,2026-10-09 09:02:40.473623+00:00,,60.56,7.32,831.65,1.0,2.0,2.0,0.0,50.8,"{""atmo"":1,""ts"":""2026-10-09T09:02:40.473623+00:00"",""lux"":50.37,""ox"":4273.97,""red"":98385.96,""nh3"":7966.77,""nh3i"":96.0,""fs"":1791536400,""fe"":1791544345}",50.37,4273.97,98385.96,7966.77,96.0,50.8,0.0
2026-10-09 11:03:00.488568+02:00,2026-10-09 09:03:00.488568+00:00,,60.71,6.39,822.62,1.0,2.0,2.0,0.0,29.3,"{""atmo"":1,""ts"":""2026-10-09T09:03:00.488568+00:00"",""lux"":42.84,""ox"":4570.3,""red"":141435.9,""nh3"":10094.42,""nh3i"":95.0,""fs"":1791536400,""fe"":1791544345}",42.84,4570.3,141435.9,10094.42,95.0,29.3,0.0
2026-10-09 11:03:20.501980+02:00,2026-10-09 09:03:20.501980+00:00,,60.78,6.69,813.71,1.0,2.0,2.0,0.0,40.0,"{""atmo"":1,""ts"":""2026-10-09T09:03:20.501980+00:00"",""lux"":90.9,""ox"":4392.16,""red"":120000.0,""nh3"":8773.92,""nh3i"":95.6,""fs"":1791536400,""fe"":1791544345}",90.9,4392.16,120000.0,8773.92,95.6,40.0,0.0
2026-10-09 11:03:40.515324+02:00,2026-10-09 09:03:40.515324+00:00,,60.87,6.58,804.81,1.0,2.0,2.0,0.0,43.4,"{""atmo"":1,""ts"":""2026-10-09T09:03:40.515324+00:00"",""lux"":74.84,""ox"":4333.01,""red"":113230.77,""nh3"":8502.62,""nh3i"":95.7,""fs"":1791536400,""fe"":1791544345}",74.84,4333.01,113230.77,8502.62,95.7,43.4,0.0
2026-10-09 11:04:00.528319+02:00,2026-10-09 09:04:00.528319+00:00,,61.08,6.72,797.87,1.0,2.0,2.0,0.0,51.2,"{""atmo"":1,""ts"":""2026-10-09T09:04:00.528319+00:00"",""lux"":58.55,""ox"":4097.56,""red"":97615.96,""nh3"":7505.15,""nh3i"":96.2,""fs"":1791536400,""fe"":1791544345}",58.55,4097.56,97615.96,7505.15,96.2,51.2,0.0
2026-10-09 11:04:20.542465+02:00,2026-10-09 09:04:20.542465+00:00,,61.33,6.34,790.67,1.0,2.0,2.0,0.0,56.4,"{""atmo"":1,""ts"":""2026-10-09T09:04:20.542465+00:00"",""lux"":80.0,""ox"":4097.56,""red"":87255.81,""nh3"":7114.75,""nh3i"":96.4,""fs"":1791536400,""fe"":1791544345}",80.0,4097.56,87255.81,7114.75,96.4,56.4,0.0
2026-10-09 11:04:40.555757+02:00,2026-10-09 09:04:40.555757+00:00,,61.26,5.39,781.87,1.0,2.0,2.0,0.0,21.1,"{""atmo"":1,""ts"":""2026-10-09T09:04:40.555757+00:00"",""lux"":45.98,""ox"":4333.01,""red"":157888.89,""nh3"":9531.91,""nh3i"":95.2,""fs"":1791536400,""fe"":1791544345}",45.98,4333.01,157888.89,9531.91,95.2,21.1,0.0
2026-10-09 11:05:00.569452+02:00,2026-10-09 09:05:00.569452+00:00,,61.08,5.44,773.14,1.0,2.0,3.0,0.0,25.3,"{""atmo"":1,""ts"":""2026-10-09T09:05:00.569452+00:00"",""lux"":72.83,""ox"":4451.42,""red"":149333.33,""nh3"":9671.64,""nh3i"":95.2,""fs"":1791536400,""fe"":1791544345}",72.83,4451.42,149333.33,9671.64,95.2,25.3,0.0
2026-10-09 11:05:20.582885+02:00,2026-10-09 09:05:20.582885+00:00,,61.02,5.13,764.58,0.0,1.0,2.0,0.0,11.8,"{""atmo"":1,""ts"":""2026-10-09T09:05:20.582885+00:00"",""lux"":49.6,""ox"":4510.81,""red"":176452.83,""nh3"":10450.92,""nh3i"":94.8,""fs"":1791536400,""fe"":1791544345}",49.6,4510.81,176452.83,10450.92,94.8,11.8,0.0
2026-10-09 11:05:40.596591+02:00,2026-10-09 09:05:40.596591+00:00,,61.02,5.27,758.42,0.0,1.0,2.0,0.0,27.3,"{""atmo"":1,""ts"":""2026-10-09T09:05:40.596591+00:00"",""lux"":42.96,""ox"":4451.42,""red"":145307.19,""nh3"":9882.35,""nh3i"":95.1,""fs"":1791536400,""fe"":1791544345}",42.96,4451.42,145307.19,9882.35,95.1,27.3,0.0
2026-10-09 11:06:00.609926+02:00,2026-10-09 09:06:00.609926+00:00,,60.94,4.82,752.24,0.0,1.0,3.0,0.0,14.3,"{""atmo"":1,""ts"":""2026-10-09T09:06:00.609926+00:00"",""lux"":56.24,""ox"":4570.3,""red"":171306.27,""nh3"":10666.67,""nh3i"":94.7,""fs"":1791536400,""fe"":1791544345}",56.24,4570.3,171306.27,10666.67,94.7,14.3,0.0
2026-10-09 11:06:20.623556+02:00,2026-10-09 09:06:20.623556+00:00,,60.83,4.42,746.18,1.0,2.0,4.0,0.0,0.0,"{""atmo"":1,""ts"":""2026-10-09T09:06:20.623556+00:00"",""lux"":61.63,""ox"":4570.3,""red"":200666.67,""nh3"":11102.4,""nh3i"":94.4,""fs"":1791536400,""fe"":1791544345}",61.63,4570.3,200666.67,11102.4,94.4,0.0,0.0
2026-10-09 11:06:40.636979+02:00,2026-10-09 09:06:40.636979+00:00,,60.74,4.15,741.14,1.0,2.0,4.0,0.0,0.0,"{""atmo"":1,""ts"":""2026-10-09T09:06:40.636979+00:00"",""lux"":43.49,""ox"":4809.48,""red"":222733.03,""nh3"":12903.8,""nh3i"":93.5,""fs"":1791536400,""fe"":1791544345}",43.49,4809.48,222733.03,12903.8,93.5,0.0,0.0
2026-10-09 11:07:00.650946+02:00,2026-10-09 09:07:00.650946+00:00,,60.62,4.3,734.93,1.0,2.0,4.0,0.0,0.0,"{""atmo"":1,""ts"":""2026-10-09T09:07:00.650946+00:00"",""lux"":44.44,""ox"":4749.51,""red"":209517.24,""nh3"":12444.44,""nh3i"":93.8,""fs"":1791536400,""fe"":1791544345}",44.44,4749.51,209517.24,12444.44,93.8,0.0,0.0
2026-10-09 11:07:20.664350+02:00,2026-10-09 09:07:20.664350+00:00,,60.5,4.98,729.31,1.0,2.0,4.0,0.0,31.1,"{""atmo"":1,""ts"":""2026-10-09T09:07:20.664350+00:00"",""lux"":44.09,""ox"":4451.42,""red"":137710.69,""nh3"":9462.27,""nh3i"":95.3,""fs"":1791536400,""fe"":1791544345}",44.09,4451.42,137710.69,9462.27,95.3,31.1,0.0
2026-10-09 11:07:40.678125+02:00,2026-10-09 09:07:40.678125+00:00,,60.49,4.53,724.82,0.0,1.0,3.0,0.0,7.7,"{""atmo"":1,""ts"":""2026-10-09T09:07:40.678125+00:00"",""lux"":45.87,""ox"":4510.81,""red"":184625.0,""nh3"":10307.86,""nh3i"":94.8,""fs"":1791536400,""fe"":1791544345}",45.87,4510.81,184625.0,10307.86,94.8,7.7,0.0
2026-10-09 11:08:00.691495+02:00,2026-10-09 09:08:00.691495+00:00,,60.46,4.71,719.54,1.0,2.0,3.0,0.0,18.0,"{""atmo"":1,""ts"":""2026-10-09T09:08:00.691495+00:00"",""lux"":45.39,""ox"":4510.81,""red"":164000.0,""nh3"":10307.86,""nh3i"":94.8,""fs"":1791536400,""fe"":1791544345}",45.39,4510.81,164000.0,10307.86,94.8,18.0,0.0
2026-10-09 11:08:20.705097+02:00,2026-10-09 09:08:20.705097+00:00,,60.41,4.33,713.39,1.0,2.0,3.0,0.0,10.4,"{""atmo"":1,""ts"":""2026-10-09T09:08:20.705097+00:00"",""lux"":58.01,""ox"":4510.81,""red"":179114.5,""nh3"":10094.42,""nh3i"":95.0,""fs"":1791536400,""fe"":1791544345}",58.01,4510.81,179114.5,10094.42,95.0,10.4,0.0
2026-10-09 11:08:40.718705+02:00,2026-10-09 09:08:40.718705+00:00,,60.37,4.63,706.67,1.0,2.0,3.0,0.0,36.9,"{""atmo"":1,""ts"":""2026-10-09T09:08:40.718705+00:00"",""lux"":39.41,""ox"":4451.42,""red"":126248.52,""nh3"":9462.27,""nh3i"":95.3,""fs"":1791536400,""fe"":1791544345}",39.41,4451.42,126248.52,9462.27,95.3,36.9,0.0
2026-10-09 11:09:00.732089+02:00,2026-10-09 09:09:00.732089+00:00,,60.21,3.9,700.23,0.0,1.0,3.0,0.0,0.0,"{""atmo"":1,""ts"":""2026-10-09T09:09:00.732089+00:00"",""lux"":52.15,""ox"":4629.92,""red"":203915.61,""nh3"":11396.06,""nh3i"":94.3,""fs"":1791536400,""fe"":1791544345}",52.15,4629.92,203915.61,11396.06,94.3,0.0,0.0
2026-10-09 11:09:20.745426+02:00,2026-10-09 09:09:20.745426+00:00,,60.1,4.37,693.68,0.0,1.0,3.0,0.0,29.6,"{""atmo"":1,""ts"":""2026-10-09T09:09:20.745426+00:00"",""lux"":45.69,""ox"":4570.3,""red"":140805.11,""nh3"":10379.31,""nh3i"":94.8,""fs"":1791536400,""fe"":1791544345}",45.69,4570.3,140805.11,10379.31,94.8,29.6,0.0
2026-10-09 11:09:40.758869+02:00,2026-10-09 09:09:40.758869+00:00,,59.9,3.86,686.51,0.0,1.0,3.0,0.0,12.6,"{""atmo"":1,""ts"":""2026-10-09T09:09:40.758869+00:00"",""lux"":42.31,""ox"":4689.66,""red"":174711.61,""nh3"":11469.88,""nh3i"":94.3,""fs"":1791536400,""fe"":1791544345}",42.31,4689.66,174711.61,11469.88,94.3,12.6,0.0
2026-10-09 11:10:00.773092+02:00,2026-10-09 09:10:00.773092+00:00,,59.73,3.68,680.08,0.0,1.0,3.0,0.0,0.2,"{""atmo"":1,""ts"":""2026-10-09T09:10:00.773092+00:00"",""lux"":43.67,""ox"":4749.51,""red"":199601.66,""nh3"":11991.17,""nh3i"":94.0,""fs"":1791536400,""fe"":1791544345}",43.67,4749.51,199601.66,11991.17,94.0,0.2,0.0
2026-10-09 11:10:20.786628+02:00,2026-10-09 09:10:20.786628+00:00,,59.67,4.07,674.57,0.0,1.0,3.0,0.0,16.0,"{""atmo"":1,""ts"":""2026-10-09T09:10:20.786628+00:00"",""lux"":42.96,""ox"":4689.66,""red"":168000.0,""nh3"":11322.4,""nh3i"":94.3,""fs"":1791536400,""fe"":1791544345}",42.96,4689.66,168000.0,11322.4,94.3,16.0,0.0
2026-10-09 11:10:40.800441+02:00,2026-10-09 09:10:40.800441+00:00,,59.6,4.02,668.85,0.0,1.0,3.0,0.0,22.5,"{""atmo"":1,""ts"":""2026-10-09T09:10:40.800441+00:00"",""lux"":46.75,""ox"":4629.92,""red"":154958.9,""nh3"":10450.92,""nh3i"":94.8,""fs"":1791536400,""fe"":1791544345}",46.75,4629.92,154958.9,10450.92,94.8,22.5,0.0
2026-10-09 11:11:00.813844+02:00,2026-10-09 09:11:00.813844+00:00,,59.42,4.16,662.77,0.0,1.0,3.0,0.0,39.7,"{""atmo"":1,""ts"":""2026-10-09T09:11:00.813844+00:00"",""lux"":45.57,""ox"":4451.42,""red"":120504.3,""nh3"":9254.24,""nh3i"":95.4,""fs"":1791536400,""fe"":1791544345}",45.57,4451.42,120504.3,9254.24,95.4,39.7,0.0
2026-10-09 11:11:20.827859+02:00,2026-10-09 09:11:20.827859+00:00,,59.39,3.74,656.78,0.0,1.0,3.0,0.0,26.7,"{""atmo"":1,""ts"":""2026-10-09T09:11:20.827859+00:00"",""lux"":72.65,""ox"":4749.51,""red"":146631.58,""nh3"":11029.38,""nh3i"":94.5,""fs"":1791536400,""fe"":1791544345}",72.65,4749.51,146631.58,11029.38,94.5,26.7,0.0
2026-10-09 11:11:40.841499+02:00,2026-10-09 09:11:40.841499+00:00,,59.26,3.62,651.52,0.0,1.0,3.0,0.0,36.6,"{""atmo"":1,""ts"":""2026-10-09T09:11:40.841499+00:00"",""lux"":50.66,""ox"":4629.92,""red"":126789.32,""nh3"":9671.64,""nh3i"":95.2,""fs"":1791536400,""fe"":1791544345}",50.66,4629.92,126789.32,9671.64,95.2,36.6,0.0
2026-10-09 11:12:00.854919+02:00,2026-10-09 09:12:00.854919+00:00,,59.17,3.17,645.65,0.0,1.0,3.0,0.0,22.9,"{""atmo"":1,""ts"":""2026-10-09T09:12:00.854919+00:00"",""lux"":53.63,""ox"":4749.51,""red"":154238.91,""nh3"":10379.31,""nh3i"":94.8,""fs"":1791536400,""fe"":1791544345}",53.63,4749.51,154238.91,10379.31,94.8,22.9,0.0
2026-10-09 11:12:20.868855+02:00,2026-10-09 09:12:20.868855+00:00,,59.0,2.8,639.45,0.0,1.0,3.0,0.0,29.6,"{""atmo"":1,""ts"":""2026-10-09T09:12:20.868855+00:00"",""lux"":45.69,""ox"":4929.77,""red"":140805.11,""nh3"":11469.88,""nh3i"":94.3,""fs"":1791536400,""fe"":1791544345}",45.69,4929.77,140805.11,11469.88,94.3,29.6,0.0
2026-10-09 11:12:40.882386+02:00,2026-10-09 09:12:40.882386+00:00,,58.9,2.74,633.94,0.0,1.0,3.0,0.0,27.7,"{""atmo"":1,""ts"":""2026-10-09T09:12:40.882386+00:00"",""lux"":45.57,""ox"":4990.1,""red"":144651.47,""nh3"":11543.86,""nh3i"":94.2,""fs"":1791536400,""fe"":1791544345}",45.57,4990.1,144651.47,11543.86,94.2,27.7,0.0
2026-10-09 11:13:00.896716+02:00,2026-10-09 09:13:00.896716+00:00,,58.85,2.22,628.54,0.0,2.0,3.0,0.0,18.0,"{""atmo"":1,""ts"":""2026-10-09T09:13:00.896716+00:00"",""lux"":60.98,""ox"":5415.75,""red"":164000.0,""nh3"":13525.96,""nh3i"":93.2,""fs"":1791536400,""fe"":1791544345}",60.98,5415.75,164000.0,13525.96,93.2,18.0,0.0
2026-10-09 11:13:20.910002+02:00,2026-10-09 09:13:20.910002+00:00,,58.66,2.38,622.76,0.0,2.0,3.0,0.0,36.9,"{""atmo"":1,""ts"":""2026-10-09T09:13:20.910002+00:00"",""lux"":46.58,""ox"":5293.53,""red"":126248.52,""nh3"":11618.0,""nh3i"":94.2,""fs"":1791536400,""fe"":1791544345}",46.58,5293.53,126248.52,11618.0,94.2,36.9,0.0
2026-10-09 11:13:40.923441+02:00,2026-10-09 09:13:40.923441+00:00,,58.55,2.05,618.08,0.0,2.0,3.0,0.0,37.9,"{""atmo"":1,""ts"":""2026-10-09T09:13:40.923441+00:00"",""lux"":43.38,""ox"":5111.11,""red"":124116.96,""nh3"":10594.59,""nh3i"":94.7,""fs"":1791536400,""fe"":1791544345}",43.38,5111.11,124116.96,10594.59,94.7,37.9,0.0
2026-10-09 11:14:00.936915+02:00,2026-10-09 09:14:00.936915+00:00,,58.47,1.88,613.07,0.0,2.0,3.0,0.0,32.6,"{""atmo"":1,""ts"":""2026-10-09T09:14:00.936915+00:00"",""lux"":42.49,""ox"":5232.6,""red"":134712.07,""nh3"":11175.57,""nh3i"":94.4,""fs"":1791536400,""fe"":1791544345}",42.49,5232.6,134712.07,11175.57,94.4,32.6,0.0
2026-10-09 11:14:20.950380+02:00,2026-10-09 09:14:20.950380+00:00,,58.4,1.6,606.9,0.0,2.0,3.0,0.0,45.0,"{""atmo"":1,""ts"":""2026-10-09T09:14:20.950380+00:00"",""lux"":80.0,""ox"":5293.53,""red"":110037.74,""nh3"":10666.67,""nh3i"":94.7,""fs"":1791536400,""fe"":1791544345}",80.0,5293.53,110037.74,10666.67,94.7,45.0,0.0
2026-10-09 11:14:40.963775+02:00,2026-10-09 09:14:40.963775+00:00,,58.26,1.76,602.57,1.0,3.0,4.0,0.0,49.6,"{""atmo"":1,""ts"":""2026-10-09T09:14:40.963775+00:00"",""lux"":93.39,""ox"":5171.8,""red"":100743.0,""nh3"":9741.73,""nh3i"":95.1,""fs"":1791536400,""fe"":1791544345}",93.39,5171.8,100743.0,9741.73,95.1,49.6,0.0
2026-10-09 11:15:00.977375+02:00,2026-10-09 09:15:00.977375+00:00,,58.17,1.57,595.25,1.0,3.0,3.0,0.0,35.8,"{""atmo"":1,""ts"":""2026-10-09T09:15:00.977375+00:00"",""lux"":46.28,""ox"":5171.8,""red"":128431.14,""nh3"":10379.31,""nh3i"":94.8,""fs"":1791536400,""fe"":1791544345}",46.28,5171.8,128431.14,10379.31,94.8,35.8,0.0
2026-10-09 11:15:20.990803+02:00,2026-10-09 09:15:20.990803+00:00,,58.15,1.83,590.75,1.0,3.0,3.0,0.0,41.0,"{""atmo"":1,""ts"":""2026-10-09T09:15:20.990803+00:00"",""lux"":44.68,""ox"":4990.1,""red"":118011.3,""nh3"":9952.89,""nh3i"":95.0,""fs"":1791536400,""fe"":1791544345}",44.68,4990.1,118011.3,9952.89,95.0,41.0,0.0
2026-10-09 11:15:41.004607+02:00,2026-10-09 09:15:41.004607+00:00,,58.11,1.78,584.36,1.0,3.0,3.0,0.0,34.7,"{""atmo"":1,""ts"":""2026-10-09T09:15:41.004607+00:00"",""lux"":42.9,""ox"":5050.55,""red"":130666.67,""nh3"":10594.59,""nh3i"":94.7,""fs"":1791536400,""fe"":1791544345}",42.9,5050.55,130666.67,10594.59,94.7,34.7,0.0
2026-10-09 11:16:01.018217+02:00,2026-10-09 09:16:01.018217+00:00,,57.9,1.99,579.39,1.0,2.0,2.0,0.0,47.4,"{""atmo"":1,""ts"":""2026-10-09T09:16:01.018217+00:00"",""lux"":57.54,""ox"":4809.48,""red"":105256.54,""nh3"":9462.27,""nh3i"":95.3,""fs"":1791536400,""fe"":1791544345}",57.54,4809.48,105256.54,9462.27,95.3,47.4,0.0
2026-10-09 11:16:21.031982+02:00,2026-10-09 09:16:21.031982+00:00,,57.72,1.71,574.11,1.0,2.0,2.0,0.0,27.7,"{""atmo"":1,""ts"":""2026-10-09T09:16:21.031982+00:00"",""lux"":44.09,""ox"":4990.1,""red"":144651.47,""nh3"":10450.92,""nh3i"":94.8,""fs"":1791536400,""fe"":1791544345}",44.09,4990.1,144651.47,10450.92,94.8,27.7,0.0
2026-10-09 11:16:41.045258+02:00,2026-10-09 09:16:41.045258+00:00,,57.52,2.12,569.16,1.0,2.0,2.0,0.0,49.8,"{""atmo"":1,""ts"":""2026-10-09T09:16:41.045258+00:00"",""lux"":46.99,""ox"":4809.48,""red"":100345.18,""nh3"":9323.44,""nh3i"":95.3,""fs"":1791536400,""fe"":1791544345}",46.99,4809.48,100345.18,9323.44,95.3,49.8,0.0
2026-10-09 11:17:01.059663+02:00,2026-10-09 09:17:01.059663+00:00,,57.44,2.06,564.26,1.0,2.0,2.0,0.0,49.6,"{""atmo"":1,""ts"":""2026-10-09T09:17:01.059663+00:00"",""lux"":77.69,""ox"":4869.57,""red"":100743.0,""nh3"":9671.64,""nh3i"":95.2,""fs"":1791536400,""fe"":1791544345}",77.69,4869.57,100743.0,9671.64,95.2,49.6,0.0
2026-10-09 11:17:21.072970+02:00,2026-10-09 09:17:21.072970+00:00,,57.36,1.75,558.46,1.0,2.0,2.0,0.0,35.8,"{""atmo"":1,""ts"":""2026-10-09T09:17:21.072970+00:00"",""lux"":44.27,""ox"":5111.11,""red"":128431.14,""nh3"":11248.91,""nh3i"":94.4,""fs"":1791536400,""fe"":1791544345}",44.27,5111.11,128431.14,11248.91,94.4,35.8,0.0
2026-10-09 11:17:41.086503+02:00,2026-10-09 09:17:41.086503+00:00,,57.15,1.72,553.31,1.0,2.0,2.0,0.0,37.4,"{""atmo"":1,""ts"":""2026-10-09T09:17:41.086503+00:00"",""lux"":46.64,""ox"":5111.11,""red"":125176.47,""nh3"":11102.4,""nh3i"":94.4,""fs"":1791536400,""fe"":1791544345}",46.64,5111.11,125176.47,11102.4,94.4,37.4,0.0
2026-10-09 11:18:01.100363+02:00,2026-10-09 09:18:01.100363+00:00,,56.86,1.79,548.34,0.0,1.0,1.0,0.0,36.9,"{""atmo"":1,""ts"":""2026-10-09T09:18:01.100363+00:00"",""lux"":47.47,""ox"":5050.55,""red"":126248.52,""nh3"":10307.86,""nh3i"":94.8,""fs"":1791536400,""fe"":1791544345}",47.47,5050.55,126248.52,10307.86,94.8,36.9,0.0
2026-10-09 11:18:21.113722+02:00,2026-10-09 09:18:21.113722+00:00,,56.75,1.97,543.34,0.0,1.0,1.0,0.0,43.8,"{""atmo"":1,""ts"":""2026-10-09T09:18:21.113722+00:00"",""lux"":100.38,""ox"":4990.1,""red"":112306.01,""nh3"":9882.35,""nh3i"":95.1,""fs"":1791536400,""fe"":1791544345}",100.38,4990.1,112306.01,9882.35,95.1,43.8,0.0
2026-10-09 11:18:41.127279+02:00,2026-10-09 09:18:41.127279+00:00,,56.54,1.13,537.71,0.0,1.0,1.0,0.0,28.0,"{""atmo"":1,""ts"":""2026-10-09T09:18:41.127279+00:00"",""lux"":52.03,""ox"":5477.05,""red"":144000.0,""nh3"":12520.58,""nh3i"":93.7,""fs"":1791536400,""fe"":1791544345}",52.03,5477.05,144000.0,12520.58,93.7,28.0,0.0
2026-10-09 11:19:01.140571+02:00,2026-10-09 09:19:01.140571+00:00,,56.32,0.55,532.05,1.0,2.0,2.0,0.0,27.3,"{""atmo"":1,""ts"":""2026-10-09T09:19:01.140571+00:00"",""lux"":88.12,""ox"":5785.36,""red"":145307.19,""nh3"":13762.17,""nh3i"":93.1,""fs"":1791536400,""fe"":1791544345}",88.12,5785.36,145307.19,13762.17,93.1,27.3,0.0
2026-10-09 11:19:21.154036+02:00,2026-10-09 09:19:21.154036+00:00,,55.97,0.24,526.75,1.0,2.0,2.0,0.0,16.8,"{""atmo"":1,""ts"":""2026-10-09T09:19:21.154036+00:00"",""lux"":74.49,""ox"":6159.43,""red"":166382.67,""nh3"":14723.31,""nh3i"":92.6,""fs"":1791536400,""fe"":1791544345}",74.49,6159.43,166382.67,14723.31,92.6,16.8,0.0
2026-10-09 11:19:41.167552+02:00,2026-10-09 09:19:41.167552+00:00,,55.56,0.0,521.16,1.0,2.0,2.0,0.0,17.2,"{""atmo"":1,""ts"":""2026-10-09T09:19:41.167552+00:00"",""lux"":45.92,""ox"":6474.65,""red"":165582.73,""nh3"":15378.91,""nh3i"":92.3,""fs"":1791536400,""fe"":1791544345}",45.92,6474.65,165582.73,15378.91,92.3,17.2,0.0
2026-10-09 11:20:01.181172+02:00,2026-10-09 09:20:01.181172+00:00,,55.24,0.0,515.57,1.0,2.0,2.0,0.0,14.3,"{""atmo"":1,""ts"":""2026-10-09T09:20:01.181172+00:00"",""lux"":45.45,""ox"":7244.35,""red"":171306.27,""nh3"":18306.39,""nh3i"":90.8,""fs"":1791536400,""fe"":1791544345}",45.45,7244.35,171306.27,18306.39,90.8,14.3,0.0
2026-10-09 11:20:21.195109+02:00,2026-10-09 09:20:21.195109+00:00,,54.99,0.13,509.52,1.0,2.0,2.0,0.0,40.3,"{""atmo"":1,""ts"":""2026-10-09T09:20:21.195109+00:00"",""lux"":71.64,""ox"":6601.63,""red"":119498.58,""nh3"":14723.31,""nh3i"":92.6,""fs"":1791536400,""fe"":1791544345}",71.64,6601.63,119498.58,14723.31,92.6,40.3,0.0
2026-10-09 11:20:41.209327+02:00,2026-10-09 09:20:41.209327+00:00,,54.79,0.0,504.2,1.0,2.0,2.0,0.0,26.3,"{""atmo"":1,""ts"":""2026-10-09T09:20:41.209327+00:00"",""lux"":46.04,""ox"":6985.69,""red"":147300.33,""nh3"":15878.65,""nh3i"":92.1,""fs"":1791536400,""fe"":1791544345}",46.04,6985.69,147300.33,15878.65,92.1,26.3,0.0
2026-10-09 11:21:01.222579+02:00,2026-10-09 09:21:01.222579+00:00,,54.53,0.0,498.46,1.0,2.0,2.0,0.0,30.5,"{""atmo"":1,""ts"":""2026-10-09T09:21:01.222579+00:00"",""lux"":104.94,""ox"":7374.49,""red"":138936.71,""nh3"":16470.59,""nh3i"":91.8,""fs"":1791536400,""fe"":1791544345}",104.94,7374.49,138936.71,16470.59,91.8,30.5,0.0
2026-10-09 11:21:21.236156+02:00,2026-10-09 09:21:21.236156+00:00,,54.31,0.0,493.36,0.0,1.0,1.0,0.0,29.6,"{""atmo"":1,""ts"":""2026-10-09T09:21:21.236156+00:00"",""lux"":41.95,""ox"":7179.49,""red"":140805.11,""nh3"":15131.64,""nh3i"":92.4,""fs"":1791536400,""fe"":1791544345}",41.95,7179.49,140805.11,15131.64,92.4,29.6,0.0
2026-10-09 11:21:41.249643+02:00,2026-10-09 09:21:41.249643+00:00,,53.93,0.0,488.89,0.0,1.0,1.0,0.0,27.3,"{""atmo"":1,""ts"":""2026-10-09T09:21:41.249643+00:00"",""lux"":41.84,""ox"":7636.36,""red"":145307.19,""nh3"":16727.27,""nh3i"":91.6,""fs"":1791536400,""fe"":1791544345}",41.84,7636.36,145307.19,16727.27,91.6,27.3,0.0
2026-10-09 11:22:01.263272+02:00,2026-10-09 09:22:01.263272+00:00,,53.87,0.28,484.72,0.0,0.0,0.0,0.0,50.8,"{""atmo"":1,""ts"":""2026-10-09T09:22:01.263272+00:00"",""lux"":77.86,""ox"":6411.35,""red"":98385.96,""nh3"":12368.48,""nh3i"":93.8,""fs"":1791536400,""fe"":1791544345}",77.86,6411.35,98385.96,12368.48,93.8,50.8,0.0
2026-10-09 11:22:21.276972+02:00,2026-10-09 09:22:21.276972+00:00,,53.9,0.29,480.68,0.0,0.0,0.0,0.0,51.6,"{""atmo"":1,""ts"":""2026-10-09T09:22:21.276972+00:00"",""lux"":60.68,""ox"":6034.24,""red"":96853.6,""nh3"":11618.0,""nh3i"":94.2,""fs"":1791536400,""fe"":1791544345}",60.68,6034.24,96853.6,11618.0,94.2,51.6,0.0
2026-10-09 11:22:41.290560+02:00,2026-10-09 09:22:41.290560+00:00,,53.86,0.31,476.69,0.0,0.0,0.0,0.0,54.5,"{""atmo"":1,""ts"":""2026-10-09T09:22:41.290560+00:00"",""lux"":47.05,""ox"":6034.24,""red"":91016.71,""nh3"":11618.0,""nh3i"":94.2,""fs"":1791536400,""fe"":1791544345}",47.05,6034.24,91016.71,11618.0,94.2,54.5,0.0
2026-10-09 11:23:01.304009+02:00,2026-10-09 09:23:01.304009+00:00,,53.69,0.0,472.91,0.0,0.0,0.0,0.0,39.7,"{""atmo"":1,""ts"":""2026-10-09T09:23:01.304009+00:00"",""lux"":90.37,""ox"":6921.35,""red"":120504.3,""nh3"":14159.45,""nh3i"":92.9,""fs"":1791536400,""fe"":1791544345}",90.37,6921.35,120504.3,14159.45,92.9,39.7,0.0
2026-10-09 11:23:21.317492+02:00,2026-10-09 09:23:21.317492+00:00,,53.48,0.27,469.05,0.0,0.0,0.0,0.0,56.7,"{""atmo"":1,""ts"":""2026-10-09T09:23:21.317492+00:00"",""lux"":45.33,""ox"":6159.43,""red"":86592.59,""nh3"":11469.88,""nh3i"":94.3,""fs"":1791536400,""fe"":1791544345}",45.33,6159.43,86592.59,11469.88,94.3,56.7,0.0
2026-10-09 11:23:41.330763+02:00,2026-10-09 09:23:41.330763+00:00,,53.48,0.32,465.19,1.0,1.0,1.0,0.0,55.0,"{""atmo"":1,""ts"":""2026-10-09T09:23:41.330763+00:00"",""lux"":50.72,""ox"":5971.83,""red"":89971.56,""nh3"":11102.4,""nh3i"":94.4,""fs"":1791536400,""fe"":1791544345}",50.72,5971.83,89971.56,11102.4,94.4,55.0,0.0
2026-10-09 11:24:01.344703+02:00,2026-10-09 09:24:01.344703+00:00,,53.37,0.31,461.37,1.0,1.0,1.0,0.0,50.8,"{""atmo"":1,""ts"":""2026-10-09T09:24:01.344703+00:00"",""lux"":49.72,""ox"":5785.36,""red"":98385.96,""nh3"":10956.52,""nh3i"":94.5,""fs"":1791536400,""fe"":1791544345}",49.72,5785.36,98385.96,10956.52,94.5,50.8,0.0
2026-10-09 11:24:21.358185+02:00,2026-10-09 09:24:21.358185+00:00,,53.19,0.0,457.18,1.0,1.0,1.0,0.0,46.3,"{""atmo"":1,""ts"":""2026-10-09T09:24:21.358185+00:00"",""lux"":76.56,""ox"":6285.14,""red"":107395.23,""nh3"":12217.05,""nh3i"":93.9,""fs"":1791536400,""fe"":1791544345}",76.56,6285.14,107395.23,12217.05,93.9,46.3,0.0
2026-10-09 11:24:41.371997+02:00,2026-10-09 09:24:41.371997+00:00,,53.13,0.23,453.29,1.0,1.0,1.0,0.0,55.0,"{""atmo"":1,""ts"":""2026-10-09T09:24:41.371997+00:00"",""lux"":44.09,""ox"":5971.83,""red"":89971.56,""nh3"":11029.38,""nh3i"":94.5,""fs"":1791536400,""fe"":1791544345}",44.09,5971.83,89971.56,11029.38,94.5,55.0,0.0
2026-10-09 11:25:01.385723+02:00,2026-10-09 09:25:01.385723+00:00,,53.05,0.31,449.51,1.0,1.0,1.0,0.0,58.0,"{""atmo"":1,""ts"":""2026-10-09T09:25:01.385723+00:00"",""lux"":53.81,""ox"":5785.36,""red"":84000.0,""nh3"":10666.67,""nh3i"":94.7,""fs"":1791536400,""fe"":1791544345}",53.81,5785.36,84000.0,10666.67,94.7,58.0,0.0
2026-10-09 11:25:21.399491+02:00,2026-10-09 09:25:21.399491+00:00,,52.87,0.0,445.49,1.0,1.0,1.0,0.0,53.1,"{""atmo"":1,""ts"":""2026-10-09T09:25:21.399491+00:00"",""lux"":46.58,""ox"":6665.31,""red"":93878.35,""nh3"":13135.8,""nh3i"":93.4,""fs"":1791536400,""fe"":1791544345}",46.58,6665.31,93878.35,13135.8,93.4,53.1,0.0
2026-10-09 11:25:41.413158+02:00,2026-10-09 09:25:41.413158+00:00,,52.74,0.17,441.63,1.0,1.0,1.0,0.0,55.0,"{""atmo"":1,""ts"":""2026-10-09T09:25:41.413158+00:00"",""lux"":81.24,""ox"":6034.24,""red"":89971.56,""nh3"":11248.91,""nh3i"":94.4,""fs"":1791536400,""fe"":1791544345}",81.24,6034.24,89971.56,11248.91,94.4,55.0,0.0
2026-10-09 11:26:01.427009+02:00,2026-10-09 09:26:01.427009+00:00,,52.6,0.2,437.25,1.0,2.0,2.0,0.0,58.8,"{""atmo"":1,""ts"":""2026-10-09T09:26:01.427009+00:00"",""lux"":67.2,""ox"":6096.77,""red"":82426.97,""nh3"":11248.91,""nh3i"":94.4,""fs"":1791536400,""fe"":1791544345}",67.2,6096.77,82426.97,11248.91,94.4,58.8,0.0
2026-10-09 11:26:21.440303+02:00,2026-10-09 09:26:21.440303+00:00,,52.47,0.0,433.42,1.0,2.0,2.0,0.0,49.4,"{""atmo"":1,""ts"":""2026-10-09T09:26:21.440303+00:00"",""lux"":46.46,""ox"":6665.31,""red"":101142.86,""nh3"":12980.96,""nh3i"":93.5,""fs"":1791536400,""fe"":1791544345}",46.46,6665.31,101142.86,12980.96,93.5,49.4,0.0
2026-10-09 11:26:41.454119+02:00,2026-10-09 09:26:41.454119+00:00,,52.38,0.0,429.75,1.0,2.0,2.0,0.0,54.5,"{""atmo"":1,""ts"":""2026-10-09T09:26:41.454119+00:00"",""lux"":70.1,""ox"":6538.07,""red"":91016.71,""nh3"":12673.36,""nh3i"":93.7,""fs"":1791536400,""fe"":1791544345}",70.1,6538.07,91016.71,12673.36,93.7,54.5,0.0
2026-10-09 11:27:01.468165+02:00,2026-10-09 09:27:01.468165+00:00,,52.22,0.0,425.79,1.0,2.0,2.0,0.0,44.1,"{""atmo"":1,""ts"":""2026-10-09T09:27:01.468165+00:00"",""lux"":50.01,""ox"":6985.69,""red"":111847.41,""nh3"":14239.45,""nh3i"":92.9,""fs"":1791536400,""fe"":1791544345}",50.01,6985.69,111847.41,14239.45,92.9,44.1,0.0
2026-10-09 11:27:21.481572+02:00,2026-10-09 09:27:21.481572+00:00,,51.94,0.0,421.71,0.0,1.0,1.0,0.0,34.7,"{""atmo"":1,""ts"":""2026-10-09T09:27:21.481572+00:00"",""lux"":68.21,""ox"":7439.75,""red"":130666.67,""nh3"":15378.91,""nh3i"":92.3,""fs"":1791536400,""fe"":1791544345}",68.21,7439.75,130666.67,15378.91,92.3,34.7,0.0
2026-10-09 11:27:41.495313+02:00,2026-10-09 09:27:41.495313+00:00,,51.77,0.04,417.99,0.0,1.0,1.0,0.0,52.3,"{""atmo"":1,""ts"":""2026-10-09T09:27:41.495313+00:00"",""lux"":47.35,""ox"":6793.07,""red"":95351.35,""nh3"":13525.96,""nh3i"":93.2,""fs"":1791536400,""fe"":1791544345}",47.35,6793.07,95351.35,13525.96,93.2,52.3,0.0
2026-10-09 11:28:01.508498+02:00,2026-10-09 09:28:01.508498+00:00,,51.54,0.0,414.51,0.0,1.0,1.0,0.0,52.0,"{""atmo"":1,""ts"":""2026-10-09T09:28:01.508498+00:00"",""lux"":47.82,""ox"":6921.35,""red"":96098.77,""nh3"":14000.0,""nh3i"":93.0,""fs"":1791536400,""fe"":1791544345}",47.82,6921.35,96098.77,14000.0,93.0,52.0,0.0
2026-10-09 11:28:21.521779+02:00,2026-10-09 09:28:21.521779+00:00,,51.43,0.0,410.84,1.0,2.0,2.0,0.0,56.0,"{""atmo"":1,""ts"":""2026-10-09T09:28:21.521779+00:00"",""lux"":53.39,""ox"":6665.31,""red"":87925.23,""nh3"":13135.8,""nh3i"":93.4,""fs"":1791536400,""fe"":1791544345}",53.39,6665.31,87925.23,13135.8,93.4,56.0,0.0
2026-10-09 11:28:41.535218+02:00,2026-10-09 09:28:41.535218+00:00,,51.31,0.0,407.15,1.0,2.0,2.0,0.0,55.7,"{""atmo"":1,""ts"":""2026-10-09T09:28:41.535218+00:00"",""lux"":47.11,""ox"":6729.12,""red"":88600.94,""nh3"":13447.58,""nh3i"":93.3,""fs"":1791536400,""fe"":1791544345}",47.11,6729.12,88600.94,13447.58,93.3,55.7,0.0
2026-10-09 11:29:01.547989+02:00,2026-10-09 09:29:01.547989+00:00,,51.22,0.07,403.59,1.0,2.0,2.0,0.0,55.4,"{""atmo"":1,""ts"":""2026-10-09T09:29:01.547989+00:00"",""lux"":48.12,""ox"":6474.65,""red"":89283.02,""nh3"":12444.44,""nh3i"":93.8,""fs"":1791536400,""fe"":1791544345}",48.12,6474.65,89283.02,12444.44,93.8,55.4,0.0
2026-10-09 11:29:21.561762+02:00,2026-10-09 09:29:21.561762+00:00,,51.11,0.25,400.04,1.0,2.0,2.0,0.0,57.5,"{""atmo"":1,""ts"":""2026-10-09T09:29:21.561762+00:00"",""lux"":53.15,""ox"":6034.24,""red"":84961.1,""nh3"":11322.4,""nh3i"":94.3,""fs"":1791536400,""fe"":1791544345}",53.15,6034.24,84961.1,11322.4,94.3,57.5,0.0
2026-10-09 11:29:41.575136+02:00,2026-10-09 09:29:41.575136+00:00,,50.91,0.05,396.47,1.0,2.0,2.0,0.0,56.5,"{""atmo"":1,""ts"":""2026-10-09T09:29:41.575136+00:00"",""lux"":50.61,""ox"":6348.18,""red"":86923.43,""nh3"":12141.59,""nh3i"":93.9,""fs"":1791536400,""fe"":1791544345}",50.61,6348.18,86923.43,12141.59,93.9,56.5,0.0
2026-10-09 11:30:01.589680+02:00,2026-10-09 09:30:01.589680+00:00,,50.63,0.0,392.44,1.0,2.0,2.0,0.0,44.5,"{""atmo"":1,""ts"":""2026-10-09T09:30:01.589680+00:00"",""lux"":49.24,""ox"":6857.14,""red"":110937.67,""nh3"":13762.17,""nh3i"":93.1,""fs"":1791536400,""fe"":1791544345}",49.24,6857.14,110937.67,13762.17,93.1,44.5,0.0
2026-10-09 11:30:21.603215+02:00,2026-10-09 09:30:21.603215+00:00,,50.22,0.0,388.46,1.0,2.0,2.0,0.0,46.7,"{""atmo"":1,""ts"":""2026-10-09T09:30:21.603215+00:00"",""lux"":51.49,""ox"":7768.12,""red"":106532.98,""nh3"":16470.59,""nh3i"":91.8,""fs"":1791536400,""fe"":1791544345}",51.49,7768.12,106532.98,16470.59,91.8,46.7,0.0
2026-10-09 11:30:41.616674+02:00,2026-10-09 09:30:41.616674+00:00,,49.86,0.0,384.63,1.0,2.0,2.0,0.0,40.0,"{""atmo"":1,""ts"":""2026-10-09T09:30:41.616674+00:00"",""lux"":48.71,""ox"":8033.26,""red"":120000.0,""nh3"":17072.36,""nh3i"":91.5,""fs"":1791536400,""fe"":1791544345}",48.71,8033.26,120000.0,17072.36,91.5,40.0,0.0
2026-10-09 11:31:01.629739+02:00,2026-10-09 09:31:01.629739+00:00,,49.51,0.0,380.85,1.0,2.0,2.0,0.0,38.7,"{""atmo"":1,""ts"":""2026-10-09T09:31:01.629739+00:00"",""lux"":45.33,""ox"":8367.82,""red"":122550.72,""nh3"":18396.14,""nh3i"":90.8,""fs"":1791536400,""fe"":1791544345}",45.33,8367.82,122550.72,18396.14,90.8,38.7,0.0
2026-10-09 11:31:21.643577+02:00,2026-10-09 09:31:21.643577+00:00,,49.4,0.0,377.31,1.0,2.0,2.0,0.0,48.8,"{""atmo"":1,""ts"":""2026-10-09T09:31:21.643577+00:00"",""lux"":56.0,""ox"":7179.49,""red"":102354.76,""nh3"":14079.64,""nh3i"":93.0,""fs"":1791536400,""fe"":1791544345}",56.0,7179.49,102354.76,14079.64,93.0,48.8,0.0
2026-10-09 11:31:41.657088+02:00,2026-10-09 09:31:41.657088+00:00,,49.12,0.0,373.79,0.0,1.0,1.0,0.0,42.7,"{""atmo"":1,""ts"":""2026-10-09T09:31:41.657088+00:00"",""lux"":43.91,""ox"":7900.41,""red"":114637.12,""nh3"":16727.27,""nh3i"":91.6,""fs"":1791536400,""fe"":1791544345}",43.91,7900.41,114637.12,16727.27,91.6,42.7,0.0
2026-10-09 11:32:01.670580+02:00,2026-10-09 09:32:01.670580+00:00,,49.05,0.0,369.87,0.0,1.0,1.0,0.0,41.7,"{""atmo"":1,""ts"":""2026-10-09T09:32:01.670580+00:00"",""lux"":44.09,""ox"":7768.12,""red"":116549.02,""nh3"":16470.59,""nh3i"":91.8,""fs"":1791536400,""fe"":1791544345}",44.09,7768.12,116549.02,16470.59,91.8,41.7,0.0
2026-10-09 11:32:21.684119+02:00,2026-10-09 09:32:21.684119+00:00,,48.87,0.0,366.12,0.0,1.0,1.0,0.0,50.4,"{""atmo"":1,""ts"":""2026-10-09T09:32:21.684119+00:00"",""lux"":108.2,""ox"":7702.17,""red"":99163.73,""nh3"":16470.59,""nh3i"":91.8,""fs"":1791536400,""fe"":1791544345}",108.2,7702.17,99163.73,16470.59,91.8,50.4,0.0
2026-10-09 11:32:41.697902+02:00,2026-10-09 09:32:41.697902+00:00,,48.74,0.0,362.74,0.0,1.0,1.0,0.0,42.0,"{""atmo"":1,""ts"":""2026-10-09T09:32:41.697902+00:00"",""lux"":66.72,""ox"":7966.77,""red"":116067.04,""nh3"":17508.35,""nh3i"":91.2,""fs"":1791536400,""fe"":1791544345}",66.72,7966.77,116067.04,17508.35,91.2,42.0,0.0
2026-10-09 11:33:01.711208+02:00,2026-10-09 09:33:01.711208+00:00,,48.63,0.0,359.36,0.0,2.0,2.0,0.0,49.4,"{""atmo"":1,""ts"":""2026-10-09T09:33:01.711208+00:00"",""lux"":73.18,""ox"":7570.69,""red"":101142.86,""nh3"":16046.78,""nh3i"":92.0,""fs"":1791536400,""fe"":1791544345}",73.18,7570.69,101142.86,16046.78,92.0,49.4,0.0
2026-10-09 11:33:21.724554+02:00,2026-10-09 09:33:21.724554+00:00,,48.48,0.04,355.91,0.0,2.0,2.0,0.0,53.2,"{""atmo"":1,""ts"":""2026-10-09T09:33:21.724554+00:00"",""lux"":49.78,""ox"":7114.75,""red"":93514.56,""nh3"":14723.31,""nh3i"":92.6,""fs"":1791536400,""fe"":1791544345}",49.78,7114.75,93514.56,14723.31,92.6,53.2,0.0
2026-10-09 11:33:41.737695+02:00,2026-10-09 09:33:41.737695+00:00,,48.22,0.0,351.95,0.0,2.0,2.0,0.0,45.4,"{""atmo"":1,""ts"":""2026-10-09T09:33:41.737695+00:00"",""lux"":84.09,""ox"":7702.17,""red"":109147.45,""nh3"":16727.27,""nh3i"":91.6,""fs"":1791536400,""fe"":1791544345}",84.09,7702.17,109147.45,16727.27,91.6,45.4,0.0
2026-10-09 11:34:01.751122+02:00,2026-10-09 09:34:01.751122+00:00,,47.95,0.0,348.64,1.0,3.0,3.0,0.0,44.3,"{""atmo"":1,""ts"":""2026-10-09T09:34:01.751122+00:00"",""lux"":56.59,""ox"":7702.17,""red"":111391.3,""nh3"":16385.43,""nh3i"":91.8,""fs"":1791536400,""fe"":1791544345}",56.59,7702.17,111391.3,16385.43,91.8,44.3,0.0
2026-10-09 11:34:21.764993+02:00,2026-10-09 09:34:21.764993+00:00,,47.64,0.0,345.22,1.0,3.0,3.0,0.0,34.7,"{""atmo"":1,""ts"":""2026-10-09T09:34:21.764993+00:00"",""lux"":40.06,""ox"":8435.15,""red"":130666.67,""nh3"":18576.27,""nh3i"":90.7,""fs"":1791536400,""fe"":1791544345}",40.06,8435.15,130666.67,18576.27,90.7,34.7,0.0
2026-10-09 11:34:41.778392+02:00,2026-10-09 09:34:41.778392+00:00,,47.17,0.0,341.48,1.0,3.0,3.0,0.0,32.6,"{""atmo"":1,""ts"":""2026-10-09T09:34:41.778392+00:00"",""lux"":111.4,""ox"":9254.24,""red"":134712.07,""nh3"":21777.78,""nh3i"":89.1,""fs"":1791536400,""fe"":1791544345}",111.4,9254.24,134712.07,21777.78,89.1,32.6,0.0
2026-10-09 11:35:01.792479+02:00,2026-10-09 09:35:01.792479+00:00,,46.92,0.0,338.1,1.0,3.0,3.0,0.0,50.2,"{""atmo"":1,""ts"":""2026-10-09T09:35:01.792479+00:00"",""lux"":64.12,""ox"":8099.9,""red"":99555.56,""nh3"":17772.46,""nh3i"":91.1,""fs"":1791536400,""fe"":1791544345}",64.12,8099.9,99555.56,17772.46,91.1,50.2,0.0
2026-10-09 11:35:21.806295+02:00,2026-10-09 09:35:21.806295+00:00,,46.62,0.0,334.75,0.0,2.0,2.0,0.0,39.0,"{""atmo"":1,""ts"":""2026-10-09T09:35:21.806295+00:00"",""lux"":46.22,""ox"":8978.9,""red"":122034.68,""nh3"":20903.87,""nh3i"":89.5,""fs"":1791536400,""fe"":1791544345}",46.22,8978.9,122034.68,20903.87,89.5,39.0,0.0
2026-10-09 11:35:41.819508+02:00,2026-10-09 09:35:41.819508+00:00,,46.36,0.0,331.37,0.0,2.0,2.0,0.0,38.2,"{""atmo"":1,""ts"":""2026-10-09T09:35:41.819508+00:00"",""lux"":57.78,""ox"":8570.23,""red"":123591.84,""nh3"":19030.45,""nh3i"":90.5,""fs"":1791536400,""fe"":1791544345}",57.78,8570.23,123591.84,19030.45,90.5,38.2,0.0
2026-10-09 11:36:01.832877+02:00,2026-10-09 09:36:01.832877+00:00,,45.95,0.0,326.64,0.0,1.0,1.0,0.0,38.5,"{""atmo"":1,""ts"":""2026-10-09T09:36:01.832877+00:00"",""lux"":42.61,""ox"":9323.44,""red"":123069.77,""nh3"":22073.51,""nh3i"":89.0,""fs"":1791536400,""fe"":1791544345}",42.61,9323.44,123069.77,22073.51,89.0,38.5,0.0
2026-10-09 11:36:21.846238+02:00,2026-10-09 09:36:21.846238+00:00,,45.78,0.0,323.33,0.0,1.0,1.0,0.0,50.2,"{""atmo"":1,""ts"":""2026-10-09T09:36:21.846238+00:00"",""lux"":47.11,""ox"":8502.62,""red"":99555.56,""nh3"":19305.62,""nh3i"":90.3,""fs"":1791536400,""fe"":1791544345}",47.11,8502.62,99555.56,19305.62,90.3,50.2,0.0
2026-10-09 11:36:41.859591+02:00,2026-10-09 09:36:41.859591+00:00,,45.69,0.05,320.29,0.0,1.0,1.0,0.0,51.0,"{""atmo"":1,""ts"":""2026-10-09T09:36:41.859591+00:00"",""lux"":69.39,""ox"":7768.12,""red"":98000.0,""nh3"":16641.51,""nh3i"":91.7,""fs"":1791536400,""fe"":1791544345}",69.39,7768.12,98000.0,16641.51,91.7,51.0,0.0
2026-10-09 11:37:01.873061+02:00,2026-10-09 09:37:01.873061+00:00,,45.61,0.0,317.25,0.0,1.0,1.0,0.0,54.5,"{""atmo"":1,""ts"":""2026-10-09T09:37:01.873061+00:00"",""lux"":49.72,""ox"":8099.9,""red"":91016.71,""nh3"":17860.91,""nh3i"":91.1,""fs"":1791536400,""fe"":1791544345}",49.72,8099.9,91016.71,17860.91,91.1,54.5,0.0
2026-10-09 11:37:21.887990+02:00,2026-10-09 09:37:21.887990+00:00,,45.51,0.11,314.23,0.0,1.0,1.0,0.0,56.2,"{""atmo"":1,""ts"":""2026-10-09T09:37:21.887990+00:00"",""lux"":91.26,""ox"":7702.17,""red"":87589.74,""nh3"":16385.43,""nh3i"":91.8,""fs"":1791536400,""fe"":1791544345}",91.26,7702.17,87589.74,16385.43,91.8,56.2,0.0
2026-10-09 11:37:41.902089+02:00,2026-10-09 09:37:41.902089+00:00,,45.45,0.21,311.37,0.0,1.0,1.0,0.0,50.2,"{""atmo"":1,""ts"":""2026-10-09T09:37:41.902089+00:00"",""lux"":83.43,""ox"":7439.75,""red"":99555.56,""nh3"":15711.29,""nh3i"":92.1,""fs"":1791536400,""fe"":1791544345}",83.43,7439.75,99555.56,15711.29,92.1,50.2,0.0
2026-10-09 11:38:01.915440+02:00,2026-10-09 09:38:01.915440+00:00,,45.31,0.0,307.95,0.0,0.0,0.0,0.0,45.0,"{""atmo"":1,""ts"":""2026-10-09T09:38:01.915440+00:00"",""lux"":104.94,""ox"":8637.99,""red"":110037.74,""nh3"":20426.8,""nh3i"":89.8,""fs"":1791536400,""fe"":1791544345}",104.94,8637.99,110037.74,20426.8,89.8,45.0,0.0
2026-10-09 11:38:21.928860+02:00,2026-10-09 09:38:21.928860+00:00,,45.17,0.0,304.9,0.0,0.0,0.0,0.0,37.4,"{""atmo"":1,""ts"":""2026-10-09T09:38:21.928860+00:00"",""lux"":48.18,""ox"":8570.23,""red"":125176.47,""nh3"":20143.39,""nh3i"":89.9,""fs"":1791536400,""fe"":1791544345}",48.18,8570.23,125176.47,20143.39,89.9,37.4,0.0
2026-10-09 11:38:41.942347+02:00,2026-10-09 09:38:41.942347+00:00,,44.94,0.0,301.97,0.0,1.0,1.0,0.0,44.5,"{""atmo"":1,""ts"":""2026-10-09T09:38:41.942347+00:00"",""lux"":66.13,""ox"":9047.52,""red"":110937.67,""nh3"":21484.28,""nh3i"":89.3,""fs"":1791536400,""fe"":1791544345}",66.13,9047.52,110937.67,21484.28,89.3,44.5,0.0
2026-10-09 11:39:01.955879+02:00,2026-10-09 09:39:01.955879+00:00,,44.83,0.23,299.03,0.0,1.0,1.0,0.0,55.9,"{""atmo"":1,""ts"":""2026-10-09T09:39:01.955879+00:00"",""lux"":74.66,""ox"":7768.12,""red"":88262.3,""nh3"":16813.24,""nh3i"":91.6,""fs"":1791536400,""fe"":1791544345}",74.66,7768.12,88262.3,16813.24,91.6,55.9,0.0
2026-10-09 11:39:21.969169+02:00,2026-10-09 09:39:21.969169+00:00,,44.7,0.0,296.0,0.0,1.0,1.0,0.0,41.5,"{""atmo"":1,""ts"":""2026-10-09T09:39:21.969169+00:00"",""lux"":106.66,""ox"":8502.62,""red"":117033.71,""nh3"":19955.61,""nh3i"":90.0,""fs"":1791536400,""fe"":1791544345}",106.66,8502.62,117033.71,19955.61,90.0,41.5,0.0
2026-10-09 11:39:41.983195+02:00,2026-10-09 09:39:41.983195+00:00,,44.52,0.33,293.23,0.0,1.0,1.0,0.0,51.4,"{""atmo"":1,""ts"":""2026-10-09T09:39:41.983195+00:00"",""lux"":75.67,""ox"":7768.12,""red"":97233.83,""nh3"":17420.74,""nh3i"":91.3,""fs"":1791536400,""fe"":1791544345}",75.67,7768.12,97233.83,17420.74,91.3,51.4,0.0
2026-10-09 11:40:01.996517+02:00,2026-10-09 09:40:01.996517+00:00,,44.33,0.02,290.02,0.0,1.0,1.0,0.0,46.3,"{""atmo"":1,""ts"":""2026-10-09T09:40:01.996517+00:00"",""lux"":58.96,""ox"":8435.15,""red"":107395.23,""nh3"":19955.61,""nh3i"":90.0,""fs"":1791536400,""fe"":1791544345}",58.96,8435.15,107395.23,19955.61,90.0,46.3,0.0
2026-10-09 11:40:22.010108+02:00,2026-10-09 09:40:22.010108+00:00,,44.0,0.0,286.92,0.0,1.0,1.0,0.0,37.1,"{""atmo"":1,""ts"":""2026-10-09T09:40:22.010108+00:00"",""lux"":77.39,""ox"":9323.44,""red"":125710.91,""nh3"":22974.36,""nh3i"":88.5,""fs"":1791536400,""fe"":1791544345}",77.39,9323.44,125710.91,22974.36,88.5,37.1,0.0
2026-10-09 11:40:42.023346+02:00,2026-10-09 09:40:42.023346+00:00,,43.7,0.0,283.85,0.0,1.0,1.0,0.0,40.5,"{""atmo"":1,""ts"":""2026-10-09T09:40:42.023346+00:00"",""lux"":63.41,""ox"":9601.7,""red"":119000.0,""nh3"":24000.0,""nh3i"":88.0,""fs"":1791536400,""fe"":1791544345}",63.41,9601.7,119000.0,24000.0,88.0,40.5,0.0
2026-10-09 11:41:02.036916+02:00,2026-10-09 09:41:02.036916+00:00,,43.53,0.15,280.95,0.0,1.0,1.0,0.0,49.0,"{""atmo"":1,""ts"":""2026-10-09T09:41:02.036916+00:00"",""lux"":68.62,""ox"":8502.62,""red"":101948.72,""nh3"":20049.38,""nh3i"":90.0,""fs"":1791536400,""fe"":1791544345}",68.62,8502.62,101948.72,20049.38,90.0,49.0,0.0
2026-10-09 11:41:22.050363+02:00,2026-10-09 09:41:22.050363+00:00,,43.35,0.05,277.92,0.0,1.0,1.0,0.0,49.8,"{""atmo"":1,""ts"":""2026-10-09T09:41:22.050363+00:00"",""lux"":53.57,""ox"":8773.92,""red"":100345.18,""nh3"":21000.0,""nh3i"":89.5,""fs"":1791536400,""fe"":1791544345}",53.57,8773.92,100345.18,21000.0,89.5,49.8,0.0
2026-10-09 11:41:42.063631+02:00,2026-10-09 09:41:42.063631+00:00,,43.15,0.0,274.93,0.0,1.0,1.0,0.0,39.2,"{""atmo"":1,""ts"":""2026-10-09T09:41:42.063631+00:00"",""lux"":95.88,""ox"":8978.9,""red"":121521.61,""nh3"":21974.68,""nh3i"":89.0,""fs"":1791536400,""fe"":1791544345}",95.88,8978.9,121521.61,21974.68,89.0,39.2,0.0
2026-10-09 11:42:02.076991+02:00,2026-10-09 09:42:02.076991+00:00,,42.86,0.0,271.86,0.0,0.0,0.0,0.0,40.3,"{""atmo"":1,""ts"":""2026-10-09T09:42:02.076991+00:00"",""lux"":102.16,""ox"":9462.27,""red"":119498.58,""nh3"":23586.56,""nh3i"":88.2,""fs"":1791536400,""fe"":1791544345}",102.16,9462.27,119498.58,23586.56,88.2,40.3,0.0
2026-10-09 11:42:22.090588+02:00,2026-10-09 09:42:22.090588+00:00,,42.55,0.0,268.88,0.0,0.0,0.0,0.0,38.7,"{""atmo"":1,""ts"":""2026-10-09T09:42:22.090588+00:00"",""lux"":39.47,""ox"":9671.64,""red"":122550.72,""nh3"":24733.94,""nh3i"":87.6,""fs"":1791536400,""fe"":1791544345}",39.47,9671.64,122550.72,24733.94,87.6,38.7,0.0
2026-10-09 11:42:42.103950+02:00,2026-10-09 09:42:42.103950+00:00,,42.23,0.0,265.98,0.0,0.0,0.0,0.0,40.7,"{""atmo"":1,""ts"":""2026-10-09T09:42:42.103950+00:00"",""lux"":102.93,""ox"":9811.97,""red"":118504.25,""nh3"":25266.49,""nh3i"":87.4,""fs"":1791536400,""fe"":1791544345}",102.93,9811.97,118504.25,25266.49,87.4,40.7,0.0
2026-10-09 11:43:02.117987+02:00,2026-10-09 09:43:02.117987+00:00,,41.94,0.13,263.11,0.0,0.0,0.0,0.0,46.3,"{""atmo"":1,""ts"":""2026-10-09T09:43:02.117987+00:00"",""lux"":109.86,""ox"":9741.73,""red"":107395.23,""nh3"":25266.49,""nh3i"":87.4,""fs"":1791536400,""fe"":1791544345}",109.86,9741.73,107395.23,25266.49,87.4,46.3,0.0
2026-10-09 11:43:22.131306+02:00,2026-10-09 09:43:22.131306+00:00,,41.72,0.0,260.23,0.0,1.0,1.0,0.0,38.7,"{""atmo"":1,""ts"":""2026-10-09T09:43:22.131306+00:00"",""lux"":43.14,""ox"":9254.24,""red"":122550.72,""nh3"":23896.24,""nh3i"":88.1,""fs"":1791536400,""fe"":1791544345}",43.14,9254.24,122550.72,23896.24,88.1,38.7,0.0
2026-10-09 11:43:42.145152+02:00,2026-10-09 09:43:42.145152+00:00,,41.49,0.18,256.98,0.0,1.0,1.0,0.0,50.2,"{""atmo"":1,""ts"":""2026-10-09T09:43:42.145152+00:00"",""lux"":88.17,""ox"":9601.7,""red"":99555.56,""nh3"":24208.33,""nh3i"":87.9,""fs"":1791536400,""fe"":1791544345}",88.17,9601.7,99555.56,24208.33,87.9,50.2,0.0
2026-10-09 11:44:02.158598+02:00,2026-10-09 09:44:02.158598+00:00,,41.38,0.22,253.34,0.0,1.0,1.0,0.0,51.8,"{""atmo"":1,""ts"":""2026-10-09T09:44:02.158598+00:00"",""lux"":72.95,""ox"":8773.92,""red"":96475.25,""nh3"":21386.93,""nh3i"":89.3,""fs"":1791536400,""fe"":1791544345}",72.95,8773.92,96475.25,21386.93,89.3,51.8,0.0
2026-10-09 11:44:22.172293+02:00,2026-10-09 09:44:22.172293+00:00,,41.14,0.0,250.32,0.0,1.0,1.0,0.0,39.0,"{""atmo"":1,""ts"":""2026-10-09T09:44:22.172293+00:00"",""lux"":49.78,""ox"":9671.64,""red"":122034.68,""nh3"":25373.84,""nh3i"":87.3,""fs"":1791536400,""fe"":1791544345}",49.78,9671.64,122034.68,25373.84,87.3,39.0,0.0
2026-10-09 11:44:42.185720+02:00,2026-10-09 09:44:42.185720+00:00,,40.96,0.14,247.56,0.0,1.0,1.0,0.0,44.3,"{""atmo"":1,""ts"":""2026-10-09T09:44:42.185720+00:00"",""lux"":92.15,""ox"":9392.78,""red"":111391.3,""nh3"":24522.88,""nh3i"":87.7,""fs"":1791536400,""fe"":1791544345}",92.15,9392.78,111391.3,24522.88,87.7,44.3,0.0
2026-10-09 11:45:02.199736+02:00,2026-10-09 09:45:02.199736+00:00,,40.82,0.19,244.65,0.0,1.0,1.0,0.0,45.2,"{""atmo"":1,""ts"":""2026-10-09T09:45:02.199736+00:00"",""lux"":49.54,""ox"":9531.91,""red"":109591.4,""nh3"":26352.94,""nh3i"":86.8,""fs"":1791536400,""fe"":1791544345}",49.54,9531.91,109591.4,26352.94,86.8,45.2,0.0
2026-10-09 11:45:22.213146+02:00,2026-10-09 09:45:22.213146+00:00,,40.61,0.24,241.9,0.0,1.0,1.0,0.0,49.0,"{""atmo"":1,""ts"":""2026-10-09T09:45:22.213146+00:00"",""lux"":37.98,""ox"":9254.24,""red"":101948.72,""nh3"":24733.94,""nh3i"":87.6,""fs"":1791536400,""fe"":1791544345}",37.98,9254.24,101948.72,24733.94,87.6,49.0,0.0
2026-10-09 11:45:42.226624+02:00,2026-10-09 09:45:42.226624+00:00,,40.4,0.2,239.03,0.0,0.0,0.0,0.0,44.3,"{""atmo"":1,""ts"":""2026-10-09T09:45:42.226624+00:00"",""lux"":53.69,""ox"":9531.91,""red"":111391.3,""nh3"":26023.97,""nh3i"":87.0,""fs"":1791536400,""fe"":1791544345}",53.69,9531.91,111391.3,26023.97,87.0,44.3,0.0
2026-10-09 11:46:02.239794+02:00,2026-10-09 09:46:02.239794+00:00,,40.13,0.34,235.98,0.0,0.0,0.0,0.0,47.6,"{""atmo"":1,""ts"":""2026-10-09T09:46:02.239794+00:00"",""lux"":49.01,""ox"":9531.91,""red"":104835.51,""nh3"":25806.11,""nh3i"":87.1,""fs"":1791536400,""fe"":1791544345}",49.01,9531.91,104835.51,25806.11,87.1,47.6,0.0
2026-10-09 11:46:22.254479+02:00,2026-10-09 09:46:22.254479+00:00,,39.99,0.37,232.99,0.0,0.0,0.0,0.0,51.0,"{""atmo"":1,""ts"":""2026-10-09T09:46:22.254479+00:00"",""lux"":49.78,""ox"":8842.11,""red"":98000.0,""nh3"":23381.44,""nh3i"":88.3,""fs"":1791536400,""fe"":1791544345}",49.78,8842.11,98000.0,23381.44,88.3,51.0,0.0
2026-10-09 11:46:42.267848+02:00,2026-10-09 09:46:42.267848+00:00,,39.77,0.28,230.09,0.0,0.0,0.0,0.0,48.8,"{""atmo"":1,""ts"":""2026-10-09T09:46:42.267848+00:00"",""lux"":48.0,""ox"":9671.64,""red"":102354.76,""nh3"":27018.87,""nh3i"":86.5,""fs"":1791536400,""fe"":1791544345}",48.0,9671.64,102354.76,27018.87,86.5,48.8,0.0
2026-10-09 11:47:02.281500+02:00,2026-10-09 09:47:02.281500+00:00,,39.62,0.41,227.54,0.0,0.0,0.0,0.0,49.0,"{""atmo"":1,""ts"":""2026-10-09T09:47:02.281500+00:00"",""lux"":46.04,""ox"":9462.27,""red"":101948.72,""nh3"":26573.73,""nh3i"":86.7,""fs"":1791536400,""fe"":1791544345}",46.04,9462.27,101948.72,26573.73,86.7,49.0,0.0
2026-10-09 11:47:22.294846+02:00,2026-10-09 09:47:22.294846+00:00,,39.33,0.22,225.02,0.0,0.0,0.0,0.0,42.9,"{""atmo"":1,""ts"":""2026-10-09T09:47:22.294846+00:00"",""lux"":66.07,""ox"":9882.35,""red"":114165.75,""nh3"":29082.87,""nh3i"":85.5,""fs"":1791536400,""fe"":1791544345}",66.07,9882.35,114165.75,29082.87,85.5,42.9,0.0
2026-10-09 11:47:42.308246+02:00,2026-10-09 09:47:42.308246+00:00,,39.14,0.4,222.5,0.0,0.0,0.0,0.0,49.0,"{""atmo"":1,""ts"":""2026-10-09T09:47:42.308246+00:00"",""lux"":50.43,""ox"":9323.44,""red"":101948.72,""nh3"":26023.97,""nh3i"":87.0,""fs"":1791536400,""fe"":1791544345}",50.43,9323.44,101948.72,26023.97,87.0,49.0,0.0
2026-10-09 11:48:02.321608+02:00,2026-10-09 09:48:02.321608+00:00,,38.93,0.51,220.01,0.0,0.0,0.0,0.0,47.2,"{""atmo"":1,""ts"":""2026-10-09T09:48:02.321608+00:00"",""lux"":54.34,""ox"":9047.52,""red"":105679.79,""nh3"":25266.49,""nh3i"":87.4,""fs"":1791536400,""fe"":1791544345}",54.34,9047.52,105679.79,25266.49,87.4,47.2,0.0
2026-10-09 11:48:22.334814+02:00,2026-10-09 09:48:22.334814+00:00,,38.73,0.18,217.16,0.0,0.0,0.0,0.0,39.7,"{""atmo"":1,""ts"":""2026-10-09T09:48:22.334814+00:00"",""lux"":56.83,""ox"":9462.27,""red"":120504.3,""nh3"":27243.24,""nh3i"":86.4,""fs"":1791536400,""fe"":1791544345}",56.83,9462.27,120504.3,27243.24,86.4,39.7,0.0
2026-10-09 11:48:42.348610+02:00,2026-10-09 09:48:42.348610+00:00,,38.43,0.26,214.4,0.0,0.0,0.0,0.0,43.2,"{""atmo"":1,""ts"":""2026-10-09T09:48:42.348610+00:00"",""lux"":46.64,""ox"":10738.89,""red"":113696.97,""nh3"":32888.89,""nh3i"":83.6,""fs"":1791536400,""fe"":1791544345}",46.64,10738.89,113696.97,32888.89,83.6,43.2,0.0
2026-10-09 11:49:02.362196+02:00,2026-10-09 09:49:02.362196+00:00,,38.24,0.29,211.85,0.0,1.0,1.0,0.0,43.4,"{""atmo"":1,""ts"":""2026-10-09T09:49:02.362196+00:00"",""lux"":39.05,""ox"":9952.89,""red"":113230.77,""nh3"":28965.52,""nh3i"":85.5,""fs"":1791536400,""fe"":1791544345}",39.05,9952.89,113230.77,28965.52,85.5,43.4,0.0
2026-10-09 11:49:22.375508+02:00,2026-10-09 09:49:22.375508+00:00,,38.03,0.27,209.51,0.0,1.0,1.0,0.0,39.5,"{""atmo"":1,""ts"":""2026-10-09T09:49:22.375508+00:00"",""lux"":52.09,""ox"":10236.56,""red"":121011.49,""nh3"":31375.89,""nh3i"":84.3,""fs"":1791536400,""fe"":1791544345}",52.09,10236.56,121011.49,31375.89,84.3,39.5,0.0
2026-10-09 11:49:42.389162+02:00,2026-10-09 09:49:42.389162+00:00,,37.76,0.44,207.21,0.0,1.0,1.0,0.0,42.0,"{""atmo"":1,""ts"":""2026-10-09T09:49:42.389162+00:00"",""lux"":49.12,""ox"":9882.35,""red"":116067.04,""nh3"":30033.52,""nh3i"":85.0,""fs"":1791536400,""fe"":1791544345}",49.12,9882.35,116067.04,30033.52,85.0,42.0,0.0
2026-10-09 11:50:02.403719+02:00,2026-10-09 09:50:02.403719+00:00,,37.51,0.61,204.98,0.0,1.0,1.0,0.0,48.6,"{""atmo"":1,""ts"":""2026-10-09T09:50:02.403719+00:00"",""lux"":62.75,""ox"":9531.91,""red"":102762.89,""nh3"":28268.13,""nh3i"":85.9,""fs"":1791536400,""fe"":1791544345}",62.75,9531.91,102762.89,28268.13,85.9,48.6,0.0
2026-10-09 11:50:22.417457+02:00,2026-10-09 09:50:22.417457+00:00,,37.33,0.44,202.66,0.0,1.0,1.0,0.0,43.4,"{""atmo"":1,""ts"":""2026-10-09T09:50:22.417457+00:00"",""lux"":105.24,""ox"":9601.7,""red"":113230.77,""nh3"":29436.89,""nh3i"":85.3,""fs"":1791536400,""fe"":1791544345}",105.24,9601.7,113230.77,29436.89,85.3,43.4,0.0
2026-10-09 11:50:42.430816+02:00,2026-10-09 09:50:42.430816+00:00,,37.12,0.59,200.5,0.0,1.0,1.0,0.0,43.8,"{""atmo"":1,""ts"":""2026-10-09T09:50:42.430816+00:00"",""lux"":85.03,""ox"":9741.73,""red"":112306.01,""nh3"":30153.85,""nh3i"":84.9,""fs"":1791536400,""fe"":1791544345}",85.03,9741.73,112306.01,30153.85,84.9,43.8,0.0
2026-10-09 11:51:02.444261+02:00,2026-10-09 09:51:02.444261+00:00,,36.89,0.14,197.99,0.0,1.0,1.0,0.0,33.2,"{""atmo"":1,""ts"":""2026-10-09T09:51:02.444261+00:00"",""lux"":82.66,""ox"":11322.4,""red"":133538.46,""nh3"":38333.84,""nh3i"":80.8,""fs"":1791536400,""fe"":1791544345}",82.66,11322.4,133538.46,38333.84,80.8,33.2,0.0
2026-10-09 11:51:22.457472+02:00,2026-10-09 09:51:22.457472+00:00,,36.65,0.29,195.77,0.0,1.0,1.0,0.0,42.7,"{""atmo"":1,""ts"":""2026-10-09T09:51:22.457472+00:00"",""lux"":76.03,""ox"":10956.52,""red"":114637.12,""nh3"":36077.73,""nh3i"":82.0,""fs"":1791536400,""fe"":1791544345}",76.03,10956.52,114637.12,36077.73,82.0,42.7,0.0
2026-10-09 11:51:42.470909+02:00,2026-10-09 09:51:42.470909+00:00,,36.38,0.31,193.43,0.0,1.0,1.0,0.0,34.1,"{""atmo"":1,""ts"":""2026-10-09T09:51:42.470909+00:00"",""lux"":44.8,""ox"":11029.38,""red"":131804.88,""nh3"":37474.96,""nh3i"":81.3,""fs"":1791536400,""fe"":1791544345}",44.8,11029.38,131804.88,37474.96,81.3,34.1,0.0
2026-10-09 11:52:02.484471+02:00,2026-10-09 09:52:02.484471+00:00,,36.16,0.34,191.09,0.0,1.0,1.0,0.0,38.5,"{""atmo"":1,""ts"":""2026-10-09T09:52:02.484471+00:00"",""lux"":48.29,""ox"":10956.52,""red"":123069.77,""nh3"":37051.36,""nh3i"":81.5,""fs"":1791536400,""fe"":1791544345}",48.29,10956.52,123069.77,37051.36,81.5,38.5,0.0
2026-10-09 11:52:22.497771+02:00,2026-10-09 09:52:22.497771+00:00,,35.88,0.33,188.74,0.0,0.0,0.0,0.0,34.4,"{""atmo"":1,""ts"":""2026-10-09T09:52:22.497771+00:00"",""lux"":59.08,""ox"":10956.52,""red"":131234.04,""nh3"":37333.33,""nh3i"":81.3,""fs"":1791536400,""fe"":1791544345}",59.08,10956.52,131234.04,37333.33,81.3,34.4,0.0
2026-10-09 11:52:42.511283+02:00,2026-10-09 09:52:42.511283+00:00,,35.6,0.54,186.67,0.0,0.0,0.0,0.0,42.7,"{""atmo"":1,""ts"":""2026-10-09T09:52:42.511283+00:00"",""lux"":52.5,""ox"":10883.82,""red"":114637.12,""nh3"":36771.08,""nh3i"":81.6,""fs"":1791536400,""fe"":1791544345}",52.5,10883.82,114637.12,36771.08,81.6,42.7,0.0
2026-10-09 11:53:02.525245+02:00,2026-10-09 09:53:02.525245+00:00,,35.37,0.56,184.3,0.0,0.0,0.0,0.0,43.4,"{""atmo"":1,""ts"":""2026-10-09T09:53:02.525245+00:00"",""lux"":52.98,""ox"":10379.31,""red"":113230.77,""nh3"":34455.21,""nh3i"":82.8,""fs"":1791536400,""fe"":1791544345}",52.98,10379.31,113230.77,34455.21,82.8,43.4,0.0
2026-10-09 11:53:22.538879+02:00,2026-10-09 09:53:22.538879+00:00,,35.16,0.68,182.13,0.0,0.0,0.0,0.0,42.2,"{""atmo"":1,""ts"":""2026-10-09T09:53:22.538879+00:00"",""lux"":48.89,""ox"":9882.35,""red"":115587.74,""nh3"":32252.15,""nh3i"":83.9,""fs"":1791536400,""fe"":1791544345}",48.89,9882.35,115587.74,32252.15,83.9,42.2,0.0
2026-10-09 11:53:42.552363+02:00,2026-10-09 09:53:42.552363+00:00,,34.97,0.59,179.95,0.0,1.0,1.0,0.0,44.8,"{""atmo"":1,""ts"":""2026-10-09T09:53:42.552363+00:00"",""lux"":119.17,""ox"":10379.31,""red"":110486.49,""nh3"":35394.66,""nh3i"":82.3,""fs"":1791536400,""fe"":1791544345}",119.17,10379.31,110486.49,35394.66,82.3,44.8,0.0
2026-10-09 11:54:02.566001+02:00,2026-10-09 09:54:02.566001+00:00,,34.81,0.66,177.63,0.0,1.0,1.0,0.0,43.2,"{""atmo"":1,""ts"":""2026-10-09T09:54:02.566001+00:00"",""lux"":30.16,""ox"":9952.89,""red"":113696.97,""nh3"":33146.16,""nh3i"":83.4,""fs"":1791536400,""fe"":1791544345}",30.16,9952.89,113696.97,33146.16,83.4,43.2,0.0
2026-10-09 11:54:22.579582+02:00,2026-10-09 09:54:22.579582+00:00,,34.58,0.65,175.55,0.0,1.0,1.0,0.0,42.0,"{""atmo"":1,""ts"":""2026-10-09T09:54:22.579582+00:00"",""lux"":57.78,""ox"":10666.67,""red"":116067.04,""nh3"":36771.08,""nh3i"":81.6,""fs"":1791536400,""fe"":1791544345}",57.78,10666.67,116067.04,36771.08,81.6,42.0,0.0
2026-10-09 11:54:42.592961+02:00,2026-10-09 09:54:42.592961+00:00,,34.39,0.69,173.18,0.0,0.0,0.0,0.0,41.5,"{""atmo"":1,""ts"":""2026-10-09T09:54:42.592961+00:00"",""lux"":57.3,""ox"":10094.42,""red"":117033.71,""nh3"":33927.01,""nh3i"":83.0,""fs"":1791536400,""fe"":1791544345}",57.3,10094.42,117033.71,33927.01,83.0,41.5,0.0
2026-10-09 11:55:02.606250+02:00,2026-10-09 09:55:02.606250+00:00,,34.15,0.34,170.23,0.0,0.0,0.0,0.0,34.7,"{""atmo"":1,""ts"":""2026-10-09T09:55:02.606250+00:00"",""lux"":134.16,""ox"":11248.91,""red"":130666.67,""nh3"":40551.72,""nh3i"":79.7,""fs"":1791536400,""fe"":1791544345}",134.16,11248.91,130666.67,40551.72,79.7,34.7,0.0
2026-10-09 11:55:22.619669+02:00,2026-10-09 09:55:22.619669+00:00,,33.86,0.44,167.82,0.0,0.0,0.0,0.0,36.6,"{""atmo"":1,""ts"":""2026-10-09T09:55:22.619669+00:00"",""lux"":46.22,""ox"":11766.78,""red"":126789.32,""nh3"":42876.4,""nh3i"":78.6,""fs"":1791536400,""fe"":1791544345}",46.22,11766.78,126789.32,42876.4,78.6,36.6,0.0
2026-10-09 11:55:42.633060+02:00,2026-10-09 09:55:42.633060+00:00,,33.57,0.36,165.39,0.0,0.0,0.0,0.0,32.3,"{""atmo"":1,""ts"":""2026-10-09T09:55:42.633060+00:00"",""lux"":51.61,""ox"":11916.21,""red"":135304.35,""nh3"":44325.73,""nh3i"":77.8,""fs"":1791536400,""fe"":1791544345}",51.61,11916.21,135304.35,44325.73,77.8,32.3,0.0
2026-10-09 11:56:02.646232+02:00,2026-10-09 09:56:02.646232+00:00,,33.29,0.8,163.31,0.0,1.0,1.0,0.0,43.6,"{""atmo"":1,""ts"":""2026-10-09T09:56:02.646232+00:00"",""lux"":56.83,""ox"":10883.82,""red"":112767.12,""nh3"":38478.53,""nh3i"":80.8,""fs"":1791536400,""fe"":1791544345}",56.83,10883.82,112767.12,38478.53,80.8,43.6,0.0
2026-10-09 11:56:22.659914+02:00,2026-10-09 09:56:22.659914+00:00,,33.12,0.74,161.25,0.0,1.0,1.0,0.0,45.4,"{""atmo"":1,""ts"":""2026-10-09T09:56:22.659914+00:00"",""lux"":47.23,""ox"":10379.31,""red"":109147.45,""nh3"":36215.57,""nh3i"":81.9,""fs"":1791536400,""fe"":1791544345}",47.23,10379.31,109147.45,36215.57,81.9,45.4,0.0
2026-10-09 11:56:42.673262+02:00,2026-10-09 09:56:42.673262+00:00,,32.89,0.69,159.12,0.0,1.0,1.0,0.0,41.2,"{""atmo"":1,""ts"":""2026-10-09T09:56:42.673262+00:00"",""lux"":81.72,""ox"":10522.68,""red"":117521.13,""nh3"":38333.84,""nh3i"":80.8,""fs"":1791536400,""fe"":1791544345}",81.72,10522.68,117521.13,38333.84,80.8,41.2,0.0
2026-10-09 11:57:02.687736+02:00,2026-10-09 09:57:02.687736+00:00,,32.71,0.7,156.8,0.0,0.0,0.0,0.0,44.5,"{""atmo"":1,""ts"":""2026-10-09T09:57:02.687736+00:00"",""lux"":68.74,""ox"":10307.86,""red"":110937.67,""nh3"":37192.13,""nh3i"":81.4,""fs"":1791536400,""fe"":1791544345}",68.74,10307.86,110937.67,37192.13,81.4,44.5,0.0
2026-10-09 11:57:22.701161+02:00,2026-10-09 09:57:22.701161+00:00,,32.48,0.52,154.23,0.0,0.0,0.0,0.0,36.3,"{""atmo"":1,""ts"":""2026-10-09T09:57:22.701161+00:00"",""lux"":62.04,""ox"":10883.82,""red"":127333.33,""nh3"":41007.87,""nh3i"":79.5,""fs"":1791536400,""fe"":1791544345}",62.04,10883.82,127333.33,41007.87,79.5,36.3,0.0
2026-10-09 11:57:42.714759+02:00,2026-10-09 09:57:42.714759+00:00,,32.22,0.52,152.12,0.0,0.0,0.0,0.0,34.7,"{""atmo"":1,""ts"":""2026-10-09T09:57:42.714759+00:00"",""lux"":49.24,""ox"":11102.4,""red"":130666.67,""nh3"":42402.56,""nh3i"":78.8,""fs"":1791536400,""fe"":1791544345}",49.24,11102.4,130666.67,42402.56,78.8,34.7,0.0
2026-10-09 11:58:02.728077+02:00,2026-10-09 09:58:02.728077+00:00,,32.02,0.78,150.1,0.0,0.0,0.0,0.0,42.9,"{""atmo"":1,""ts"":""2026-10-09T09:58:02.728077+00:00"",""lux"":102.28,""ox"":10811.28,""red"":114165.75,""nh3"":40250.0,""nh3i"":79.9,""fs"":1791536400,""fe"":1791544345}",102.28,10811.28,114165.75,40250.0,79.9,42.9,0.0
2026-10-09 11:58:22.741577+02:00,2026-10-09 09:58:22.741577+00:00,,31.83,0.9,148.21,0.0,0.0,0.0,0.0,43.6,"{""atmo"":1,""ts"":""2026-10-09T09:58:22.741577+00:00"",""lux"":46.69,""ox"":10379.31,""red"":112767.12,""nh3"":38478.53,""nh3i"":80.8,""fs"":1791536400,""fe"":1791544345}",46.69,10379.31,112767.12,38478.53,80.8,43.6,0.0
2026-10-09 11:58:42.754938+02:00,2026-10-09 09:58:42.754938+00:00,,31.64,0.71,145.9,0.0,0.0,0.0,0.0,38.2,"{""atmo"":1,""ts"":""2026-10-09T09:58:42.754938+00:00"",""lux"":46.81,""ox"":10666.67,""red"":123591.84,""nh3"":41468.35,""nh3i"":79.3,""fs"":1791536400,""fe"":1791544345}",46.81,10666.67,123591.84,41468.35,79.3,38.2,0.0
2026-10-09 11:59:02.768770+02:00,2026-10-09 09:59:02.768770+00:00,,31.4,0.66,143.13,0.0,0.0,0.0,0.0,39.7,"{""atmo"":1,""ts"":""2026-10-09T09:59:02.768770+00:00"",""lux"":54.99,""ox"":11248.91,""red"":120504.3,""nh3"":43837.93,""nh3i"":78.1,""fs"":1791536400,""fe"":1791544345}",54.99,11248.91,120504.3,43837.93,78.1,39.7,0.0
2026-10-09 11:59:22.782543+02:00,2026-10-09 09:59:22.782543+00:00,,31.17,0.7,140.57,0.0,0.0,0.0,0.0,39.0,"{""atmo"":1,""ts"":""2026-10-09T09:59:22.782543+00:00"",""lux"":32.3,""ox"":11102.4,""red"":122034.68,""nh3"":42717.95,""nh3i"":78.6,""fs"":1791536400,""fe"":1791544345}",32.3,11102.4,122034.68,42717.95,78.6,39.0,0.0
2026-10-09 11:59:42.796327+02:00,2026-10-09 09:59:42.796327+00:00,,30.93,0.72,138.76,0.0,0.0,0.0,0.0,37.1,"{""atmo"":1,""ts"":""2026-10-09T09:59:42.796327+00:00"",""lux"":52.8,""ox"":11102.4,""red"":125710.91,""nh3"":44162.6,""nh3i"":77.9,""fs"":1791536400,""fe"":1791544345}",52.8,11102.4,125710.91,44162.6,77.9,37.1,0.0
2026-10-09 12:00:02.809601+02:00,2026-10-09 10:00:02.809601+00:00,,30.73,1.0,136.95,0.0,0.0,0.0,0.0,42.4,"{""atmo"":1,""ts"":""2026-10-09T10:00:02.809601+00:00"",""lux"":57.72,""ox"":10811.28,""red"":115111.11,""nh3"":42560.0,""nh3i"":78.7,""fs"":1791536400,""fe"":1791544345}",57.72,10811.28,115111.11,42560.0,78.7,42.4,0.0
2026-10-09 12:00:22.823226+02:00,2026-10-09 10:00:22.823226+00:00,,30.57,0.88,135.12,0.0,0.0,0.0,0.0,39.0,"{""atmo"":1,""ts"":""2026-10-09T10:00:22.823226+00:00"",""lux"":47.17,""ox"":10450.92,""red"":122034.68,""nh3"":41777.78,""nh3i"":79.1,""fs"":1791536400,""fe"":1791544345}",47.17,10450.92,122034.68,41777.78,79.1,39.0,0.0
2026-10-09 12:00:42.836486+02:00,2026-10-09 10:00:42.836486+00:00,,30.36,0.77,133.35,0.0,0.0,0.0,0.0,37.1,"{""atmo"":1,""ts"":""2026-10-09T10:00:42.836486+00:00"",""lux"":46.22,""ox"":10883.82,""red"":125710.91,""nh3"":45482.7,""nh3i"":77.3,""fs"":1791536400,""fe"":1791544345}",46.22,10883.82,125710.91,45482.7,77.3,37.1,0.0
2026-10-09 12:01:02.849836+02:00,2026-10-09 10:01:02.849836+00:00,,30.13,0.8,131.49,0.0,0.0,0.0,0.0,37.4,"{""atmo"":1,""ts"":""2026-10-09T10:01:02.849836+00:00"",""lux"":50.49,""ox"":11322.4,""red"":125176.47,""nh3"":48054.05,""nh3i"":76.0,""fs"":1791536400,""fe"":1791544345}",50.49,11322.4,125176.47,48054.05,76.0,37.4,0.0
2026-10-09 12:01:22.863474+02:00,2026-10-09 10:01:22.863474+00:00,,29.93,0.87,129.77,0.0,0.0,0.0,0.0,37.1,"{""atmo"":1,""ts"":""2026-10-09T10:01:22.863474+00:00"",""lux"":83.73,""ox"":11322.4,""red"":125710.91,""nh3"":48584.04,""nh3i"":75.7,""fs"":1791536400,""fe"":1791544345}",83.73,11322.4,125710.91,48584.04,75.7,37.1,0.0
2026-10-09 12:01:42.876841+02:00,2026-10-09 10:01:42.876841+00:00,,29.77,0.87,127.87,0.0,1.0,1.0,0.0,42.2,"{""atmo"":1,""ts"":""2026-10-09T10:01:42.876841+00:00"",""lux"":68.92,""ox"":10811.28,""red"":115587.74,""nh3"":44653.59,""nh3i"":77.7,""fs"":1791536400,""fe"":1791544345}",68.92,10811.28,115587.74,44653.59,77.7,42.2,0.0
2026-10-09 12:02:02.890817+02:00,2026-10-09 10:02:02.890817+00:00,,29.63,1.01,126.09,0.0,1.0,1.0,0.0,44.8,"{""atmo"":1,""ts"":""2026-10-09T10:02:02.890817+00:00"",""lux"":48.83,""ox"":10450.92,""red"":110486.49,""nh3"":42245.61,""nh3i"":78.9,""fs"":1791536400,""fe"":1791544345}",48.83,10450.92,110486.49,42245.61,78.9,44.8,0.0
2026-10-09 12:02:22.904995+02:00,2026-10-09 10:02:22.904995+00:00,,29.49,0.87,124.36,0.0,1.0,1.0,0.0,42.7,"{""atmo"":1,""ts"":""2026-10-09T10:02:22.904995+00:00"",""lux"":50.55,""ox"":10307.86,""red"":114637.12,""nh3"":42245.61,""nh3i"":78.9,""fs"":1791536400,""fe"":1791544345}",50.55,10307.86,114637.12,42245.61,78.9,42.7,0.0
2026-10-09 12:02:42.918217+02:00,2026-10-09 10:02:42.918217+00:00,,29.31,1.05,122.78,0.0,1.0,1.0,0.0,42.2,"{""atmo"":1,""ts"":""2026-10-09T10:02:42.918217+00:00"",""lux"":48.53,""ox"":10379.31,""red"":115587.74,""nh3"":43354.84,""nh3i"":78.3,""fs"":1791536400,""fe"":1791544345}",48.53,10379.31,115587.74,43354.84,78.3,42.2,0.0
2026-10-09 12:03:02.931745+02:00,2026-10-09 10:03:02.931745+00:00,,29.16,0.96,121.03,0.0,1.0,1.0,0.0,41.2,"{""atmo"":1,""ts"":""2026-10-09T10:03:02.931745+00:00"",""lux"":95.23,""ox"":10594.59,""red"":117521.13,""nh3"":45482.7,""nh3i"":77.3,""fs"":1791536400,""fe"":1791544345}",95.23,10594.59,117521.13,45482.7,77.3,41.2,0.0
2026-10-09 12:03:22.945153+02:00,2026-10-09 10:03:22.945153+00:00,,28.99,1.11,119.45,0.0,1.0,1.0,0.0,45.0,"{""atmo"":1,""ts"":""2026-10-09T10:03:22.945153+00:00"",""lux"":57.18,""ox"":10450.92,""red"":110037.74,""nh3"":43676.38,""nh3i"":78.2,""fs"":1791536400,""fe"":1791544345}",57.18,10450.92,110037.74,43676.38,78.2,45.0,0.0
2026-10-09 12:03:42.959087+02:00,2026-10-09 10:03:42.959087+00:00,,28.85,1.23,117.76,0.0,1.0,1.0,0.0,44.3,"{""atmo"":1,""ts"":""2026-10-09T10:03:42.959087+00:00"",""lux"":52.32,""ox"":10165.41,""red"":111391.3,""nh3"":42717.95,""nh3i"":78.6,""fs"":1791536400,""fe"":1791544345}",52.32,10165.41,111391.3,42717.95,78.6,44.3,0.0
2026-10-09 12:04:02.972460+02:00,2026-10-09 10:04:02.972460+00:00,,28.69,1.1,116.16,1.0,1.0,1.0,0.0,44.3,"{""atmo"":1,""ts"":""2026-10-09T10:04:02.972460+00:00"",""lux"":113.77,""ox"":10023.58,""red"":111391.3,""nh3"":42402.56,""nh3i"":78.8,""fs"":1791536400,""fe"":1791544345}",113.77,10023.58,111391.3,42402.56,78.8,44.3,0.0
2026-10-09 12:04:22.986288+02:00,2026-10-09 10:04:22.986288+00:00,,28.5,1.19,114.57,1.0,1.0,1.0,0.0,43.2,"{""atmo"":1,""ts"":""2026-10-09T10:04:22.986288+00:00"",""lux"":57.18,""ox"":10522.68,""red"":113696.97,""nh3"":46495.84,""nh3i"":76.8,""fs"":1791536400,""fe"":1791544345}",57.18,10522.68,113696.97,46495.84,76.8,43.2,0.0
2026-10-09 12:04:42.999508+02:00,2026-10-09 10:04:42.999508+00:00,,28.32,1.19,113.0,1.0,1.0,1.0,0.0,42.9,"{""atmo"":1,""ts"":""2026-10-09T10:04:42.999508+00:00"",""lux"":46.34,""ox"":10379.31,""red"":114165.75,""nh3"":45315.79,""nh3i"":77.3,""fs"":1791536400,""fe"":1791544345}",46.34,10379.31,114165.75,45315.79,77.3,42.9,0.0
2026-10-09 12:05:03.013495+02:00,2026-10-09 10:05:03.013495+00:00,,28.14,1.2,111.32,0.0,0.0,0.0,0.0,40.3,"{""atmo"":1,""ts"":""2026-10-09T10:05:03.013495+00:00"",""lux"":46.4,""ox"":10738.89,""red"":119498.58,""nh3"":49479.45,""nh3i"":75.3,""fs"":1791536400,""fe"":1791544345}",46.4,10738.89,119498.58,49479.45,75.3,40.3,0.0
2026-10-09 12:05:23.026919+02:00,2026-10-09 10:05:23.026919+00:00,,27.99,1.08,109.79,0.0,0.0,0.0,0.0,38.5,"{""atmo"":1,""ts"":""2026-10-09T10:05:23.026919+00:00"",""lux"":64.89,""ox"":10811.28,""red"":123069.77,""nh3"":50390.33,""nh3i"":74.8,""fs"":1791536400,""fe"":1791544345}",64.89,10811.28,123069.77,50390.33,74.8,38.5,0.0
2026-10-09 12:05:43.040576+02:00,2026-10-09 10:05:43.040576+00:00,,27.85,1.17,108.16,0.0,0.0,0.0,0.0,42.4,"{""atmo"":1,""ts"":""2026-10-09T10:05:43.040576+00:00"",""lux"":49.54,""ox"":10666.67,""red"":115111.11,""nh3"":48406.78,""nh3i"":75.8,""fs"":1791536400,""fe"":1791544345}",49.54,10666.67,115111.11,48406.78,75.8,42.4,0.0
2026-10-09 12:06:03.054088+02:00,2026-10-09 10:06:03.054088+00:00,,27.66,1.1,106.58,0.0,0.0,0.0,0.0,37.9,"{""atmo"":1,""ts"":""2026-10-09T10:06:03.054088+00:00"",""lux"":55.17,""ox"":10811.28,""red"":124116.96,""nh3"":51130.43,""nh3i"":74.4,""fs"":1791536400,""fe"":1791544345}",55.17,10811.28,124116.96,51130.43,74.4,37.9,0.0
2026-10-09 12:06:23.067037+02:00,2026-10-09 10:06:23.067037+00:00,,27.48,1.18,105.14,0.0,1.0,1.0,0.0,39.5,"{""atmo"":1,""ts"":""2026-10-09T10:06:23.067037+00:00"",""lux"":47.23,""ox"":10811.28,""red"":121011.49,""nh3"":50574.39,""nh3i"":74.7,""fs"":1791536400,""fe"":1791544345}",47.23,10811.28,121011.49,50574.39,74.7,39.5,0.0
2026-10-09 12:06:43.080943+02:00,2026-10-09 10:06:43.080943+00:00,,27.32,1.13,103.63,0.0,1.0,1.0,0.0,37.9,"{""atmo"":1,""ts"":""2026-10-09T10:06:43.080943+00:00"",""lux"":49.72,""ox"":10883.82,""red"":124116.96,""nh3"":52641.98,""nh3i"":73.7,""fs"":1791536400,""fe"":1791544345}",49.72,10883.82,124116.96,52641.98,73.7,37.9,0.0
2026-10-09 12:07:03.094737+02:00,2026-10-09 10:07:03.094737+00:00,,27.17,1.06,102.26,0.0,1.0,2.0,0.0,37.4,"{""atmo"":1,""ts"":""2026-10-09T10:07:03.094737+00:00"",""lux"":74.6,""ox"":10811.28,""red"":125176.47,""nh3"":52450.7,""nh3i"":73.8,""fs"":1791536400,""fe"":1791544345}",74.6,10811.28,125176.47,52450.7,73.8,37.4,0.0
2026-10-09 12:07:23.108459+02:00,2026-10-09 10:07:23.108459+00:00,,27.05,1.22,100.86,0.0,1.0,2.0,0.0,40.5,"{""atmo"":1,""ts"":""2026-10-09T10:07:23.108459+00:00"",""lux"":89.54,""ox"":10666.67,""red"":119000.0,""nh3"":50944.44,""nh3i"":74.5,""fs"":1791536400,""fe"":1791544345}",89.54,10666.67,119000.0,50944.44,74.5,40.5,0.0
2026-10-09 12:07:43.121853+02:00,2026-10-09 10:07:43.121853+00:00,,26.91,1.25,99.52,0.0,1.0,2.0,0.0,41.0,"{""atmo"":1,""ts"":""2026-10-09T10:07:43.121853+00:00"",""lux"":77.92,""ox"":10666.67,""red"":118011.3,""nh3"":51317.07,""nh3i"":74.3,""fs"":1791536400,""fe"":1791544345}",77.92,10666.67,118011.3,51317.07,74.3,41.0,0.0
2026-10-09 12:08:03.135232+02:00,2026-10-09 10:08:03.135232+00:00,,26.76,1.15,98.27,0.0,1.0,2.0,0.0,39.2,"{""atmo"":1,""ts"":""2026-10-09T10:08:03.135232+00:00"",""lux"":45.33,""ox"":10522.68,""red"":121521.61,""nh3"":50944.44,""nh3i"":74.5,""fs"":1791536400,""fe"":1791544345}",45.33,10522.68,121521.61,50944.44,74.5,39.2,0.0
2026-10-09 12:08:23.148962+02:00,2026-10-09 10:08:23.148962+00:00,,26.65,1.35,96.93,0.0,1.0,2.0,0.0,42.4,"{""atmo"":1,""ts"":""2026-10-09T10:08:23.148962+00:00"",""lux"":55.7,""ox"":10307.86,""red"":115111.11,""nh3"":48940.37,""nh3i"":75.5,""fs"":1791536400,""fe"":1791544345}",55.7,10307.86,115111.11,48940.37,75.5,42.4,0.0
2026-10-09 12:08:43.162334+02:00,2026-10-09 10:08:43.162334+00:00,,26.49,1.33,95.69,0.0,1.0,2.0,0.0,41.2,"{""atmo"":1,""ts"":""2026-10-09T10:08:43.162334+00:00"",""lux"":58.07,""ox"":10450.92,""red"":117521.13,""nh3"":51130.43,""nh3i"":74.4,""fs"":1791536400,""fe"":1791544345}",58.07,10450.92,117521.13,51130.43,74.4,41.2,0.0
2026-10-09 12:09:03.175854+02:00,2026-10-09 10:09:03.175854+00:00,,26.36,1.31,94.38,0.0,1.0,2.0,0.0,41.5,"{""atmo"":1,""ts"":""2026-10-09T10:09:03.175854+00:00"",""lux"":60.56,""ox"":10236.56,""red"":117033.71,""nh3"":49299.15,""nh3i"":75.4,""fs"":1791536400,""fe"":1791544345}",60.56,10236.56,117033.71,49299.15,75.4,41.5,0.0
2026-10-09 12:09:23.189319+02:00,2026-10-09 10:09:23.189319+00:00,,26.24,1.37,92.96,0.0,1.0,2.0,0.0,41.0,"{""atmo"":1,""ts"":""2026-10-09T10:09:23.189319+00:00"",""lux"":54.28,""ox"":10236.56,""red"":118011.3,""nh3"":50024.1,""nh3i"":75.0,""fs"":1791536400,""fe"":1791544345}",54.28,10236.56,118011.3,50024.1,75.0,41.0,0.0
2026-10-09 12:09:43.202660+02:00,2026-10-09 10:09:43.202660+00:00,,26.13,1.32,91.07,0.0,0.0,1.0,0.0,42.4,"{""atmo"":1,""ts"":""2026-10-09T10:09:43.202660+00:00"",""lux"":49.3,""ox"":10379.31,""red"":115111.11,""nh3"":50759.1,""nh3i"":74.6,""fs"":1791536400,""fe"":1791544345}",49.3,10379.31,115111.11,50759.1,74.6,42.4,0.0
2026-10-09 12:10:03.215892+02:00,2026-10-09 10:10:03.215892+00:00,,26.0,1.12,89.63,0.0,0.0,0.0,0.0,36.3,"{""atmo"":1,""ts"":""2026-10-09T10:10:03.215892+00:00"",""lux"":101.45,""ox"":10738.89,""red"":127333.33,""nh3"":55392.41,""nh3i"":72.3,""fs"":1791536400,""fe"":1791544345}",101.45,10738.89,127333.33,55392.41,72.3,36.3,0.0
2026-10-09 12:10:23.229585+02:00,2026-10-09 10:10:23.229585+00:00,,25.86,1.4,88.48,0.0,0.0,0.0,0.0,41.0,"{""atmo"":1,""ts"":""2026-10-09T10:10:23.229585+00:00"",""lux"":52.21,""ox"":10522.68,""red"":118011.3,""nh3"":52641.98,""nh3i"":73.7,""fs"":1791536400,""fe"":1791544345}",52.21,10522.68,118011.3,52641.98,73.7,41.0,0.0
2026-10-09 12:10:43.242846+02:00,2026-10-09 10:10:43.242846+00:00,,25.75,1.4,87.08,0.0,0.0,0.0,0.0,43.4,"{""atmo"":1,""ts"":""2026-10-09T10:10:43.242846+00:00"",""lux"":69.81,""ox"":10165.41,""red"":113230.77,""nh3"":49119.45,""nh3i"":75.4,""fs"":1791536400,""fe"":1791544345}",69.81,10165.41,113230.77,49119.45,75.4,43.4,0.0
2026-10-09 12:11:03.256657+02:00,2026-10-09 10:11:03.256657+00:00,,25.65,1.36,85.83,0.0,1.0,1.0,0.0,42.7,"{""atmo"":1,""ts"":""2026-10-09T10:11:03.256657+00:00"",""lux"":48.06,""ox"":10023.58,""red"":114637.12,""nh3"":49299.15,""nh3i"":75.4,""fs"":1791536400,""fe"":1791544345}",48.06,10023.58,114637.12,49299.15,75.4,42.7,0.0
2026-10-09 12:11:23.270048+02:00,2026-10-09 10:11:23.270048+00:00,,25.53,1.5,84.6,0.0,1.0,1.0,0.0,44.3,"{""atmo"":1,""ts"":""2026-10-09T10:11:23.270048+00:00"",""lux"":48.53,""ox"":9811.97,""red"":111391.3,""nh3"":48054.05,""nh3i"":76.0,""fs"":1791536400,""fe"":1791544345}",48.53,9811.97,111391.3,48054.05,76.0,44.3,0.0
2026-10-09 12:11:43.283718+02:00,2026-10-09 10:11:43.283718+00:00,,25.42,1.4,83.4,0.0,1.0,1.0,0.0,41.7,"{""atmo"":1,""ts"":""2026-10-09T10:11:43.283718+00:00"",""lux"":46.69,""ox"":10165.41,""red"":116549.02,""nh3"":51692.31,""nh3i"":74.2,""fs"":1791536400,""fe"":1791544345}",46.69,10165.41,116549.02,51692.31,74.2,41.7,0.0
2026-10-09 12:12:03.296996+02:00,2026-10-09 10:12:03.296996+00:00,,25.31,1.41,82.22,0.0,1.0,2.0,0.0,43.2,"{""atmo"":1,""ts"":""2026-10-09T10:12:03.296996+00:00"",""lux"":57.12,""ox"":9882.35,""red"":113696.97,""nh3"":48940.37,""nh3i"":75.5,""fs"":1791536400,""fe"":1791544345}",57.12,9882.35,113696.97,48940.37,75.5,43.2,0.0
2026-10-09 12:12:23.310622+02:00,2026-10-09 10:12:23.310622+00:00,,25.19,1.4,81.01,0.0,1.0,2.0,0.0,42.4,"{""atmo"":1,""ts"":""2026-10-09T10:12:23.310622+00:00"",""lux"":104.29,""ox"":9811.97,""red"":115111.11,""nh3"":49119.45,""nh3i"":75.4,""fs"":1791536400,""fe"":1791544345}",104.29,9811.97,115111.11,49119.45,75.4,42.4,0.0
2026-10-09 12:12:43.323817+02:00,2026-10-09 10:12:43.323817+00:00,,25.09,1.42,79.85,0.0,1.0,2.0,0.0,42.0,"{""atmo"":1,""ts"":""2026-10-09T10:12:43.323817+00:00"",""lux"":53.39,""ox"":9952.89,""red"":116067.04,""nh3"":51130.43,""nh3i"":74.4,""fs"":1791536400,""fe"":1791544345}",53.39,9952.89,116067.04,51130.43,74.4,42.0,0.0
2026-10-09 12:13:03.337683+02:00,2026-10-09 10:13:03.337683+00:00,,24.97,1.39,78.78,0.0,1.0,2.0,0.0,40.7,"{""atmo"":1,""ts"":""2026-10-09T10:13:03.337683+00:00"",""lux"":75.91,""ox"":9952.89,""red"":118504.25,""nh3"":51504.36,""nh3i"":74.2,""fs"":1791536400,""fe"":1791544345}",75.91,9952.89,118504.25,51504.36,74.2,40.7,0.0
2026-10-09 12:13:23.350633+02:00,2026-10-09 10:13:23.350633+00:00,,24.88,1.53,77.67,0.0,0.0,1.0,0.0,42.7,"{""atmo"":1,""ts"":""2026-10-09T10:13:23.350633+00:00"",""lux"":42.9,""ox"":9741.73,""red"":114637.12,""nh3"":49119.45,""nh3i"":75.4,""fs"":1791536400,""fe"":1791544345}",42.9,9741.73,114637.12,49119.45,75.4,42.7,0.0
2026-10-09 12:13:43.364895+02:00,2026-10-09 10:13:43.364895+00:00,,24.8,1.53,76.51,0.0,0.0,1.0,0.0,44.5,"{""atmo"":1,""ts"":""2026-10-09T10:13:43.364895+00:00"",""lux"":52.8,""ox"":9671.64,""red"":110937.67,""nh3"":48761.9,""nh3i"":75.6,""fs"":1791536400,""fe"":1791544345}",52.8,9671.64,110937.67,48761.9,75.6,44.5,0.0
2026-10-09 12:14:03.378331+02:00,2026-10-09 10:14:03.378331+00:00,,24.73,1.54,75.45,0.0,0.0,1.0,0.0,45.6,"{""atmo"":1,""ts"":""2026-10-09T10:14:03.378331+00:00"",""lux"":49.54,""ox"":9462.27,""red"":108705.88,""nh3"":46495.84,""nh3i"":76.8,""fs"":1791536400,""fe"":1791544345}",49.54,9462.27,108705.88,46495.84,76.8,45.6,0.0
2026-10-09 12:14:23.391604+02:00,2026-10-09 10:14:23.391604+00:00,,24.65,1.59,74.34,0.0,0.0,1.0,0.0,45.9,"{""atmo"":1,""ts"":""2026-10-09T10:14:23.391604+00:00"",""lux"":58.61,""ox"":9392.78,""red"":108266.67,""nh3"":45818.18,""nh3i"":77.1,""fs"":1791536400,""fe"":1791544345}",58.61,9392.78,108266.67,45818.18,77.1,45.9,0.0
2026-10-09 12:14:43.405004+02:00,2026-10-09 10:14:43.405004+00:00,,24.56,1.55,73.23,0.0,0.0,1.0,0.0,45.4,"{""atmo"":1,""ts"":""2026-10-09T10:14:43.405004+00:00"",""lux"":73.06,""ox"":9392.78,""red"":109147.45,""nh3"":46838.06,""nh3i"":76.6,""fs"":1791536400,""fe"":1791544345}",73.06,9392.78,109147.45,46838.06,76.6,45.4,0.0
2026-10-09 12:15:03.418982+02:00,2026-10-09 10:15:03.418982+00:00,,24.49,1.58,72.15,0.0,0.0,1.0,0.0,45.2,"{""atmo"":1,""ts"":""2026-10-09T10:15:03.418982+00:00"",""lux"":51.73,""ox"":9323.44,""red"":109591.4,""nh3"":46838.06,""nh3i"":76.6,""fs"":1791536400,""fe"":1791544345}",51.73,9323.44,109591.4,46838.06,76.6,45.2,0.0
2026-10-09 12:15:23.432435+02:00,2026-10-09 10:15:23.432435+00:00,,24.41,1.48,71.11,0.0,0.0,1.0,0.0,43.8,"{""atmo"":1,""ts"":""2026-10-09T10:15:23.432435+00:00"",""lux"":50.9,""ox"":9462.27,""red"":112306.01,""nh3"":48584.04,""nh3i"":75.7,""fs"":1791536400,""fe"":1791544345}",50.9,9462.27,112306.01,48584.04,75.7,43.8,0.0
2026-10-09 12:15:43.445806+02:00,2026-10-09 10:15:43.445806+00:00,,24.32,1.56,70.07,0.0,0.0,1.0,0.0,44.3,"{""atmo"":1,""ts"":""2026-10-09T10:15:43.445806+00:00"",""lux"":53.04,""ox"":9392.78,""red"":111391.3,""nh3"":47529.41,""nh3i"":76.2,""fs"":1791536400,""fe"":1791544345}",53.04,9392.78,111391.3,47529.41,76.2,44.3,0.0
2026-10-09 12:16:03.459207+02:00,2026-10-09 10:16:03.459207+00:00,,24.22,1.55,69.08,0.0,0.0,0.0,0.0,44.5,"{""atmo"":1,""ts"":""2026-10-09T10:16:03.459207+00:00"",""lux"":52.44,""ox"":9392.78,""red"":110937.67,""nh3"":48406.78,""nh3i"":75.8,""fs"":1791536400,""fe"":1791544345}",52.44,9392.78,110937.67,48406.78,75.8,44.5,0.0
2026-10-09 12:16:23.472853+02:00,2026-10-09 10:16:23.472853+00:00,,24.15,1.62,68.05,0.0,0.0,0.0,0.0,45.9,"{""atmo"":1,""ts"":""2026-10-09T10:16:23.472853+00:00"",""lux"":48.83,""ox"":9185.19,""red"":108266.67,""nh3"":45986.75,""nh3i"":77.0,""fs"":1791536400,""fe"":1791544345}",48.83,9185.19,108266.67,45986.75,77.0,45.9,0.0
2026-10-09 12:16:43.486669+02:00,2026-10-09 10:16:43.486669+00:00,,24.07,1.57,67.05,0.0,0.0,0.0,0.0,44.8,"{""atmo"":1,""ts"":""2026-10-09T10:16:43.486669+00:00"",""lux"":65.72,""ox"":9116.28,""red"":110486.49,""nh3"":46155.89,""nh3i"":76.9,""fs"":1791536400,""fe"":1791544345}",65.72,9116.28,110486.49,46155.89,76.9,44.8,0.0
2026-10-09 12:17:03.500144+02:00,2026-10-09 10:17:03.500144+00:00,,24.01,1.64,66.02,0.0,0.0,0.0,0.0,46.3,"{""atmo"":1,""ts"":""2026-10-09T10:17:03.500144+00:00"",""lux"":50.37,""ox"":8978.9,""red"":107395.23,""nh3"":45482.7,""nh3i"":77.3,""fs"":1791536400,""fe"":1791544345}",50.37,8978.9,107395.23,45482.7,77.3,46.3,0.0
2026-10-09 12:17:23.514538+02:00,2026-10-09 10:17:23.514538+00:00,,23.95,1.57,64.99,0.0,0.0,0.0,0.0,46.3,"{""atmo"":1,""ts"":""2026-10-09T10:17:23.514538+00:00"",""lux"":79.23,""ox"":8978.9,""red"":107395.23,""nh3"":45315.79,""nh3i"":77.3,""fs"":1791536400,""fe"":1791544345}",79.23,8978.9,107395.23,45315.79,77.3,46.3,0.0
2026-10-09 12:17:43.527989+02:00,2026-10-09 10:17:43.527989+00:00,,23.89,1.64,64.05,0.0,0.0,0.0,0.0,47.8,"{""atmo"":1,""ts"":""2026-10-09T10:17:43.527989+00:00"",""lux"":62.28,""ox"":8773.92,""red"":104416.67,""nh3"":43194.85,""nh3i"":78.4,""fs"":1791536400,""fe"":1791544345}",62.28,8773.92,104416.67,43194.85,78.4,47.8,0.0
2026-10-09 12:18:03.541250+02:00,2026-10-09 10:18:03.541250+00:00,,23.82,1.61,63.05,0.0,0.0,0.0,0.0,46.3,"{""atmo"":1,""ts"":""2026-10-09T10:18:03.541250+00:00"",""lux"":73.89,""ox"":8773.92,""red"":107395.23,""nh3"":43676.38,""nh3i"":78.2,""fs"":1791536400,""fe"":1791544345}",73.89,8773.92,107395.23,43676.38,78.2,46.3,0.0
2026-10-09 12:18:23.554786+02:00,2026-10-09 10:18:23.554786+00:00,,23.77,1.72,62.2,0.0,0.0,0.0,0.0,48.2,"{""atmo"":1,""ts"":""2026-10-09T10:18:23.554786+00:00"",""lux"":46.28,""ox"":8637.99,""red"":103585.49,""nh3"":42245.61,""nh3i"":78.9,""fs"":1791536400,""fe"":1791544345}",46.28,8637.99,103585.49,42245.61,78.9,48.2,0.0
2026-10-09 12:18:43.568150+02:00,2026-10-09 10:18:43.568150+00:00,,23.72,1.66,61.29,0.0,0.0,0.0,0.0,47.8,"{""atmo"":1,""ts"":""2026-10-09T10:18:43.568150+00:00"",""lux"":48.65,""ox"":8570.23,""red"":104416.67,""nh3"":42245.61,""nh3i"":78.9,""fs"":1791536400,""fe"":1791544345}",48.65,8570.23,104416.67,42245.61,78.9,47.8,0.0
2026-10-09 12:19:03.582402+02:00,2026-10-09 10:19:03.582402+00:00,,23.67,1.69,60.37,0.0,1.0,1.0,0.0,49.2,"{""atmo"":1,""ts"":""2026-10-09T10:19:03.582402+00:00"",""lux"":49.72,""ox"":8435.15,""red"":101544.76,""nh3"":40551.72,""nh3i"":79.7,""fs"":1791536400,""fe"":1791544345}",49.72,8435.15,101544.76,40551.72,79.7,49.2,0.0
2026-10-09 12:19:23.595669+02:00,2026-10-09 10:19:23.595669+00:00,,23.61,1.64,59.5,0.0,1.0,1.0,0.0,48.8,"{""atmo"":1,""ts"":""2026-10-09T10:19:23.595669+00:00"",""lux"":81.66,""ox"":8435.15,""red"":102354.76,""nh3"":41160.88,""nh3i"":79.4,""fs"":1791536400,""fe"":1791544345}",81.66,8435.15,102354.76,41160.88,79.4,48.8,0.0
2026-10-09 12:19:43.609438+02:00,2026-10-09 10:19:43.609438+00:00,,23.57,1.72,58.6,0.0,1.0,1.0,0.0,49.8,"{""atmo"":1,""ts"":""2026-10-09T10:19:43.609438+00:00"",""lux"":56.77,""ox"":8367.82,""red"":100345.18,""nh3"":39652.17,""nh3i"":80.2,""fs"":1791536400,""fe"":1791544345}",56.77,8367.82,100345.18,39652.17,80.2,49.8,0.0
2026-10-09 12:20:03.622942+02:00,2026-10-09 10:20:03.622942+00:00,,23.51,1.6,57.78,0.0,1.0,1.0,0.0,48.0,"{""atmo"":1,""ts"":""2026-10-09T10:20:03.622942+00:00"",""lux"":47.94,""ox"":8233.58,""red"":104000.0,""nh3"":39652.17,""nh3i"":80.2,""fs"":1791536400,""fe"":1791544345}",47.94,8233.58,104000.0,39652.17,80.2,48.0,0.0
2026-10-09 12:20:23.637441+02:00,2026-10-09 10:20:23.637441+00:00,,23.47,1.62,56.9,0.0,1.0,1.0,0.0,47.4,"{""atmo"":1,""ts"":""2026-10-09T10:20:23.637441+00:00"",""lux"":49.84,""ox"":8367.82,""red"":105256.54,""nh3"":41468.35,""nh3i"":79.3,""fs"":1791536400,""fe"":1791544345}",49.84,8367.82,105256.54,41468.35,79.3,47.4,0.0
2026-10-09 12:20:43.650992+02:00,2026-10-09 10:20:43.650992+00:00,,23.43,1.73,56.05,0.0,1.0,1.0,0.0,49.6,"{""atmo"":1,""ts"":""2026-10-09T10:20:43.650992+00:00"",""lux"":84.92,""ox"":8166.67,""red"":100743.0,""nh3"":39208.66,""nh3i"":80.4,""fs"":1791536400,""fe"":1791544345}",84.92,8166.67,100743.0,39208.66,80.4,49.6,0.0
2026-10-09 12:21:03.664363+02:00,2026-10-09 10:21:03.664363+00:00,,23.4,1.57,55.22,1.0,1.0,1.0,0.0,50.0,"{""atmo"":1,""ts"":""2026-10-09T10:21:03.664363+00:00"",""lux"":102.04,""ox"":8033.26,""red"":99949.37,""nh3"":38189.6,""nh3i"":80.9,""fs"":1791536400,""fe"":1791544345}",102.04,8033.26,99949.37,38189.6,80.9,50.0,0.0
2026-10-09 12:21:23.678494+02:00,2026-10-09 10:21:23.678494+00:00,,23.35,1.75,54.36,1.0,1.0,1.0,0.0,50.6,"{""atmo"":1,""ts"":""2026-10-09T10:21:23.678494+00:00"",""lux"":25.72,""ox"":7966.77,""red"":98773.87,""nh3"":37192.13,""nh3i"":81.4,""fs"":1791536400,""fe"":1791544345}",25.72,7966.77,98773.87,37192.13,81.4,50.6,0.0
2026-10-09 12:21:43.691802+02:00,2026-10-09 10:21:43.691802+00:00,,23.3,1.74,53.53,1.0,1.0,1.0,0.0,50.8,"{""atmo"":1,""ts"":""2026-10-09T10:21:43.691802+00:00"",""lux"":47.58,""ox"":7900.41,""red"":98385.96,""nh3"":36771.08,""nh3i"":81.6,""fs"":1791536400,""fe"":1791544345}",47.58,7900.41,98385.96,36771.08,81.6,50.8,0.0
2026-10-09 12:22:03.705493+02:00,2026-10-09 10:22:03.705493+00:00,,23.27,1.62,52.73,1.0,1.0,1.0,0.0,51.4,"{""atmo"":1,""ts"":""2026-10-09T10:22:03.705493+00:00"",""lux"":94.28,""ox"":7768.12,""red"":97233.83,""nh3"":36353.82,""nh3i"":81.8,""fs"":1791536400,""fe"":1791544345}",94.28,7768.12,97233.83,36353.82,81.8,51.4,0.0
2026-10-09 12:22:23.718841+02:00,2026-10-09 10:22:23.718841+00:00,,23.23,1.79,51.93,1.0,1.0,1.0,0.0,51.8,"{""atmo"":1,""ts"":""2026-10-09T10:22:23.718841+00:00"",""lux"":88.71,""ox"":7702.17,""red"":96475.25,""nh3"":35530.46,""nh3i"":82.2,""fs"":1791536400,""fe"":1791544345}",88.71,7702.17,96475.25,35530.46,82.2,51.8,0.0
2026-10-09 12:22:43.732294+02:00,2026-10-09 10:22:43.732294+00:00,,23.18,1.65,51.19,1.0,1.0,1.0,0.0,50.8,"{""atmo"":1,""ts"":""2026-10-09T10:22:43.732294+00:00"",""lux"":51.02,""ox"":7768.12,""red"":98385.96,""nh3"":36492.49,""nh3i"":81.8,""fs"":1791536400,""fe"":1791544345}",51.02,7768.12,98385.96,36492.49,81.8,50.8,0.0
2026-10-09 12:23:03.745992+02:00,2026-10-09 10:23:03.745992+00:00,,23.14,1.83,50.39,1.0,1.0,1.0,0.0,51.6,"{""atmo"":1,""ts"":""2026-10-09T10:23:03.745992+00:00"",""lux"":52.56,""ox"":7702.17,""red"":96853.6,""nh3"":35940.3,""nh3i"":82.0,""fs"":1791536400,""fe"":1791544345}",52.56,7702.17,96853.6,35940.3,82.0,51.6,0.0
2026-10-09 12:23:23.759359+02:00,2026-10-09 10:23:23.759359+00:00,,23.1,1.82,49.61,1.0,1.0,1.0,0.0,52.0,"{""atmo"":1,""ts"":""2026-10-09T10:23:23.759359+00:00"",""lux"":116.14,""ox"":7570.69,""red"":96098.77,""nh3"":35124.26,""nh3i"":82.4,""fs"":1791536400,""fe"":1791544345}",116.14,7570.69,96098.77,35124.26,82.4,52.0,0.0
2026-10-09 12:23:43.773341+02:00,2026-10-09 10:23:43.773341+00:00,,23.07,1.71,48.87,1.0,1.0,1.0,0.0,52.0,"{""atmo"":1,""ts"":""2026-10-09T10:23:43.773341+00:00"",""lux"":51.85,""ox"":7505.15,""red"":96098.77,""nh3"":34989.66,""nh3i"":82.5,""fs"":1791536400,""fe"":1791544345}",51.85,7505.15,96098.77,34989.66,82.5,52.0,0.0
2026-10-09 12:24:03.786794+02:00,2026-10-09 10:24:03.786794+00:00,,23.03,1.68,48.17,0.0,1.0,1.0,0.0,51.6,"{""atmo"":1,""ts"":""2026-10-09T10:24:03.786794+00:00"",""lux"":48.29,""ox"":7439.75,""red"":96853.6,""nh3"":34721.65,""nh3i"":82.6,""fs"":1791536400,""fe"":1791544345}",48.29,7439.75,96853.6,34721.65,82.6,51.6,0.0
2026-10-09 12:24:23.800248+02:00,2026-10-09 10:24:23.800248+00:00,,22.98,1.67,47.49,0.0,1.0,1.0,0.0,50.8,"{""atmo"":1,""ts"":""2026-10-09T10:24:23.800248+00:00"",""lux"":92.97,""ox"":7439.75,""red"":98385.96,""nh3"":34588.24,""nh3i"":82.7,""fs"":1791536400,""fe"":1791544345}",92.97,7439.75,98385.96,34588.24,82.7,50.8,0.0
2026-10-09 12:24:43.813632+02:00,2026-10-09 10:24:43.813632+00:00,,22.93,1.79,46.78,0.0,1.0,1.0,0.0,52.3,"{""atmo"":1,""ts"":""2026-10-09T10:24:43.813632+00:00"",""lux"":54.64,""ox"":7309.35,""red"":95351.35,""nh3"":33795.92,""nh3i"":83.1,""fs"":1791536400,""fe"":1791544345}",54.64,7309.35,95351.35,33795.92,83.1,52.3,0.0
2026-10-09 12:25:03.826953+02:00,2026-10-09 10:25:03.826953+00:00,,22.9,1.84,46.07,0.0,1.0,1.0,0.0,53.4,"{""atmo"":1,""ts"":""2026-10-09T10:25:03.826953+00:00"",""lux"":54.46,""ox"":7179.49,""red"":93152.54,""nh3"":32633.09,""nh3i"":83.7,""fs"":1791536400,""fe"":1791544345}",54.46,7179.49,93152.54,32633.09,83.7,53.4,0.0
2026-10-09 12:25:23.840856+02:00,2026-10-09 10:25:23.840856+00:00,,22.88,1.84,45.39,0.0,1.0,1.0,0.0,53.8,"{""atmo"":1,""ts"":""2026-10-09T10:25:23.840856+00:00"",""lux"":48.06,""ox"":7114.75,""red"":92433.73,""nh3"":31874.47,""nh3i"":84.1,""fs"":1791536400,""fe"":1791544345}",48.06,7114.75,92433.73,31874.47,84.1,53.8,0.0
2026-10-09 12:25:43.854368+02:00,2026-10-09 10:25:43.854368+00:00,,22.86,1.83,44.73,0.0,1.0,1.0,0.0,53.8,"{""atmo"":1,""ts"":""2026-10-09T10:25:43.854368+00:00"",""lux"":57.48,""ox"":7050.15,""red"":92433.73,""nh3"":31500.0,""nh3i"":84.2,""fs"":1791536400,""fe"":1791544345}",57.48,7050.15,92433.73,31500.0,84.2,53.8,0.0
2026-10-09 12:26:03.868099+02:00,2026-10-09 10:26:03.868099+00:00,,22.84,1.79,44.05,0.0,0.0,0.0,0.0,53.4,"{""atmo"":1,""ts"":""2026-10-09T10:26:03.868099+00:00"",""lux"":55.29,""ox"":7050.15,""red"":93152.54,""nh3"":31500.0,""nh3i"":84.2,""fs"":1791536400,""fe"":1791544345}",55.29,7050.15,93152.54,31500.0,84.2,53.4,0.0
2026-10-09 12:26:23.882642+02:00,2026-10-09 10:26:23.882642+00:00,,22.82,1.79,43.46,0.0,0.0,0.0,0.0,53.6,"{""atmo"":1,""ts"":""2026-10-09T10:26:23.882642+00:00"",""lux"":52.8,""ox"":6985.69,""red"":92792.27,""nh3"":31375.89,""nh3i"":84.3,""fs"":1791536400,""fe"":1791544345}",52.8,6985.69,92792.27,31375.89,84.3,53.6,0.0
2026-10-09 12:26:43.896001+02:00,2026-10-09 10:26:43.896001+00:00,,22.79,1.81,42.8,0.0,0.0,0.0,0.0,54.0,"{""atmo"":1,""ts"":""2026-10-09T10:26:43.896001+00:00"",""lux"":52.98,""ox"":6921.35,""red"":92076.92,""nh3"":30760.56,""nh3i"":84.6,""fs"":1791536400,""fe"":1791544345}",52.98,6921.35,92076.92,30760.56,84.6,54.0,0.0
2026-10-09 12:27:03.909441+02:00,2026-10-09 10:27:03.909441+00:00,,22.78,1.85,42.1,0.0,1.0,1.0,0.0,54.7,"{""atmo"":1,""ts"":""2026-10-09T10:27:03.909441+00:00"",""lux"":109.74,""ox"":6857.14,""red"":90666.67,""nh3"":30033.52,""nh3i"":85.0,""fs"":1791536400,""fe"":1791544345}",109.74,6857.14,90666.67,30033.52,85.0,54.7,0.0
2026-10-09 12:27:23.922864+02:00,2026-10-09 10:27:23.922864+00:00,,22.77,1.79,41.51,0.0,1.0,1.0,0.0,54.1,"{""atmo"":1,""ts"":""2026-10-09T10:27:23.922864+00:00"",""lux"":88.17,""ox"":6793.07,""red"":91721.82,""nh3"":30033.52,""nh3i"":85.0,""fs"":1791536400,""fe"":1791544345}",88.17,6793.07,91721.82,30033.52,85.0,54.1,0.0
2026-10-09 12:27:43.936131+02:00,2026-10-09 10:27:43.936131+00:00,,22.76,1.81,40.91,0.0,1.0,1.0,0.0,54.0,"{""atmo"":1,""ts"":""2026-10-09T10:27:43.936131+00:00"",""lux"":57.84,""ox"":6793.07,""red"":92076.92,""nh3"":29913.53,""nh3i"":85.0,""fs"":1791536400,""fe"":1791544345}",57.84,6793.07,92076.92,29913.53,85.0,54.0,0.0
2026-10-09 12:28:03.949449+02:00,2026-10-09 10:28:03.949449+00:00,,22.76,1.83,40.32,0.0,0.0,0.0,0.0,54.8,"{""atmo"":1,""ts"":""2026-10-09T10:28:03.949449+00:00"",""lux"":58.43,""ox"":6665.31,""red"":90318.29,""nh3"":29082.87,""nh3i"":85.5,""fs"":1791536400,""fe"":1791544345}",58.43,6665.31,90318.29,29082.87,85.5,54.8,0.0
2026-10-09 12:28:23.962047+02:00,2026-10-09 10:28:23.962047+00:00,,22.74,1.83,39.67,0.0,0.0,0.0,0.0,54.5,"{""atmo"":1,""ts"":""2026-10-09T10:28:23.962047+00:00"",""lux"":48.59,""ox"":6601.63,""red"":91016.71,""nh3"":29082.87,""nh3i"":85.5,""fs"":1791536400,""fe"":1791544345}",48.59,6601.63,91016.71,29082.87,85.5,54.5,0.0
2026-10-09 12:28:43.976108+02:00,2026-10-09 10:28:43.976108+00:00,,22.75,1.86,39.09,0.0,0.0,0.0,0.0,55.7,"{""atmo"":1,""ts"":""2026-10-09T10:28:43.976108+00:00"",""lux"":40.47,""ox"":6538.07,""red"":88600.94,""nh3"":28038.2,""nh3i"":86.0,""fs"":1791536400,""fe"":1791544345}",40.47,6538.07,88600.94,28038.2,86.0,55.7,0.0
2026-10-09 12:29:03.989705+02:00,2026-10-09 10:29:03.989705+00:00,,22.73,1.89,38.48,0.0,0.0,0.0,0.0,56.0,"{""atmo"":1,""ts"":""2026-10-09T10:29:03.989705+00:00"",""lux"":47.11,""ox"":6474.65,""red"":87925.23,""nh3"":27243.24,""nh3i"":86.4,""fs"":1791536400,""fe"":1791544345}",47.11,6474.65,87925.23,27243.24,86.4,56.0,0.0
2026-10-09 12:29:24.002537+02:00,2026-10-09 10:29:24.002537+00:00,,22.73,1.87,37.96,0.0,1.0,1.0,0.0,55.9,"{""atmo"":1,""ts"":""2026-10-09T10:29:24.002537+00:00"",""lux"":45.45,""ox"":6411.35,""red"":88262.3,""nh3"":27130.9,""nh3i"":86.4,""fs"":1791536400,""fe"":1791544345}",45.45,6411.35,88262.3,27130.9,86.4,55.9,0.0
2026-10-09 12:29:44.016704+02:00,2026-10-09 10:29:44.016704+00:00,,22.74,1.83,37.41,0.0,1.0,1.0,0.0,55.7,"{""atmo"":1,""ts"":""2026-10-09T10:29:44.016704+00:00"",""lux"":50.66,""ox"":6348.18,""red"":88600.94,""nh3"":27018.87,""nh3i"":86.5,""fs"":1791536400,""fe"":1791544345}",50.66,6348.18,88600.94,27018.87,86.5,55.7,0.0
2026-10-09 12:30:04.030258+02:00,2026-10-09 10:30:04.030258+00:00,,22.74,1.89,36.89,0.0,1.0,1.0,0.0,56.5,"{""atmo"":1,""ts"":""2026-10-09T10:30:04.030258+00:00"",""lux"":63.94,""ox"":6285.14,""red"":86923.43,""nh3"":26242.99,""nh3i"":86.9,""fs"":1791536400,""fe"":1791544345}",63.94,6285.14,86923.43,26242.99,86.9,56.5,0.0
2026-10-09 12:30:24.043958+02:00,2026-10-09 10:30:24.043958+00:00,,22.74,1.83,36.33,0.0,1.0,1.0,0.0,56.2,"{""atmo"":1,""ts"":""2026-10-09T10:30:24.043958+00:00"",""lux"":62.04,""ox"":6222.22,""red"":87589.74,""nh3"":25914.89,""nh3i"":87.0,""fs"":1791536400,""fe"":1791544345}",62.04,6222.22,87589.74,25914.89,87.0,56.2,0.0
2026-10-09 12:30:44.057216+02:00,2026-10-09 10:30:44.057216+00:00,,22.74,1.88,35.79,0.0,1.0,1.0,0.0,57.2,"{""atmo"":1,""ts"":""2026-10-09T10:30:44.057216+00:00"",""lux"":72.23,""ox"":6159.43,""red"":85609.2,""nh3"":25373.84,""nh3i"":87.3,""fs"":1791536400,""fe"":1791544345}",72.23,6159.43,85609.2,25373.84,87.3,57.2,0.0
2026-10-09 12:31:04.071102+02:00,2026-10-09 10:31:04.071102+00:00,,22.74,1.89,35.3,0.0,1.0,1.0,0.0,57.5,"{""atmo"":1,""ts"":""2026-10-09T10:31:04.071102+00:00"",""lux"":46.69,""ox"":6096.77,""red"":84961.1,""nh3"":24733.94,""nh3i"":87.6,""fs"":1791536400,""fe"":1791544345}",46.69,6096.77,84961.1,24733.94,87.6,57.5,0.0
2026-10-09 12:31:24.084526+02:00,2026-10-09 10:31:24.084526+00:00,,22.75,1.89,34.76,0.0,1.0,1.0,0.0,57.5,"{""atmo"":1,""ts"":""2026-10-09T10:31:24.084526+00:00"",""lux"":73.72,""ox"":6034.24,""red"":84961.1,""nh3"":24522.88,""nh3i"":87.7,""fs"":1791536400,""fe"":1791544345}",73.72,6034.24,84961.1,24522.88,87.7,57.5,0.0
2026-10-09 12:31:44.098011+02:00,2026-10-09 10:31:44.098011+00:00,,22.75,1.89,34.28,0.0,1.0,1.0,0.0,57.5,"{""atmo"":1,""ts"":""2026-10-09T10:31:44.098011+00:00"",""lux"":91.73,""ox"":6034.24,""red"":84961.1,""nh3"":24208.33,""nh3i"":87.9,""fs"":1791536400,""fe"":1791544345}",91.73,6034.24,84961.1,24208.33,87.9,57.5,0.0
2026-10-09 12:32:04.111350+02:00,2026-10-09 10:32:04.111350+00:00,,22.77,1.88,33.74,0.0,1.0,1.0,0.0,57.8,"{""atmo"":1,""ts"":""2026-10-09T10:32:04.111350+00:00"",""lux"":51.91,""ox"":5971.83,""red"":84318.91,""nh3"":24000.0,""nh3i"":88.0,""fs"":1791536400,""fe"":1791544345}",51.91,5971.83,84318.91,24000.0,88.0,57.8,0.0
2026-10-09 12:32:24.125396+02:00,2026-10-09 10:32:24.125396+00:00,,22.77,1.88,33.21,0.0,1.0,1.0,0.0,58.3,"{""atmo"":1,""ts"":""2026-10-09T10:32:24.125396+00:00"",""lux"":48.12,""ox"":5909.55,""red"":83366.52,""nh3"":23381.44,""nh3i"":88.3,""fs"":1791536400,""fe"":1791544345}",48.12,5909.55,83366.52,23381.44,88.3,58.3,0.0
2026-10-09 12:32:44.138694+02:00,2026-10-09 10:32:44.138694+00:00,,22.78,1.89,32.7,0.0,1.0,1.0,0.0,58.3,"{""atmo"":1,""ts"":""2026-10-09T10:32:44.138694+00:00"",""lux"":66.37,""ox"":5847.39,""red"":83366.52,""nh3"":22974.36,""nh3i"":88.5,""fs"":1791536400,""fe"":1791544345}",66.37,5847.39,83366.52,22974.36,88.5,58.3,0.0
2026-10-09 12:33:04.152364+02:00,2026-10-09 10:33:04.152364+00:00,,22.79,1.88,32.2,0.0,1.0,1.0,0.0,58.5,"{""atmo"":1,""ts"":""2026-10-09T10:33:04.152364+00:00"",""lux"":53.51,""ox"":5785.36,""red"":83051.92,""nh3"":22772.38,""nh3i"":88.6,""fs"":1791536400,""fe"":1791544345}",53.51,5785.36,83051.92,22772.38,88.6,58.5,0.0
2026-10-09 12:33:24.165757+02:00,2026-10-09 10:33:24.165757+00:00,,22.82,1.89,31.7,0.0,1.0,1.0,0.0,58.9,"{""atmo"":1,""ts"":""2026-10-09T10:33:24.165757+00:00"",""lux"":47.88,""ox"":5723.45,""red"":82116.59,""nh3"":22172.59,""nh3i"":88.9,""fs"":1791536400,""fe"":1791544345}",47.88,5723.45,82116.59,22172.59,88.9,58.9,0.0
2026-10-09 12:33:44.179206+02:00,2026-10-09 10:33:44.179206+00:00,,22.83,1.89,31.27,0.0,1.0,1.0,0.0,59.2,"{""atmo"":1,""ts"":""2026-10-09T10:33:44.179206+00:00"",""lux"":98.31,""ox"":5661.66,""red"":81500.0,""nh3"":21777.78,""nh3i"":89.1,""fs"":1791536400,""fe"":1791544345}",98.31,5661.66,81500.0,21777.78,89.1,59.2,0.0
2026-10-09 12:34:04.192520+02:00,2026-10-09 10:34:04.192520+00:00,,22.85,1.89,30.83,0.0,0.0,1.0,0.0,59.2,"{""atmo"":1,""ts"":""2026-10-09T10:34:04.192520+00:00"",""lux"":51.97,""ox"":5600.0,""red"":81500.0,""nh3"":21484.28,""nh3i"":89.3,""fs"":1791536400,""fe"":1791544345}",51.97,5600.0,81500.0,21484.28,89.3,59.2,0.0
2026-10-09 12:34:24.205960+02:00,2026-10-09 10:34:24.205960+00:00,,22.86,1.89,30.35,0.0,0.0,1.0,0.0,59.7,"{""atmo"":1,""ts"":""2026-10-09T10:34:24.205960+00:00"",""lux"":50.25,""ox"":5538.46,""red"":80585.37,""nh3"":21000.0,""nh3i"":89.5,""fs"":1791536400,""fe"":1791544345}",50.25,5538.46,80585.37,21000.0,89.5,59.7,0.0
2026-10-09 12:34:44.219249+02:00,2026-10-09 10:34:44.219249+00:00,,22.88,1.89,29.9,0.0,0.0,1.0,0.0,59.7,"{""atmo"":1,""ts"":""2026-10-09T10:34:44.219249+00:00"",""lux"":53.92,""ox"":5538.46,""red"":80585.37,""nh3"":20807.98,""nh3i"":89.6,""fs"":1791536400,""fe"":1791544345}",53.92,5538.46,80585.37,20807.98,89.6,59.7,0.0
2026-10-09 12:35:04.233022+02:00,2026-10-09 10:35:04.233022+00:00,,22.9,1.88,29.45,0.0,1.0,1.0,0.0,60.0,"{""atmo"":1,""ts"":""2026-10-09T10:35:04.233022+00:00"",""lux"":88.83,""ox"":5415.75,""red"":79982.34,""nh3"":20332.09,""nh3i"":89.8,""fs"":1791536400,""fe"":1791544345}",88.83,5415.75,79982.34,20332.09,89.8,60.0,0.0
2026-10-09 12:35:24.246284+02:00,2026-10-09 10:35:24.246284+00:00,,22.92,1.9,29.03,0.0,1.0,1.0,0.0,60.2,"{""atmo"":1,""ts"":""2026-10-09T10:35:24.246284+00:00"",""lux"":50.66,""ox"":5415.75,""red"":79682.82,""nh3"":19955.61,""nh3i"":90.0,""fs"":1791536400,""fe"":1791544345}",50.66,5415.75,79682.82,19955.61,90.0,60.2,0.0
2026-10-09 12:35:44.260355+02:00,2026-10-09 10:35:44.260355+00:00,,22.94,1.9,28.54,0.0,1.0,1.0,0.0,60.3,"{""atmo"":1,""ts"":""2026-10-09T10:35:44.260355+00:00"",""lux"":48.53,""ox"":5354.58,""red"":79384.62,""nh3"":19582.82,""nh3i"":90.2,""fs"":1791536400,""fe"":1791544345}",48.53,5354.58,79384.62,19582.82,90.2,60.3,0.0
2026-10-09 12:36:04.273508+02:00,2026-10-09 10:36:04.273508+00:00,,22.96,1.84,28.13,0.0,1.0,1.0,0.0,60.6,"{""atmo"":1,""ts"":""2026-10-09T10:36:04.273508+00:00"",""lux"":49.3,""ox"":5293.53,""red"":78792.12,""nh3"":19305.62,""nh3i"":90.3,""fs"":1791536400,""fe"":1791544345}",49.3,5293.53,78792.12,19305.62,90.3,60.6,0.0
2026-10-09 12:36:24.287063+02:00,2026-10-09 10:36:24.287063+00:00,,22.98,1.9,27.7,0.0,1.0,1.0,0.0,60.6,"{""atmo"":1,""ts"":""2026-10-09T10:36:24.287063+00:00"",""lux"":46.69,""ox"":5232.6,""red"":78792.12,""nh3"":19121.95,""nh3i"":90.4,""fs"":1791536400,""fe"":1791544345}",46.69,5232.6,78792.12,19121.95,90.4,60.6,0.0
2026-10-09 12:36:44.300604+02:00,2026-10-09 10:36:44.300604+00:00,,23.01,1.88,27.23,0.0,1.0,1.0,0.0,60.6,"{""atmo"":1,""ts"":""2026-10-09T10:36:44.300604+00:00"",""lux"":69.92,""ox"":5171.8,""red"":78792.12,""nh3"":18848.12,""nh3i"":90.6,""fs"":1791536400,""fe"":1791544345}",69.92,5171.8,78792.12,18848.12,90.6,60.6,0.0
2026-10-09 12:37:04.314043+02:00,2026-10-09 10:37:04.314043+00:00,,23.03,1.91,26.78,0.0,1.0,1.0,0.0,60.9,"{""atmo"":1,""ts"":""2026-10-09T10:37:04.314043+00:00"",""lux"":92.62,""ox"":5111.11,""red"":78204.79,""nh3"":18486.09,""nh3i"":90.8,""fs"":1791536400,""fe"":1791544345}",92.62,5111.11,78204.79,18486.09,90.8,60.9,0.0
2026-10-09 12:37:24.327352+02:00,2026-10-09 10:37:24.327352+00:00,,23.06,1.84,26.35,0.0,1.0,1.0,0.0,61.2,"{""atmo"":1,""ts"":""2026-10-09T10:37:24.327352+00:00"",""lux"":56.89,""ox"":5050.55,""red"":77622.56,""nh3"":18127.56,""nh3i"":90.9,""fs"":1791536400,""fe"":1791544345}",56.89,5050.55,77622.56,18127.56,90.9,61.2,0.0
2026-10-09 12:37:44.340777+02:00,2026-10-09 10:37:44.340777+00:00,,23.08,1.92,25.94,0.0,1.0,1.0,0.0,61.5,"{""atmo"":1,""ts"":""2026-10-09T10:37:44.340777+00:00"",""lux"":59.67,""ox"":4990.1,""red"":77045.36,""nh3"":17772.46,""nh3i"":91.1,""fs"":1791536400,""fe"":1791544345}",59.67,4990.1,77045.36,17772.46,91.1,61.5,0.0
2026-10-09 12:38:04.354133+02:00,2026-10-09 10:38:04.354133+00:00,,23.1,1.97,25.56,0.0,1.0,1.0,0.0,61.6,"{""atmo"":1,""ts"":""2026-10-09T10:38:04.354133+00:00"",""lux"":58.25,""ox"":4929.77,""red"":76758.62,""nh3"":17508.35,""nh3i"":91.2,""fs"":1791536400,""fe"":1791544345}",58.25,4929.77,76758.62,17508.35,91.2,61.6,0.0
2026-10-09 12:38:24.367538+02:00,2026-10-09 10:38:24.367538+00:00,,23.13,1.91,25.14,0.0,1.0,1.0,0.0,61.8,"{""atmo"":1,""ts"":""2026-10-09T10:38:24.367538+00:00"",""lux"":70.81,""ox"":4869.57,""red"":76473.12,""nh3"":17246.14,""nh3i"":91.4,""fs"":1791536400,""fe"":1791544345}",70.81,4869.57,76473.12,17246.14,91.4,61.8,0.0
2026-10-09 12:38:44.380936+02:00,2026-10-09 10:38:44.380936+00:00,,23.16,1.91,24.77,0.0,1.0,1.0,0.0,62.0,"{""atmo"":1,""ts"":""2026-10-09T10:38:44.380936+00:00"",""lux"":52.5,""ox"":4809.48,""red"":75905.78,""nh3"":16899.41,""nh3i"":91.6,""fs"":1791536400,""fe"":1791544345}",52.5,4809.48,75905.78,16899.41,91.6,62.0,0.0
2026-10-09 12:39:04.394640+02:00,2026-10-09 10:39:04.394640+00:00,,23.19,1.87,24.43,0.0,0.0,1.0,0.0,62.2,"{""atmo"":1,""ts"":""2026-10-09T10:39:04.394640+00:00"",""lux"":55.05,""ox"":4749.51,""red"":75623.93,""nh3"":16641.51,""nh3i"":91.7,""fs"":1791536400,""fe"":1791544345}",55.05,4749.51,75623.93,16641.51,91.7,62.2,0.0
2026-10-09 12:39:24.407936+02:00,2026-10-09 10:39:24.407936+00:00,,23.22,1.83,24.06,0.0,0.0,1.0,0.0,62.3,"{""atmo"":1,""ts"":""2026-10-09T10:39:24.407936+00:00"",""lux"":70.58,""ox"":4749.51,""red"":75343.28,""nh3"":16385.43,""nh3i"":91.8,""fs"":1791536400,""fe"":1791544345}",70.58,4749.51,75343.28,16385.43,91.8,62.3,0.0
2026-10-09 12:39:44.421308+02:00,2026-10-09 10:39:44.421308+00:00,,23.26,1.92,23.68,0.0,0.0,1.0,0.0,62.5,"{""atmo"":1,""ts"":""2026-10-09T10:39:44.421308+00:00"",""lux"":102.87,""ox"":4689.66,""red"":75063.83,""nh3"":16215.71,""nh3i"":91.9,""fs"":1791536400,""fe"":1791544345}",102.87,4689.66,75063.83,16215.71,91.9,62.5,0.0
2026-10-09 12:40:04.434691+02:00,2026-10-09 10:40:04.434691+00:00,,23.29,1.8,23.29,1.0,1.0,1.0,0.0,62.6,"{""atmo"":1,""ts"":""2026-10-09T10:40:04.434691+00:00"",""lux"":88.59,""ox"":4629.92,""red"":74785.56,""nh3"":15878.65,""nh3i"":92.1,""fs"":1791536400,""fe"":1791544345}",88.59,4629.92,74785.56,15878.65,92.1,62.6,0.0
2026-10-09 12:40:24.448272+02:00,2026-10-09 10:40:24.448272+00:00,,23.33,1.88,22.93,1.0,1.0,1.0,0.0,62.7,"{""atmo"":1,""ts"":""2026-10-09T10:40:24.448272+00:00"",""lux"":48.47,""ox"":4570.3,""red"":74508.47,""nh3"":15627.91,""nh3i"":92.2,""fs"":1791536400,""fe"":1791544345}",48.47,4570.3,74508.47,15627.91,92.2,62.7,0.0
2026-10-09 12:40:44.461581+02:00,2026-10-09 10:40:44.461581+00:00,,23.37,1.88,22.51,0.0,0.0,0.0,0.0,62.9,"{""atmo"":1,""ts"":""2026-10-09T10:40:44.461581+00:00"",""lux"":68.74,""ox"":4510.81,""red"":74232.56,""nh3"":15378.91,""nh3i"":92.3,""fs"":1791536400,""fe"":1791544345}",68.74,4510.81,74232.56,15378.91,92.3,62.9,0.0
2026-10-09 12:41:04.475045+02:00,2026-10-09 10:41:04.475045+00:00,,23.4,1.9,22.21,0.0,0.0,0.0,0.0,63.2,"{""atmo"":1,""ts"":""2026-10-09T10:41:04.475045+00:00"",""lux"":52.32,""ox"":4510.81,""red"":73684.21,""nh3"":15049.6,""nh3i"":92.5,""fs"":1791536400,""fe"":1791544345}",52.32,4510.81,73684.21,15049.6,92.5,63.2,0.0
2026-10-09 12:41:24.488717+02:00,2026-10-09 10:41:24.488717+00:00,,23.44,1.9,21.89,0.0,0.0,0.0,0.0,63.3,"{""atmo"":1,""ts"":""2026-10-09T10:41:24.488717+00:00"",""lux"":53.57,""ox"":4451.42,""red"":73411.76,""nh3"":14804.6,""nh3i"":92.6,""fs"":1791536400,""fe"":1791544345}",53.57,4451.42,73411.76,14804.6,92.6,63.3,0.0
2026-10-09 12:41:44.502191+02:00,2026-10-09 10:41:44.502191+00:00,,23.49,1.9,21.54,0.0,0.0,0.0,0.0,63.6,"{""atmo"":1,""ts"":""2026-10-09T10:41:44.502191+00:00"",""lux"":48.47,""ox"":4392.16,""red"":72870.29,""nh3"":14561.28,""nh3i"":92.7,""fs"":1791536400,""fe"":1791544345}",48.47,4392.16,72870.29,14561.28,92.7,63.6,0.0
2026-10-09 12:42:04.515350+02:00,2026-10-09 10:42:04.515350+00:00,,23.53,1.89,21.19,0.0,0.0,1.0,0.0,63.6,"{""atmo"":1,""ts"":""2026-10-09T10:42:04.515350+00:00"",""lux"":72.47,""ox"":4333.01,""red"":72870.29,""nh3"":14239.45,""nh3i"":92.9,""fs"":1791536400,""fe"":1791544345}",72.47,4333.01,72870.29,14239.45,92.9,63.6,0.0
2026-10-09 12:42:24.528620+02:00,2026-10-09 10:42:24.528620+00:00,,23.57,1.9,20.85,0.0,0.0,1.0,0.0,63.8,"{""atmo"":1,""ts"":""2026-10-09T10:42:24.528620+00:00"",""lux"":66.31,""ox"":4273.97,""red"":72333.33,""nh3"":14000.0,""nh3i"":93.0,""fs"":1791536400,""fe"":1791544345}",66.31,4273.97,72333.33,14000.0,93.0,63.8,0.0
2026-10-09 12:42:44.541797+02:00,2026-10-09 10:42:44.541797+00:00,,23.6,1.9,20.57,0.0,0.0,1.0,0.0,64.0,"{""atmo"":1,""ts"":""2026-10-09T10:42:44.541797+00:00"",""lux"":55.29,""ox"":4215.05,""red"":72066.53,""nh3"":13762.17,""nh3i"":93.1,""fs"":1791536400,""fe"":1791544345}",55.29,4215.05,72066.53,13762.17,93.1,64.0,0.0
2026-10-09 12:43:04.555420+02:00,2026-10-09 10:43:04.555420+00:00,,23.64,1.9,20.22,0.0,0.0,0.0,0.0,64.1,"{""atmo"":1,""ts"":""2026-10-09T10:43:04.555420+00:00"",""lux"":60.56,""ox"":4156.25,""red"":71800.83,""nh3"":13525.96,""nh3i"":93.2,""fs"":1791536400,""fe"":1791544345}",60.56,4156.25,71800.83,13525.96,93.2,64.1,0.0
2026-10-09 12:43:24.568791+02:00,2026-10-09 10:43:24.568791+00:00,,23.69,1.92,19.89,0.0,0.0,0.0,0.0,64.2,"{""atmo"":1,""ts"":""2026-10-09T10:43:24.568791+00:00"",""lux"":61.57,""ox"":4156.25,""red"":71536.23,""nh3"":13369.37,""nh3i"":93.3,""fs"":1791536400,""fe"":1791544345}",61.57,4156.25,71536.23,13369.37,93.3,64.2,0.0
2026-10-09 12:43:44.582609+02:00,2026-10-09 10:43:44.582609+00:00,,23.73,1.84,19.53,0.0,0.0,0.0,0.0,64.1,"{""atmo"":1,""ts"":""2026-10-09T10:43:44.582609+00:00"",""lux"":48.29,""ox"":4097.56,""red"":71800.83,""nh3"":13135.8,""nh3i"":93.4,""fs"":1791536400,""fe"":1791544345}",48.29,4097.56,71800.83,13135.8,93.4,64.1,0.0
2026-10-09 12:44:04.595939+02:00,2026-10-09 10:44:04.595939+00:00,,23.78,1.91,19.22,0.0,0.0,0.0,0.0,64.4,"{""atmo"":1,""ts"":""2026-10-09T10:44:04.595939+00:00"",""lux"":58.49,""ox"":4038.99,""red"":71272.73,""nh3"":12980.96,""nh3i"":93.5,""fs"":1791536400,""fe"":1791544345}",58.49,4038.99,71272.73,12980.96,93.5,64.4,0.0
2026-10-09 12:44:24.609766+02:00,2026-10-09 10:44:24.609766+00:00,,23.86,1.21,20.03,0.0,1.0,1.0,0.0,59.6,"{""atmo"":1,""ts"":""2026-10-09T10:44:24.609766+00:00"",""lux"":84.03,""ox"":4510.81,""red"":80888.89,""nh3"":15962.62,""nh3i"":92.0,""fs"":1791536400,""fe"":1791544345}",84.03,4510.81,80888.89,15962.62,92.0,59.6,0.0
2026-10-09 12:44:44.623340+02:00,2026-10-09 10:44:44.623340+00:00,,23.88,0.86,23.17,0.0,1.0,1.0,0.0,61.3,"{""atmo"":1,""ts"":""2026-10-09T10:44:44.623340+00:00"",""lux"":48.59,""ox"":9882.35,""red"":77333.33,""nh3"":26573.73,""nh3i"":86.7,""fs"":1791536400,""fe"":1791544345}",48.59,9882.35,77333.33,26573.73,86.7,61.3,0.0
2026-10-09 12:45:04.636672+02:00,2026-10-09 10:45:04.636672+00:00,,23.85,0.83,26.61,0.0,0.0,0.0,9.4,61.9,"{""atmo"":1,""ts"":""2026-10-09T10:45:04.636672+00:00"",""lux"":54.69,""ox"":21876.11,""red"":76188.84,""nh3"":27695.65,""nh3i"":86.2,""fs"":1791536400,""fe"":1791544345}",54.69,21876.11,76188.84,27695.65,86.2,61.9,9.4
2026-10-09 12:45:24.650177+02:00,2026-10-09 10:45:24.650177+00:00,,23.79,0.79,30.3,0.0,0.0,0.0,67.0,60.2,"{""atmo"":1,""ts"":""2026-10-09T10:45:24.650177+00:00"",""lux"":54.99,""ox"":33404.93,""red"":79682.82,""nh3"":26463.19,""nh3i"":86.8,""fs"":1791536400,""fe"":1791544345}",54.99,33404.93,79682.82,26463.19,86.8,60.2,67.0
2026-10-09 12:45:44.663236+02:00,2026-10-09 10:45:44.663236+00:00,,23.67,0.76,34.34,0.0,0.0,0.0,100.0,58.6,"{""atmo"":1,""ts"":""2026-10-09T10:45:44.663236+00:00"",""lux"":53.57,""ox"":44000.0,""red"":82738.74,""nh3"":25914.89,""nh3i"":87.0,""fs"":1791536400,""fe"":1791544345}",53.57,44000.0,82738.74,25914.89,87.0,58.6,100.0
2026-10-09 12:46:04.677139+02:00,2026-10-09 10:46:04.677139+00:00,,23.56,0.78,38.37,0.0,0.0,0.0,100.0,57.8,"{""atmo"":1,""ts"":""2026-10-09T10:46:04.677139+00:00"",""lux"":50.66,""ox"":40400.63,""red"":84318.91,""nh3"":23075.74,""nh3i"":88.5,""fs"":1791536400,""fe"":1791544345}",50.66,40400.63,84318.91,23075.74,88.5,57.8,100.0
2026-10-09 12:46:24.690736+02:00,2026-10-09 10:46:24.690736+00:00,,23.35,0.76,42.69,0.0,0.0,0.0,100.0,54.3,"{""atmo"":1,""ts"":""2026-10-09T10:46:24.690736+00:00"",""lux"":90.19,""ox"":40703.3,""red"":91368.42,""nh3"":23075.74,""nh3i"":88.5,""fs"":1791536400,""fe"":1791544345}",90.19,40703.3,91368.42,23075.74,88.5,54.3,100.0
2026-10-09 12:46:44.704064+02:00,2026-10-09 10:46:44.704064+00:00,,23.19,0.8,47.14,0.0,0.0,0.0,60.6,54.5,"{""atmo"":1,""ts"":""2026-10-09T10:46:44.704064+00:00"",""lux"":75.97,""ox"":32125.89,""red"":91016.71,""nh3"":20903.87,""nh3i"":89.5,""fs"":1791536400,""fe"":1791544345}",75.97,32125.89,91016.71,20903.87,89.5,54.5,60.6
2026-10-09 12:47:04.717642+02:00,2026-10-09 10:47:04.717642+00:00,,22.93,0.81,51.81,0.0,0.0,0.0,77.7,50.0,"{""atmo"":1,""ts"":""2026-10-09T10:47:04.717642+00:00"",""lux"":46.69,""ox"":35530.46,""red"":99949.37,""nh3"":23075.74,""nh3i"":88.5,""fs"":1791536400,""fe"":1791544345}",46.69,35530.46,99949.37,23075.74,88.5,50.0,77.7
2026-10-09 12:47:24.730950+02:00,2026-10-09 10:47:24.730950+00:00,,22.72,0.85,56.79,0.0,0.0,0.0,36.8,49.8,"{""atmo"":1,""ts"":""2026-10-09T10:47:24.730950+00:00"",""lux"":52.21,""ox"":27355.89,""red"":100345.18,""nh3"":20712.33,""nh3i"":89.6,""fs"":1791536400,""fe"":1791544345}",52.21,27355.89,100345.18,20712.33,89.6,49.8,36.8
2026-10-09 12:47:44.744214+02:00,2026-10-09 10:47:44.744214+00:00,,22.48,0.8,61.96,0.0,0.0,0.0,39.6,46.1,"{""atmo"":1,""ts"":""2026-10-09T10:47:44.744214+00:00"",""lux"":63.76,""ox"":27923.71,""red"":107829.79,""nh3"":22671.78,""nh3i"":88.7,""fs"":1791536400,""fe"":1791544345}",63.76,27923.71,107829.79,22671.78,88.7,46.1,39.6
2026-10-09 12:48:04.757549+02:00,2026-10-09 10:48:04.757549+00:00,,22.2,0.85,67.23,0.0,0.0,0.0,11.9,44.8,"{""atmo"":1,""ts"":""2026-10-09T10:48:04.757549+00:00"",""lux"":65.36,""ox"":22371.5,""red"":110486.49,""nh3"":21581.86,""nh3i"":89.2,""fs"":1791536400,""fe"":1791544345}",65.36,22371.5,110486.49,21581.86,89.2,44.8,11.9
2026-10-09 12:48:24.770968+02:00,2026-10-09 10:48:24.770968+00:00,,21.96,0.91,72.45,0.0,0.0,0.0,0.0,42.0,"{""atmo"":1,""ts"":""2026-10-09T10:48:24.770968+00:00"",""lux"":59.91,""ox"":18666.67,""red"":116067.04,""nh3"":22471.34,""nh3i"":88.8,""fs"":1791536400,""fe"":1791544345}",59.91,18666.67,116067.04,22471.34,88.8,42.0,0.0
2026-10-09 12:48:44.784459+02:00,2026-10-09 10:48:44.784459+00:00,,21.68,0.91,78.01,0.0,0.0,0.0,0.0,39.0,"{""atmo"":1,""ts"":""2026-10-09T10:48:44.784459+00:00"",""lux"":72.0,""ox"":17596.18,""red"":122034.68,""nh3"":24000.0,""nh3i"":88.0,""fs"":1791536400,""fe"":1791544345}",72.0,17596.18,122034.68,24000.0,88.0,39.0,0.0
2026-10-09 12:49:04.797799+02:00,2026-10-09 10:49:04.797799+00:00,,21.42,0.91,83.63,0.0,1.0,1.0,0.0,35.8,"{""atmo"":1,""ts"":""2026-10-09T10:49:04.797799+00:00"",""lux"":143.17,""ox"":17159.14,""red"":128431.14,""nh3"":25481.48,""nh3i"":87.3,""fs"":1791536400,""fe"":1791544345}",143.17,17159.14,128431.14,25481.48,87.3,35.8,0.0
2026-10-09 12:49:24.811128+02:00,2026-10-09 10:49:24.811128+00:00,,21.1,0.96,89.62,0.0,1.0,1.0,0.0,32.9,"{""atmo"":1,""ts"":""2026-10-09T10:49:24.811128+00:00"",""lux"":80.29,""ox"":17420.74,""red"":134123.46,""nh3"":27695.65,""nh3i"":86.2,""fs"":1791536400,""fe"":1791544345}",80.29,17420.74,134123.46,27695.65,86.2,32.9,0.0
2026-10-09 12:49:44.824312+02:00,2026-10-09 10:49:44.824312+00:00,,20.82,0.96,95.76,0.0,1.0,1.0,0.0,29.0,"{""atmo"":1,""ts"":""2026-10-09T10:49:44.824312+00:00"",""lux"":83.32,""ox"":19862.07,""red"":142070.74,""nh3"":32378.77,""nh3i"":83.8,""fs"":1791536400,""fe"":1791544345}",83.32,19862.07,142070.74,32378.77,83.8,29.0,0.0
2026-10-09 12:50:04.837458+02:00,2026-10-09 10:50:04.837458+00:00,,20.41,0.98,102.41,0.0,0.0,0.0,4.5,25.7,"{""atmo"":1,""ts"":""2026-10-09T10:50:04.837458+00:00"",""lux"":77.51,""ox"":20903.87,""red"":148651.16,""nh3"":35940.3,""nh3i"":82.0,""fs"":1791536400,""fe"":1791544345}",77.51,20903.87,148651.16,35940.3,82.0,25.7,4.5
2026-10-09 12:50:24.850818+02:00,2026-10-09 10:50:24.850818+00:00,,19.94,1.02,109.07,0.0,0.0,0.0,10.9,21.1,"{""atmo"":1,""ts"":""2026-10-09T10:50:24.850818+00:00"",""lux"":150.34,""ox"":22172.59,""red"":157888.89,""nh3"":40703.3,""nh3i"":79.6,""fs"":1791536400,""fe"":1791544345}",150.34,22172.59,157888.89,40703.3,79.6,21.1,10.9
2026-10-09 12:50:44.864316+02:00,2026-10-09 10:50:44.864316+00:00,,19.56,1.07,116.08,0.0,0.0,0.0,15.4,18.0,"{""atmo"":1,""ts"":""2026-10-09T10:50:44.864316+00:00"",""lux"":78.58,""ox"":23075.74,""red"":164000.0,""nh3"":44983.61,""nh3i"":77.5,""fs"":1791536400,""fe"":1791544345}",78.58,23075.74,164000.0,44983.61,77.5,18.0,15.4
2026-10-09 12:51:04.877690+02:00,2026-10-09 10:51:04.877690+00:00,,19.22,1.09,123.29,0.0,0.0,0.0,21.0,14.8,"{""atmo"":1,""ts"":""2026-10-09T10:51:04.877690+00:00"",""lux"":68.2,""ox"":24208.33,""red"":170470.59,""nh3"":49660.38,""nh3i"":75.2,""fs"":1791536400,""fe"":1791544345}",68.2,24208.33,170470.59,49660.38,75.2,14.8,21.0
2026-10-09 12:51:24.891158+02:00,2026-10-09 10:51:24.891158+00:00,,18.82,1.11,130.57,0.0,0.0,0.0,26.9,10.9,"{""atmo"":1,""ts"":""2026-10-09T10:51:24.891158+00:00"",""lux"":101.51,""ox"":25373.84,""red"":178220.53,""nh3"":54394.27,""nh3i"":72.8,""fs"":1791536400,""fe"":1791544345}",101.51,25373.84,178220.53,54394.27,72.8,10.9,26.9
2026-10-09 12:51:44.904570+02:00,2026-10-09 10:51:44.904570+00:00,,18.4,1.15,137.89,0.0,0.0,0.0,43.1,10.0,"{""atmo"":1,""ts"":""2026-10-09T10:51:44.904570+00:00"",""lux"":80.41,""ox"":28615.38,""red"":180015.33,""nh3"":62007.66,""nh3i"":69.0,""fs"":1791536400,""fe"":1791544345}",80.41,28615.38,180015.33,62007.66,69.0,10.0,43.1
2026-10-09 12:52:04.917848+02:00,2026-10-09 10:52:04.917848+00:00,,17.93,1.18,145.44,0.0,0.0,0.0,57.5,7.2,"{""atmo"":1,""ts"":""2026-10-09T10:52:04.917848+00:00"",""lux"":81.36,""ox"":31500.0,""red"":185568.63,""nh3"":68444.44,""nh3i"":65.8,""fs"":1791536400,""fe"":1791544345}",81.36,31500.0,185568.63,68444.44,65.8,7.2,57.5
2026-10-09 12:52:24.931554+02:00,2026-10-09 10:52:24.931554+00:00,,17.5,1.21,153.27,0.0,0.0,0.0,61.3,3.3,"{""atmo"":1,""ts"":""2026-10-09T10:52:24.931554+00:00"",""lux"":75.26,""ox"":32252.15,""red"":193392.71,""nh3"":73140.46,""nh3i"":63.4,""fs"":1791536400,""fe"":1791544345}",75.26,32252.15,193392.71,73140.46,63.4,3.3,61.3
2026-10-09 12:52:44.944738+02:00,2026-10-09 10:52:44.944738+00:00,,17.08,1.24,161.14,0.0,0.0,0.0,65.1,2.3,"{""atmo"":1,""ts"":""2026-10-09T10:52:44.944738+00:00"",""lux"":78.22,""ox"":33017.34,""red"":195428.57,""nh3"":76758.62,""nh3i"":61.6,""fs"":1791536400,""fe"":1791544345}",78.22,33017.34,195428.57,76758.62,61.6,2.3,65.1
2026-10-09 12:53:04.958017+02:00,2026-10-09 10:53:04.958017+00:00,,16.71,1.29,169.2,0.0,0.0,0.0,59.4,0.0,"{""atmo"":1,""ts"":""2026-10-09T10:53:04.958017+00:00"",""lux"":101.33,""ox"":31874.47,""red"":205016.95,""nh3"":79384.62,""nh3i"":60.3,""fs"":1791536400,""fe"":1791544345}",101.33,31874.47,205016.95,79384.62,60.3,0.0,59.4
2026-10-09 12:53:24.971568+02:00,2026-10-09 10:53:24.971568+00:00,,16.16,1.36,177.32,0.0,0.0,0.0,81.8,0.0,"{""atmo"":1,""ts"":""2026-10-09T10:53:24.971568+00:00"",""lux"":72.53,""ox"":36353.82,""red"":205016.95,""nh3"":90318.29,""nh3i"":54.8,""fs"":1791536400,""fe"":1791544345}",72.53,36353.82,205016.95,90318.29,54.8,0.0,81.8
2026-10-09 12:53:44.985279+02:00,2026-10-09 10:53:44.985279+00:00,,15.63,1.39,185.72,0.0,0.0,0.0,83.2,0.0,"{""atmo"":1,""ts"":""2026-10-09T10:53:44.985279+00:00"",""lux"":87.17,""ox"":36631.58,""red"":211826.09,""nh3"":95724.14,""nh3i"":52.1,""fs"":1791536400,""fe"":1791544345}",87.17,36631.58,211826.09,95724.14,52.1,0.0,83.2
2026-10-09 12:54:04.998555+02:00,2026-10-09 10:54:04.998555+00:00,,15.18,1.42,194.24,0.0,0.0,0.0,80.4,0.0,"{""atmo"":1,""ts"":""2026-10-09T10:54:04.998555+00:00"",""lux"":77.92,""ox"":36077.73,""red"":217777.78,""nh3"":100345.18,""nh3i"":49.8,""fs"":1791536400,""fe"":1791544345}",77.92,36077.73,217777.78,100345.18,49.8,0.0,80.4
2026-10-09 12:54:25.011625+02:00,2026-10-09 10:54:25.011625+00:00,,14.76,1.47,202.85,0.0,0.0,0.0,92.4,0.0,"{""atmo"":1,""ts"":""2026-10-09T10:54:25.011625+00:00"",""lux"":90.43,""ox"":38478.53,""red"":221477.48,""nh3"":111391.3,""nh3i"":44.3,""fs"":1791536400,""fe"":1791544345}",90.43,38478.53,221477.48,111391.3,44.3,0.0,92.4
2026-10-09 12:54:45.025452+02:00,2026-10-09 10:54:45.025452+00:00,,14.31,1.5,211.76,0.0,0.0,0.0,99.0,0.0,"{""atmo"":1,""ts"":""2026-10-09T10:54:45.025452+00:00"",""lux"":68.44,""ox"":39800.93,""red"":225278.54,""nh3"":118504.25,""nh3i"":40.7,""fs"":1791536400,""fe"":1791544345}",68.44,39800.93,225278.54,118504.25,40.7,0.0,99.0
2026-10-09 12:55:05.038735+02:00,2026-10-09 10:55:05.038735+00:00,,13.85,1.63,220.7,0.0,0.0,0.0,100.0,0.0,"{""atmo"":1,""ts"":""2026-10-09T10:55:05.038735+00:00"",""lux"":132.91,""ox"":41007.87,""red"":227870.97,""nh3"":128431.14,""nh3i"":35.8,""fs"":1791536400,""fe"":1791544345}",132.91,41007.87,227870.97,128431.14,35.8,0.0,100.0
2026-10-09 12:55:25.052165+02:00,2026-10-09 10:55:25.052165+00:00,,13.39,1.62,229.76,0.0,0.0,0.0,100.0,0.0,"{""atmo"":1,""ts"":""2026-10-09T10:55:25.052165+00:00"",""lux"":72.65,""ox"":41314.38,""red"":231850.47,""nh3"":137710.69,""nh3i"":31.1,""fs"":1791536400,""fe"":1791544345}",72.65,41314.38,231850.47,137710.69,31.1,0.0,100.0
2026-10-09 12:55:45.065481+02:00,2026-10-09 10:55:45.065481+00:00,,12.9,1.69,239.04,0.0,0.0,0.0,100.0,0.0,"{""atmo"":1,""ts"":""2026-10-09T10:55:45.065481+00:00"",""lux"":79.88,""ox"":40250.0,""red"":243029.13,""nh3"":145307.19,""nh3i"":27.3,""fs"":1791536400,""fe"":1791544345}",79.88,40250.0,243029.13,145307.19,27.3,0.0,100.0
2026-10-09 12:56:05.078957+02:00,2026-10-09 10:56:05.078957+00:00,,12.61,1.77,248.28,0.0,0.0,1.0,100.0,0.0,"{""atmo"":1,""ts"":""2026-10-09T10:56:05.078957+00:00"",""lux"":72.71,""ox"":41622.82,""red"":245960.78,""nh3"":156413.79,""nh3i"":21.8,""fs"":1791536400,""fe"":1791544345}",72.71,41622.82,245960.78,156413.79,21.8,0.0,100.0
2026-10-09 12:56:25.092462+02:00,2026-10-09 10:56:25.092462+00:00,,12.14,1.76,257.47,0.0,0.0,1.0,100.0,0.0,"{""atmo"":1,""ts"":""2026-10-09T10:56:25.092462+00:00"",""lux"":164.68,""ox"":41007.87,""red"":252000.0,""nh3"":162439.72,""nh3i"":18.8,""fs"":1791536400,""fe"":1791544345}",164.68,41007.87,252000.0,162439.72,18.8,0.0,100.0
2026-10-09 12:56:45.106053+02:00,2026-10-09 10:56:45.106053+00:00,,11.76,1.84,267.23,0.0,0.0,1.0,100.0,0.0,"{""atmo"":1,""ts"":""2026-10-09T10:56:45.106053+00:00"",""lux"":77.51,""ox"":41314.38,""red"":258285.71,""nh3"":172996.28,""nh3i"":13.5,""fs"":1791536400,""fe"":1791544345}",77.51,41314.38,258285.71,172996.28,13.5,0.0,100.0
2026-10-09 12:57:05.119426+02:00,2026-10-09 10:57:05.119426+00:00,,11.42,1.89,276.8,0.0,1.0,2.0,100.0,0.0,"{""atmo"":1,""ts"":""2026-10-09T10:57:05.119426+00:00"",""lux"":80.53,""ox"":42402.56,""red"":263170.98,""nh3"":185568.63,""nh3i"":7.2,""fs"":1791536400,""fe"":1791544345}",80.53,42402.56,263170.98,185568.63,7.2,0.0,100.0
2026-10-09 12:57:25.133047+02:00,2026-10-09 10:57:25.133047+00:00,,11.08,1.97,286.48,0.0,1.0,2.0,100.0,0.0,"{""atmo"":1,""ts"":""2026-10-09T10:57:25.133047+00:00"",""lux"":78.16,""ox"":40551.72,""red"":268210.53,""nh3"":189418.33,""nh3i"":5.3,""fs"":1791536400,""fe"":1791544345}",78.16,40551.72,268210.53,189418.33,5.3,0.0,100.0
2026-10-09 12:57:45.146457+02:00,2026-10-09 10:57:45.146457+00:00,,10.78,2.07,296.68,0.0,1.0,2.0,100.0,0.0,"{""atmo"":1,""ts"":""2026-10-09T10:57:45.146457+00:00"",""lux"":81.72,""ox"":40703.3,""red"":276972.97,""nh3"":201740.59,""nh3i"":0.0,""fs"":1791536400,""fe"":1791544345}",81.72,40703.3,276972.97,201740.59,0.0,0.0,100.0
2026-10-09 12:58:05.159818+02:00,2026-10-09 10:58:05.159818+00:00,,10.5,2.13,307.12,0.0,0.0,1.0,100.0,0.0,"{""atmo"":1,""ts"":""2026-10-09T10:58:05.159818+00:00"",""lux"":78.46,""ox"":41007.87,""red"":282461.54,""nh3"":210666.67,""nh3i"":0.0,""fs"":1791536400,""fe"":1791544345}",78.46,41007.87,282461.54,210666.67,0.0,0.0,100.0
2026-10-09 12:58:25.173257+02:00,2026-10-09 10:58:25.173257+00:00,,10.17,2.18,317.16,0.0,0.0,1.0,100.0,0.0,"{""atmo"":1,""ts"":""2026-10-09T10:58:25.173257+00:00"",""lux"":82.55,""ox"":40703.3,""red"":284331.49,""nh3"":215365.64,""nh3i"":0.0,""fs"":1791536400,""fe"":1791544345}",82.55,40703.3,284331.49,215365.64,0.0,0.0,100.0
2026-10-09 12:58:45.187363+02:00,2026-10-09 10:58:45.187363+00:00,,9.79,2.33,327.63,0.0,0.0,1.0,100.0,0.0,"{""atmo"":1,""ts"":""2026-10-09T10:58:45.187363+00:00"",""lux"":69.15,""ox"":41314.38,""red"":290067.42,""nh3"":227870.97,""nh3i"":0.0,""fs"":1791536400,""fe"":1791544345}",69.15,41314.38,290067.42,227870.97,0.0,0.0,100.0
2026-10-09 12:59:05.200150+02:00,2026-10-09 10:59:05.200150+00:00,,9.52,2.44,337.85,0.0,0.0,1.0,100.0,0.0,"{""atmo"":1,""ts"":""2026-10-09T10:59:05.200150+00:00"",""lux"":142.51,""ox"":42089.17,""red"":294000.0,""nh3"":237333.33,""nh3i"":0.0,""fs"":1791536400,""fe"":1791544345}",142.51,42089.17,294000.0,237333.33,0.0,0.0,100.0
2026-10-09 12:59:25.214335+02:00,2026-10-09 10:59:25.214335+00:00,,9.26,2.53,348.44,0.0,0.0,2.0,100.0,0.0,"{""atmo"":1,""ts"":""2026-10-09T10:59:25.214335+00:00"",""lux"":76.97,""ox"":41933.23,""red"":298022.99,""nh3"":243029.13,""nh3i"":0.0,""fs"":1791536400,""fe"":1791544345}",76.97,41933.23,298022.99,243029.13,0.0,0.0,100.0
2026-10-09 12:59:45.227614+02:00,2026-10-09 10:59:45.227614+00:00,,9.01,2.68,358.6,0.0,0.0,2.0,100.0,0.0,"{""atmo"":1,""ts"":""2026-10-09T10:59:45.227614+00:00"",""lux"":91.43,""ox"":43194.85,""red"":308497.04,""nh3"":258285.71,""nh3i"":0.0,""fs"":1791536400,""fe"":1791544345}",91.43,43194.85,308497.04,258285.71,0.0,0.0,100.0
2026-10-09 13:00:05.241653+02:00,2026-10-09 11:00:05.241653+00:00,,8.93,2.77,369.38,0.0,1.0,2.0,100.0,0.0,"{""atmo"":1,""ts"":""2026-10-09T11:00:05.241653+00:00"",""lux"":106.96,""ox"":41468.35,""red"":310666.67,""nh3"":255111.11,""nh3i"":0.0,""fs"":1791536400,""fe"":1791544345}",106.96,41468.35,310666.67,255111.11,0.0,0.0,100.0
2026-10-09 13:00:25.254854+02:00,2026-10-09 11:00:25.254854+00:00,,8.74,2.86,380.23,0.0,0.0,1.0,100.0,0.0,"{""atmo"":1,""ts"":""2026-10-09T11:00:25.254854+00:00"",""lux"":75.85,""ox"":40855.35,""red"":315084.34,""nh3"":261525.77,""nh3i"":0.0,""fs"":1791536400,""fe"":1791544345}",75.85,40855.35,315084.34,261525.77,0.0,0.0,100.0
2026-10-09 13:00:45.268211+02:00,2026-10-09 11:00:45.268211+00:00,,8.63,2.91,390.97,0.0,0.0,1.0,100.0,0.0,"{""atmo"":1,""ts"":""2026-10-09T11:00:45.268211+00:00"",""lux"":90.31,""ox"":41314.38,""red"":319609.76,""nh3"":269925.93,""nh3i"":0.0,""fs"":1791536400,""fe"":1791544345}",90.31,41314.38,319609.76,269925.93,0.0,0.0,100.0
2026-10-09 13:01:05.281863+02:00,2026-10-09 11:01:05.281863+00:00,,8.48,2.94,401.35,0.0,0.0,1.0,100.0,0.0,"{""atmo"":1,""ts"":""2026-10-09T11:01:05.281863+00:00"",""lux"":73.54,""ox"":40703.3,""red"":321914.11,""nh3"":275182.8,""nh3i"":0.0,""fs"":1791536400,""fe"":1791544345}",73.54,40703.3,321914.11,275182.8,0.0,0.0,100.0
2026-10-09 13:01:25.295286+02:00,2026-10-09 11:01:25.295286+00:00,,8.39,3.0,411.97,0.0,0.0,1.0,100.0,0.0,"{""atmo"":1,""ts"":""2026-10-09T11:01:25.295286+00:00"",""lux"":71.52,""ox"":40250.0,""red"":324246.91,""nh3"":282461.54,""nh3i"":0.0,""fs"":1791536400,""fe"":1791544345}",71.52,40250.0,324246.91,282461.54,0.0,0.0,100.0
2026-10-09 13:01:45.309063+02:00,2026-10-09 11:01:45.309063+00:00,,8.13,3.05,422.99,0.0,0.0,1.0,100.0,0.0,"{""atmo"":1,""ts"":""2026-10-09T11:01:45.309063+00:00"",""lux"":130.66,""ox"":41622.82,""red"":326608.7,""nh3"":300069.36,""nh3i"":0.0,""fs"":1791536400,""fe"":1791544345}",130.66,41622.82,326608.7,300069.36,0.0,0.0,100.0
2026-10-09 13:02:05.322390+02:00,2026-10-09 11:02:05.322390+00:00,,8.09,3.11,434.69,0.0,0.0,1.0,100.0,0.0,"{""atmo"":1,""ts"":""2026-10-09T11:02:05.322390+00:00"",""lux"":67.91,""ox"":41160.88,""red"":326608.7,""nh3"":302139.53,""nh3i"":0.0,""fs"":1791536400,""fe"":1791544345}",67.91,41160.88,326608.7,302139.53,0.0,0.0,100.0
2026-10-09 13:02:25.336743+02:00,2026-10-09 11:02:25.336743+00:00,,7.87,3.16,446.27,0.0,0.0,1.0,100.0,0.0,"{""atmo"":1,""ts"":""2026-10-09T11:02:25.336743+00:00"",""lux"":82.55,""ox"":42560.0,""red"":329000.0,""nh3"":315084.34,""nh3i"":0.0,""fs"":1791536400,""fe"":1791544345}",82.55,42560.0,329000.0,315084.34,0.0,0.0,100.0
2026-10-09 13:02:45.350059+02:00,2026-10-09 11:02:45.350059+00:00,,7.82,3.22,457.67,0.0,1.0,2.0,100.0,0.0,"{""atmo"":1,""ts"":""2026-10-09T11:02:45.350059+00:00"",""lux"":104.77,""ox"":42717.95,""red"":326608.7,""nh3"":312862.28,""nh3i"":0.0,""fs"":1791536400,""fe"":1791544345}",104.77,42717.95,326608.7,312862.28,0.0,0.0,100.0
2026-10-09 13:03:05.363345+02:00,2026-10-09 11:03:05.363345+00:00,,7.83,3.24,468.98,0.0,1.0,3.0,100.0,0.0,"{""atmo"":1,""ts"":""2026-10-09T11:03:05.363345+00:00"",""lux"":68.92,""ox"":43837.93,""red"":329000.0,""nh3"":319609.76,""nh3i"":0.0,""fs"":1791536400,""fe"":1791544345}",68.92,43837.93,329000.0,319609.76,0.0,0.0,100.0
2026-10-09 13:03:25.376872+02:00,2026-10-09 11:03:25.376872+00:00,,7.83,3.21,480.65,0.0,1.0,3.0,100.0,0.0,"{""atmo"":1,""ts"":""2026-10-09T11:03:25.376872+00:00"",""lux"":70.93,""ox"":45818.18,""red"":329000.0,""nh3"":324246.91,""nh3i"":0.0,""fs"":1791536400,""fe"":1791544345}",70.93,45818.18,329000.0,324246.91,0.0,0.0,100.0
2026-10-09 13:03:45.390367+02:00,2026-10-09 11:03:45.390367+00:00,,7.67,3.42,492.61,0.0,1.0,3.0,100.0,0.0,"{""atmo"":1,""ts"":""2026-10-09T11:03:45.390367+00:00"",""lux"":77.33,""ox"":47878.58,""red"":333873.42,""nh3"":331421.38,""nh3i"":0.0,""fs"":1791536400,""fe"":1791544345}",77.33,47878.58,333873.42,331421.38,0.0,0.0,100.0
2026-10-09 13:04:05.404467+02:00,2026-10-09 11:04:05.404467+00:00,,7.64,3.82,505.79,0.0,1.0,2.0,100.0,0.0,"{""atmo"":1,""ts"":""2026-10-09T11:04:05.404467+00:00"",""lux"":81.77,""ox"":44653.59,""red"":333873.42,""nh3"":315084.34,""nh3i"":0.0,""fs"":1791536400,""fe"":1791544345}",81.77,44653.59,333873.42,315084.34,0.0,0.0,100.0
2026-10-09 13:04:25.417668+02:00,2026-10-09 11:04:25.417668+00:00,,7.55,5.76,517.95,0.0,1.0,2.0,80.4,0.0,"{""atmo"":1,""ts"":""2026-10-09T11:04:25.417668+00:00"",""lux"":111.52,""ox"":36077.73,""red"":354666.67,""nh3"":264833.33,""nh3i"":0.0,""fs"":1791536400,""fe"":1791544345}",111.52,36077.73,354666.67,264833.33,0.0,0.0,80.4
2026-10-09 13:04:45.430521+02:00,2026-10-09 11:04:45.430521+00:00,,7.62,6.79,529.82,0.0,1.0,2.0,53.8,0.0,"{""atmo"":1,""ts"":""2026-10-09T11:04:45.430521+00:00"",""lux"":73.0,""ox"":30760.56,""red"":368827.59,""nh3"":240153.85,""nh3i"":0.0,""fs"":1791536400,""fe"":1791544345}",73.0,30760.56,368827.59,240153.85,0.0,0.0,53.8
2026-10-09 13:05:05.444603+02:00,2026-10-09 11:05:05.444603+00:00,,7.67,8.58,541.38,0.0,1.0,3.0,30.7,0.0,"{""atmo"":1,""ts"":""2026-10-09T11:05:05.444603+00:00"",""lux"":64.23,""ox"":26133.33,""red"":380879.43,""nh3"":214175.44,""nh3i"":0.0,""fs"":1791536400,""fe"":1791544345}",64.23,26133.33,380879.43,214175.44,0.0,0.0,30.7
2026-10-09 13:05:25.458370+02:00,2026-10-09 11:05:25.458370+00:00,,7.69,10.82,553.07,0.0,1.0,3.0,13.9,0.0,"{""atmo"":1,""ts"":""2026-10-09T11:05:25.458370+00:00"",""lux"":74.84,""ox"":22772.38,""red"":390376.81,""nh3"":195428.57,""nh3i"":2.3,""fs"":1791536400,""fe"":1791544345}",74.84,22772.38,390376.81,195428.57,2.3,0.0,13.9
2026-10-09 13:05:45.471659+02:00,2026-10-09 11:05:45.471659+00:00,,7.63,20.09,565.53,0.0,1.0,3.0,0.0,0.0,"{""atmo"":1,""ts"":""2026-10-09T11:05:45.471659+00:00"",""lux"":100.91,""ox"":18306.39,""red"":396941.18,""nh3"":155683.85,""nh3i"":22.2,""fs"":1791536400,""fe"":1791544345}",100.91,18306.39,396941.18,155683.85,22.2,0.0,0.0
2026-10-09 13:06:05.485116+02:00,2026-10-09 11:06:05.485116+00:00,,7.72,16.54,577.26,0.0,1.0,1.0,0.0,0.0,"{""atmo"":1,""ts"":""2026-10-09T11:06:05.485116+00:00"",""lux"":30.81,""ox"":16641.51,""red"":410666.67,""nh3"":158634.15,""nh3i"":20.7,""fs"":1791536400,""fe"":1791544345}",30.81,16641.51,410666.67,158634.15,20.7,0.0,0.0
2026-10-09 13:06:25.499356+02:00,2026-10-09 11:06:25.499356+00:00,,7.74,18.07,589.87,0.0,1.0,1.0,0.0,0.0,"{""atmo"":1,""ts"":""2026-10-09T11:06:25.499356+00:00"",""lux"":68.44,""ox"":15711.29,""red"":421519.38,""nh3"":157888.89,""nh3i"":21.1,""fs"":1791536400,""fe"":1791544345}",68.44,15711.29,421519.38,157888.89,21.1,0.0,0.0
2026-10-09 13:06:45.512778+02:00,2026-10-09 11:06:45.512778+00:00,,7.71,19.97,602.41,0.0,1.0,1.0,0.0,0.0,"{""atmo"":1,""ts"":""2026-10-09T11:06:45.512778+00:00"",""lux"":130.43,""ox"":15296.3,""red"":421519.38,""nh3"":157148.79,""nh3i"":21.4,""fs"":1791536400,""fe"":1791544345}",130.43,15296.3,421519.38,157148.79,21.4,0.0,0.0
2026-10-09 13:07:05.526413+02:00,2026-10-09 11:07:05.526413+00:00,,7.7,20.54,614.93,0.0,1.0,1.0,0.0,0.0,"{""atmo"":1,""ts"":""2026-10-09T11:07:05.526413+00:00"",""lux"":73.6,""ox"":14967.74,""red"":429039.37,""nh3"":160140.35,""nh3i"":19.9,""fs"":1791536400,""fe"":1791544345}",73.6,14967.74,429039.37,160140.35,19.9,0.0,0.0
2026-10-09 13:07:25.539837+02:00,2026-10-09 11:07:25.539837+00:00,,7.86,22.5,628.23,0.0,1.0,1.0,0.0,0.0,"{""atmo"":1,""ts"":""2026-10-09T11:07:25.539837+00:00"",""lux"":64.89,""ox"":14723.31,""red"":429039.37,""nh3"":160140.35,""nh3i"":19.9,""fs"":1791536400,""fe"":1791544345}",64.89,14723.31,429039.37,160140.35,19.9,0.0,0.0
2026-10-09 13:07:45.553292+02:00,2026-10-09 11:07:45.553292+00:00,,7.91,23.23,643.09,0.0,1.0,1.0,0.0,0.0,"{""atmo"":1,""ts"":""2026-10-09T11:07:45.553292+00:00"",""lux"":81.72,""ox"":14886.08,""red"":432888.89,""nh3"":168000.0,""nh3i"":16.0,""fs"":1791536400,""fe"":1791544345}",81.72,14886.08,432888.89,168000.0,16.0,0.0,0.0
2026-10-09 13:08:05.568101+02:00,2026-10-09 11:08:05.568101+00:00,,8.01,24.35,656.54,1.0,1.0,1.0,0.0,0.0,"{""atmo"":1,""ts"":""2026-10-09T11:08:05.568101+00:00"",""lux"":56.83,""ox"":14804.6,""red"":432888.89,""nh3"":166382.67,""nh3i"":16.8,""fs"":1791536400,""fe"":1791544345}",56.83,14804.6,432888.89,166382.67,16.8,0.0,0.0
2026-10-09 13:08:25.581443+02:00,2026-10-09 11:08:25.581443+00:00,,8.2,25.63,668.6,1.0,1.0,1.0,0.0,0.0,"{""atmo"":1,""ts"":""2026-10-09T11:08:25.581443+00:00"",""lux"":75.08,""ox"":14804.6,""red"":432888.89,""nh3"":168000.0,""nh3i"":16.0,""fs"":1791536400,""fe"":1791544345}",75.08,14804.6,432888.89,168000.0,16.0,0.0,0.0
2026-10-09 13:08:45.595491+02:00,2026-10-09 11:08:45.595491+00:00,,8.34,26.66,681.66,1.0,1.0,1.0,0.0,0.0,"{""atmo"":1,""ts"":""2026-10-09T11:08:45.595491+00:00"",""lux"":58.9,""ox"":14886.08,""red"":429039.37,""nh3"":168817.52,""nh3i"":15.6,""fs"":1791536400,""fe"":1791544345}",58.9,14886.08,429039.37,168817.52,15.6,0.0,0.0
2026-10-09 13:09:05.608802+02:00,2026-10-09 11:09:05.608802+00:00,,8.48,28.83,695.82,1.0,1.0,1.0,0.0,0.0,"{""atmo"":1,""ts"":""2026-10-09T11:09:05.608802+00:00"",""lux"":72.23,""ox"":14561.28,""red"":432888.89,""nh3"":164000.0,""nh3i"":18.0,""fs"":1791536400,""fe"":1791544345}",72.23,14561.28,432888.89,164000.0,18.0,0.0,0.0
2026-10-09 13:09:25.622157+02:00,2026-10-09 11:09:25.622157+00:00,,8.59,30.95,710.1,1.0,1.0,1.0,0.0,0.0,"{""atmo"":1,""ts"":""2026-10-09T11:09:25.622157+00:00"",""lux"":70.22,""ox"":14480.55,""red"":429039.37,""nh3"":162439.72,""nh3i"":18.8,""fs"":1791536400,""fe"":1791544345}",70.22,14480.55,429039.37,162439.72,18.8,0.0,0.0
2026-10-09 13:09:45.635176+02:00,2026-10-09 11:09:45.635176+00:00,,8.83,31.38,724.48,1.0,1.0,1.0,0.0,0.0,"{""atmo"":1,""ts"":""2026-10-09T11:09:45.635176+00:00"",""lux"":75.37,""ox"":14400.0,""red"":432888.89,""nh3"":163217.08,""nh3i"":18.4,""fs"":1791536400,""fe"":1791544345}",75.37,14400.0,432888.89,163217.08,18.4,0.0,0.0
2026-10-09 13:10:05.647688+02:00,2026-10-09 11:10:05.647688+00:00,,9.08,31.5,736.84,1.0,1.0,1.0,0.0,0.0,"{""atmo"":1,""ts"":""2026-10-09T11:10:05.647688+00:00"",""lux"":68.38,""ox"":14723.31,""red"":432888.89,""nh3"":167188.41,""nh3i"":16.4,""fs"":1791536400,""fe"":1791544345}",68.38,14723.31,432888.89,167188.41,16.4,0.0,0.0
2026-10-09 13:10:25.661466+02:00,2026-10-09 11:10:25.661466+00:00,,9.4,32.08,750.54,1.0,1.0,1.0,0.0,0.0,"{""atmo"":1,""ts"":""2026-10-09T11:10:25.661466+00:00"",""lux"":70.34,""ox"":14723.31,""red"":429039.37,""nh3"":164788.53,""nh3i"":17.6,""fs"":1791536400,""fe"":1791544345}",70.34,14723.31,429039.37,164788.53,17.6,0.0,0.0
2026-10-09 13:10:45.675176+02:00,2026-10-09 11:10:45.675176+00:00,,9.82,33.02,765.5,1.0,1.0,1.0,0.0,0.0,"{""atmo"":1,""ts"":""2026-10-09T11:10:45.675176+00:00"",""lux"":69.15,""ox"":14804.6,""red"":429039.37,""nh3"":164000.0,""nh3i"":18.0,""fs"":1791536400,""fe"":1791544345}",69.15,14804.6,429039.37,164000.0,18.0,0.0,0.0
2026-10-09 13:11:05.688616+02:00,2026-10-09 11:11:05.688616+00:00,,10.06,33.91,780.94,1.0,1.0,1.0,0.0,0.0,"{""atmo"":1,""ts"":""2026-10-09T11:11:05.688616+00:00"",""lux"":77.51,""ox"":15049.6,""red"":429039.37,""nh3"":164000.0,""nh3i"":18.0,""fs"":1791536400,""fe"":1791544345}",77.51,15049.6,429039.37,164000.0,18.0,0.0,0.0
2026-10-09 13:11:25.701777+02:00,2026-10-09 11:11:25.701777+00:00,,10.27,36.31,797.3,1.0,1.0,1.0,0.0,0.0,"{""atmo"":1,""ts"":""2026-10-09T11:11:25.701777+00:00"",""lux"":67.14,""ox"":14886.08,""red"":421519.38,""nh3"":159384.62,""nh3i"":20.3,""fs"":1791536400,""fe"":1791544345}",67.14,14886.08,421519.38,159384.62,20.3,0.0,0.0
2026-10-09 13:11:45.715314+02:00,2026-10-09 11:11:45.715314+00:00,,10.63,37.39,814.04,1.0,1.0,1.0,0.0,0.0,"{""atmo"":1,""ts"":""2026-10-09T11:11:45.715314+00:00"",""lux"":86.93,""ox"":14642.2,""red"":425250.0,""nh3"":156413.79,""nh3i"":21.8,""fs"":1791536400,""fe"":1791544345}",86.93,14642.2,425250.0,156413.79,21.8,0.0,0.0
2026-10-09 13:12:05.728724+02:00,2026-10-09 11:12:05.728724+00:00,,11.01,38.36,831.58,0.0,0.0,0.0,0.0,0.0,"{""atmo"":1,""ts"":""2026-10-09T11:12:05.728724+00:00"",""lux"":76.32,""ox"":14723.31,""red"":417846.15,""nh3"":156413.79,""nh3i"":21.8,""fs"":1791536400,""fe"":1791544345}",76.32,14723.31,417846.15,156413.79,21.8,0.0,0.0
2026-10-09 13:12:25.742104+02:00,2026-10-09 11:12:25.742104+00:00,,11.4,38.4,850.62,0.0,0.0,0.0,0.0,0.0,"{""atmo"":1,""ts"":""2026-10-09T11:12:25.742104+00:00"",""lux"":73.12,""ox"":14642.2,""red"":417846.15,""nh3"":152813.56,""nh3i"":23.6,""fs"":1791536400,""fe"":1791544345}",73.12,14642.2,417846.15,152813.56,23.6,0.0,0.0
